site        roi         bsf         bdr         dsi         osi         dcv         ocv         
------------------------------------------------------------------------------------------------
2           0           3.84        300         0.205091    0.980977    0.866445    0.160741    
2           1           3.84        300         0.137665    0.789709    0.945801    0.389402    
2           2           3.84        0           0.246349    0.513397    0.851179    0.672471    
2           3           2.56        0           0.304607    0.541586    0.954805    0.611145    
2           4           5.12        0           0.00377103  0.960885    0.962673    0.252265    
2           5           5.12        120         0.200698    0.689695    0.89332     0.593325    
2           6           1.92        60          0.441116    0.981476    0.692475    0.242968    
2           7           3.84        300         0.133959    0.469944    0.92843     0.734608    
2           8           3.84        0           0.134228    0.601449    0.888722    0.683321    
2           9           3.84        150         0.0162821   0.747581    0.895526    0.634449    
2           10          2.56        270         0.300879    0.523184    0.893426    0.736217    
2           11          5.12        0           0.146473    0.85556     0.899869    0.329784    
2           12          2.56        300         0.326213    0.53058     0.799029    0.711458    
2           13          1.28        120         0.392628    0.938133    0.720034    0.399968    
2           14          2.56        150         0.0368455   0.303158    0.92889     0.792108    
2           15          2.56        330         0.125052    0.335362    0.944238    0.792229    
2           16          2.56        120         0.117386    0.497523    0.938939    0.738288    
2           17          3.84        240         0.161664    0.782606    0.935375    0.409488    
2           18          2.56        270         0.0453352   0.222628    0.954998    0.865327    
2           19          2.56        120         0.101413    0.459701    0.859565    0.756081    
2           20          3.84        300         0.0957323   0.0466143   0.954232    0.920283    
2           21          2.56        270         0.199846    0.384251    0.919731    0.819675    
2           22          1.92        30          0.530836    0.976413    0.503896    0.253212    
2           23          3.84        150         0.134501    0.305476    0.994567    0.847997    
2           24          5.12        300         0.404438    0.28842     0.89207     0.820286    
2           25          0.96        270         0.734561    0.258553    0.572289    0.76606     
2           26          2.56        0           0.132217    0.547076    0.950725    0.655876    
2           27          1.92        330         0.253931    0.261602    0.879399    0.86177     
2           28          2.56        270         0.212244    0.0916469   0.962822    0.974441    
2           29          3.84        0           0.180313    0.459706    0.91993     0.778938    
2           30          3.84        30          0.172614    0.623908    0.915913    0.684164    
2           31          3.84        30          0.283164    0.93352     0.828013    0.448197    
2           32          3.84        300         0.199092    0.213668    0.959898    0.923644    
2           33          7.68        150         0.123183    0.743155    0.886784    0.511386    
2           34          2.56        270         0.283867    0.0783961   0.919275    0.846054    
2           35          3.84        120         0.204675    0.125277    0.885842    0.971709    
2           36          2.56        210         0.0754791   0.33903     0.957389    0.843794    
2           37          3.84        330         0.132456    0.228325    0.92418     0.880481    
2           38          2.56        120         0.178194    0.258812    0.967869    0.842474    
2           39          3.84        0           0.126081    0.249219    0.909154    0.872813    
2           40          2.56        120         0.337216    0.262421    0.925982    0.89459     
2           41          3.84        0           0.203118    0.847715    0.903321    0.337714    
2           42          2.56        330         0.00272401  0.283899    0.992887    0.817323    
2           43          2.56        330         0.13156     0.378016    0.944831    0.727087    
2           44          3.84        330         0.00218515  0.363711    0.986025    0.847921    
2           45          3.84        0           0.22801     0.252284    0.923865    0.870312    
2           46          1.92        30          0.528106    0.580718    0.805765    0.575171    
2           47          7.68        270         0.078555    0.148121    0.993981    0.875687    
2           48          7.68        120         0.232364    0.248465    0.91889     0.863689    
2           49          3.84        0           0.147844    0.543099    0.954067    0.718082    
2           50          1.28        30          0.7472      0.51833     0.558341    0.661952    
2           51          0.96        0           0.350423    0.871477    0.582332    0.332056    
2           52          3.84        30          0.041023    0.886428    0.966556    0.374758    
2           53          3.84        150         0.0720214   0.474667    0.952997    0.731968    
2           54          3.84        30          0.145635    0.803343    0.942279    0.571715    
2           55          5.12        0           0.0322872   0.886462    0.894696    0.294711    
2           56          2.56        210         0.185511    0.318624    0.91574     0.841255    
2           57          3.84        0           0.193214    0.82986     0.849292    0.468332    
2           58          3.84        0           0.0957203   0.1237      0.984491    0.953709    
2           59          3.84        150         0.120577    0.563687    0.941569    0.608107    
2           60          1.92        210         0.135608    0.479772    0.975251    0.741142    
2           61          3.84        0           0.224253    0.847343    0.882253    0.426191    
2           62          2.56        330         0.125975    0.113369    0.966632    0.906179    
2           63          2.56        240         0.162278    0.041375    0.957385    0.973996    
2           64          3.84        210         0.000686294 0.614425    0.969883    0.645321    
2           65          5.12        0           0.0183498   0.903621    0.899042    0.24545     
2           66          1.92        0           0.0658316   0.267826    0.979664    0.840467    
2           67          0.64        150         0.377588    0.775116    0.739869    0.676119    
2           68          5.12        180         0.0513732   0.860627    0.951141    0.349424    
2           69          3.84        30          0.157202    0.707106    0.908409    0.654128    
2           70          2.56        180         0.11171     0.399254    0.941259    0.771037    
2           71          3.84        30          0.0638475   0.532809    0.911807    0.677282    
2           72          2.56        330         0.0195652   0.91676     0.933574    0.213237    
2           73          7.68        180         0.0821645   0.702061    0.953998    0.624829    
2           74          1.92        240         0.340902    0.117936    0.898052    0.9796      
2           75          5.12        150         0.0809577   0.825417    0.89968     0.392549    
2           76          5.12        150         0.0639875   0.820829    0.927789    0.417885    
2           77          2.56        150         0.0913183   0.754983    0.892655    0.42753     
2           78          3.84        330         0.215643    0.578653    0.817834    0.578734    
2           79          5.12        330         0.129221    0.67117     0.928763    0.594965    
2           80          3.84        150         0.122481    0.838064    0.995121    0.382422    
2           81          5.12        180         0.0345146   0.807926    0.970445    0.422208    
2           82          7.68        330         0.084679    0.86578     0.941476    0.32767     
2           83          7.68        0           0.0296593   0.584965    0.960328    0.639665    
2           84          7.68        0           0.00817383  0.623355    0.959629    0.645477    
2           85          3.84        120         0.401945    0.530482    0.807544    0.622012    
2           86          5.12        150         0.0782319   0.932634    0.914019    0.261383    
2           87          5.12        150         0.225105    0.942983    0.768073    0.205324    
2           88          7.68        330         0.00379289  0.776033    0.979223    0.503983    
2           89          5.12        150         0.119184    0.802459    0.915929    0.436559    
2           90          7.68        330         0.602233    0.310993    0.799089    0.499409    
2           91          7.68        150         0.078939    0.884497    0.945611    0.315978    
2           92          3.84        0           0.139161    0.523727    0.933852    0.791017    
2           93          5.12        30          0.297048    0.827228    0.763732    0.298288    
2           94          5.12        150         0.117266    0.879193    0.886334    0.414214    
2           95          5.12        30          0.0293856   0.634833    0.934568    0.694821    
2           96          7.68        150         0.0990384   0.785762    0.955593    0.354045    
2           97          5.12        180         0.276656    0.811601    0.843374    0.428216    
2           98          7.68        0           0.00643188  0.798746    0.955924    0.432603    
2           99          3.84        120         0.126516    0.275027    0.87131     0.875477    
2           100         7.68        330         0.062535    0.880867    0.926668    0.383873    
2           101         5.12        150         0.123569    0.631303    0.91638     0.540635    
2           102         3.84        30          0.0962457   0.760705    0.908478    0.642278    
2           103         7.68        330         0.0894215   0.88558     0.94061     0.403525    
2           104         7.68        120         0.173276    0.829042    0.896935    0.391428    
2           105         7.68        0           0.038678    0.44893     0.932312    0.811227    
2           106         7.68        330         0.0306421   0.794824    0.984152    0.470725    
2           107         7.68        330         0.0622932   0.52857     0.927045    0.617955    
2           108         3.84        60          0.033119    0.682674    0.959618    0.620835    
2           109         7.68        330         0.143082    0.729611    0.889159    0.501247    
2           110         7.68        150         0.0200541   0.820494    0.941821    0.397891    
2           111         7.68        330         0.120298    0.72383     0.939542    0.612048    
2           112         7.68        120         0.0470555   0.71574     0.952921    0.579289    
2           113         7.68        330         0.201748    0.506476    0.957401    0.639268    
2           114         7.68        300         0.00345561  0.727387    0.881138    0.463559    
2           115         7.68        150         0.0970659   0.836334    0.972514    0.379827    
2           116         3.84        240         0.140833    0.912309    0.925672    0.320701    
2           117         7.68        240         0.242351    0.401474    0.83463     0.78744     
2           118         7.68        330         0.180977    0.592169    0.940491    0.657592    
2           119         3.84        240         0.0845251   0.853726    0.943146    0.393769    
2           120         3.84        240         0.0921563   0.695343    0.970694    0.405188    
2           121         3.84        240         0.0861939   0.852706    0.927412    0.382384    
2           122         7.68        330         0.156351    0.597524    0.917296    0.581679    
2           123         7.68        120         0.124149    0.728468    0.934379    0.577118    
2           124         7.68        330         0.0588752   0.636692    0.956511    0.584643    
2           125         7.68        330         0.200217    0.830686    0.973562    0.623928    
2           126         7.68        120         0.166765    0.686726    0.904971    0.571544    
2           127         7.68        90          0.258107    0.701898    0.91779     0.502284    
2           128         5.12        150         0.107629    0.562716    0.935367    0.656408    
2           129         7.68        0           0.257861    0.416661    0.831867    0.729826    
2           130         5.12        240         0.144571    0.970124    0.919104    0.196229    
2           131         7.68        330         0.025307    0.712617    0.938861    0.531609    
2           132         7.68        240         0.119989    0.591914    0.961274    0.649051    
2           133         5.12        240         0.167658    0.931394    0.897537    0.33446     
2           134         2.56        270         1           0.389726    0.411844    0.602439    
2           135         7.68        330         0.182186    0.225054    0.979811    0.807626    
2           136         3.84        90          0.419165    0.616622    0.814768    0.684628    
2           137         2.56        240         0.651825    -0.102822   0.552033    0.967813    
2           138         5.12        240         0.0493956   0.842711    0.947512    0.380769    
2           139         3.84        120         0.330345    0.380235    0.814811    0.875126    
2           140         7.68        240         0.0773088   0.897878    0.939338    0.398645    
2           141         7.68        240         0.1322      0.732872    0.939733    0.577102    
2           142         7.68        330         0.260577    0.29345     0.925972    0.823987    
2           143         7.68        240         0.024431    0.947303    0.966497    0.273711    
2           144         7.68        210         0.295772    0.565538    0.827778    0.512044    
2           145         7.68        0           0.262893    0.34116     0.975814    0.84507     
2           146         3.84        180         1           1           0.268433    0.641486    
3           0           3.84        60          0.0546989   0.880018    0.958481    0.384979    
3           1           1.92        270         0.145028    0.664428    0.851221    0.657359    
3           2           2.56        300         0.176884    0.889647    0.835447    0.403398    
3           3           3.84        0           0.0751155   0.844655    0.971286    0.514523    
3           4           3.84        300         0.0980228   1           0.851922    0.15794     
3           5           0.64        120         0.445794    0.399223    0.742553    0.823745    
3           6           3.84        60          0.159455    0.950507    0.907607    0.312048    
3           7           5.12        120         0.324684    0.339948    0.93211     0.722944    
3           8           5.12        120         0.0867305   0.468822    0.984201    0.698185    
3           9           2.56        150         0.361878    0.437393    0.881315    0.583341    
3           10          1.28        30          0.691358    0.265809    0.615424    0.800448    
3           11          2.56        330         0.223917    0.471653    0.86186     0.745392    
3           12          2.56        300         0.0809975   0.569891    0.922995    0.73373     
3           13          5.12        210         0.146601    0.795608    0.945749    0.537127    
3           14          2.56        240         0.0657086   0.452021    0.902494    0.767779    
3           15          2.56        300         0.0495012   0.285632    0.989028    0.830498    
3           16          1.92        300         0.163548    0.342035    0.987025    0.83627     
3           17          1.92        330         0.188854    0.337188    0.912959    0.811904    
3           18          2.56        180         0.233502    0.236364    0.945763    0.834162    
3           19          10.24       270         0.0189935   0.335113    0.920294    0.820152    
3           20          2.56        300         0.12221     0.226849    0.957926    0.855702    
3           21          2.56        300         0.349518    -0.0020667  0.876271    0.947829    
3           22          1.92        0           0.244485    0.7547      0.913725    0.468806    
3           23          1.92        300         0.410842    0.0415202   0.893007    0.85405     
3           24          1.92        300         0.280234    0.138003    0.914244    0.792123    
3           25          2.56        300         0.0899037   0.248947    0.971597    0.935676    
3           26          2.56        300         0.205543    0.0685015   0.932679    0.95193     
3           27          2.56        180         0.349561    0.3354      0.900237    0.825719    
3           28          2.56        0           0.360722    0.671242    0.876957    0.659229    
3           29          1.92        240         0.188074    0.163179    0.917156    0.929657    
3           30          5.12        210         0.175959    1           0.908417    0.178445    
3           31          1.92        300         0.634072    0.294873    0.820685    0.852606    
3           32          1.92        300         0.208085    0.277088    0.953037    0.842874    
3           33          0.64        180         0.244627    0.15812     0.791473    0.909514    
3           34          1.92        150         0.189544    0.289471    0.932643    0.827849    
3           35          5.12        150         0.00246754  0.479313    0.933081    0.698742    
3           36          5.12        0           0.0953606   1           0.968781    0.214566    
3           37          7.68        180         0.234762    0.422791    0.891203    0.809684    
3           38          5.12        150         0.17064     0.313407    0.901066    0.796303    
3           39          1.28        0           0.380259    0.0755809   0.894753    0.898308    
3           40          5.12        330         0.0762093   0.801265    0.943884    0.668002    
3           41          1.28        30          0.301998    0.552345    0.864041    0.708235    
3           42          10.24       300         0.275694    0.396498    0.929738    0.572061    
3           43          2.56        150         0.14733     0.453384    0.974248    0.70812     
3           44          3.84        0           0.198932    0.965257    0.844268    0.308781    
3           45          3.84        60          0.0145579   0.410137    0.973274    0.793843    
3           46          5.12        0           0.123272    0.93794     0.973419    0.404323    
3           47          2.56        180         0.374011    0.2786      0.903891    0.942626    
3           48          2.56        180         0.329877    0.120727    0.895789    0.94372     
3           49          1.92        210         0.144217    0.212971    0.948598    0.854631    
3           50          5.12        0           0.103386    0.839431    0.978225    0.425146    
3           51          3.84        0           0.0985189   0.916647    0.955428    0.364786    
3           52          5.12        210         0.184135    0.599087    0.917905    0.725336    
3           53          5.12        150         0.0154604   0.472234    0.980104    0.715503    
3           54          1.92        0           0.383091    1           0.767813    0.24467     
3           55          2.56        270         0.267232    -0.0336938  0.878084    0.955774    
3           56          3.84        150         0.294465    0.739022    0.790457    0.602971    
3           57          5.12        180         0.06482     1           0.906011    0.185165    
3           58          2.56        150         0.165026    0.410077    0.945657    0.767693    
3           59          5.12        330         0.00943745  0.649015    0.948194    0.751666    
3           60          3.84        0           0.018394    0.896409    0.952113    0.439685    
3           61          10.24       0           0.0413032   0.851179    0.980357    0.550359    
3           62          2.56        330         0.0329674   1           0.917946    0.144369    
3           63          3.84        150         0.153084    0.80487     0.905134    0.443779    
3           64          5.12        330         0.00552521  0.921075    0.969847    0.345973    
3           65          1.92        150         0.435536    1           0.712408    0.252085    
3           66          2.56        120         0.168965    0.821947    0.954928    0.527281    
3           67          3.84        150         0.152882    0.7781      0.883879    0.502214    
3           68          5.12        330         0.0367304   0.968459    0.860453    0.366095    
3           69          5.12        150         0.0193297   0.856465    0.935277    0.370539    
3           70          5.12        150         0.0137678   0.80986     0.938298    0.492917    
3           71          7.68        300         0.103139    0.554158    0.912769    0.610382    
3           72          2.56        150         0.490403    0.981223    0.514156    0.167788    
3           73          7.68        150         0.000291979 0.845328    0.924706    0.330104    
3           74          2.56        150         0.457503    0.936123    0.56349     0.215942    
3           75          5.12        210         0.21813     0.492829    0.900912    0.765971    
3           76          5.12        210         0.207104    0.921219    0.735218    0.341649    
3           77          10.24       150         0.0511534   1           0.981885    0.174223    
3           78          7.68        180         0.436332    0.779866    0.81899     0.641399    
3           79          5.12        150         0.0488266   0.934788    0.912728    0.291275    
3           80          7.68        180         0.0786096   0.8095      0.93226     0.433043    
3           81          3.84        150         0.691952    0.204297    0.793104    0.835498    
3           82          10.24       330         0.00638295  0.971856    0.965245    0.208441    
3           83          7.68        180         0.372264    0.667303    0.763797    0.506914    
3           84          10.24       0           0.0976396   0.957444    0.905545    0.246338    
3           85          7.68        120         0.0549199   0.760018    0.926732    0.561832    
3           86          7.68        210         0.176794    0.225694    0.890244    0.781724    
3           87          7.68        300         0.0876951   1           0.894315    0.167374    
3           88          5.12        150         0.14608     0.858479    0.886236    0.498645    
3           89          10.24       150         0.0804803   0.920941    0.956983    0.305939    
3           90          7.68        300         0.0387824   0.740459    0.931652    0.552747    
3           91          10.24       300         0.0712455   0.990103    0.932708    0.145217    
3           92          10.24       0           0.286947    1           0.895066    0.316471    
3           93          5.12        120         0.199077    0.284785    0.854172    0.69883     
3           94          5.12        240         0.179859    0.697265    0.922252    0.476254    
3           95          10.24       150         0.0548825   1           0.973802    0.232341    
3           96          3.84        60          0.0568972   0.913741    0.979386    0.454924    
3           97          5.12        150         0.321771    0.761741    0.826774    0.496251    
3           98          10.24       120         0.0300117   0.849328    0.947191    0.32514     
3           99          7.68        150         0.140966    0.701107    0.938318    0.514531    
3           100         10.24       0           0.305072    0.466585    0.887389    0.641896    
3           101         5.12        210         0.275463    0.786708    0.828532    0.3891      
3           102         10.24       300         0.0783922   0.790957    0.983894    0.425554    
3           103         5.12        240         0.125674    0.855564    0.890456    0.423159    
3           104         5.12        210         0.160173    0.783391    0.906591    0.456838    
3           105         5.12        90          0.0987874   0.674496    0.956101    0.684031    
3           106         10.24       330         0.0781599   0.92798     0.895889    0.393194    
3           107         10.24       330         0.0349629   0.929298    0.905339    0.409652    
3           108         10.24       330         0.102371    0.835164    0.903655    0.389337    
3           109         10.24       150         0.0438309   0.809664    0.987422    0.440295    
3           110         3.84        60          0.0021324   0.886007    0.94935     0.432194    
3           111         10.24       60          1           -0.117762   0.643139    0.829696    
3           112         3.84        60          0.1488      0.870121    0.977842    0.487325    
3           113         7.68        240         0.16643     0.852693    0.893278    0.506179    
3           114         10.24       0           0.3252      0.47077     0.918625    0.555666    
3           115         7.68        60          0.772215    -0.162829   0.870494    0.934476    
3           116         7.68        240         0.213757    0.494822    0.893014    0.788393    
3           117         7.68        300         0.207743    0.287605    0.955804    0.858363    
3           118         10.24       210         0.190629    0.000705486 0.950438    0.928982    
3           119         3.84        60          0.122128    0.980143    0.943847    0.359521    
3           120         10.24       300         0.102005    0.606177    0.943151    0.592683    
3           121         10.24       0           0.0931303   0.717836    0.954937    0.396275    
3           122         10.24       300         0.288722    0.381976    0.953193    0.851923    
3           123         3.84        90          0.542042    0.923239    0.766523    0.632607    
3           124         7.68        150         0.0895095   0.54112     0.862874    0.68336     
3           125         10.24       0           0.308056    0.416343    0.919206    0.793298    
3           126         10.24       300         0.0906184   0.311146    0.928974    0.71553     
3           127         7.68        240         0.0871768   0.934614    0.913713    0.330648    
3           128         10.24       210         0.182716    0.0906859   0.949067    0.926069    
3           129         10.24       0           0.139339    0.871707    0.987268    0.568943    
4           0           3.84        60          0.00842275  0.738893    0.957301    0.479236    
4           1           2.56        60          0.0839591   0.634741    0.919762    0.596109    
4           2           3.84        60          0.062711    0.587498    0.942404    0.596858    
4           3           3.84        270         0.234183    0.76808     0.96198     0.494472    
4           4           3.84        240         0.0472848   0.854391    0.915157    0.432219    
4           5           2.56        270         0.0697945   0.623922    0.959805    0.621214    
4           6           5.12        180         0.138228    0.771189    0.936148    0.379577    
4           7           3.84        240         0.0352839   0.694043    0.913347    0.573306    
4           8           7.68        120         0.304883    1           0.776243    0.266591    
4           9           2.56        240         0.153681    0.834494    0.870511    0.525586    
4           10          2.56        120         0.212665    0.456581    0.948947    0.695686    
4           11          2.56        120         0.431758    0.230583    0.827988    0.880904    
4           12          1.92        330         0.130316    0.628088    0.877297    0.598335    
4           13          1.92        60          0.258249    0.540672    0.857058    0.587301    
4           14          2.56        300         0.0536539   0.524328    0.946311    0.622468    
4           15          0.96        180         0.272471    0.835117    0.701752    0.505434    
4           16          3.84        240         0.00323723  0.726893    0.942542    0.540403    
4           17          1.92        330         0.391143    0.327416    0.78069     0.870913    
4           18          1.92        150         0.0165368   0.40631     0.960962    0.803338    
4           19          2.56        30          0.199345    0.905656    0.897382    0.288172    
4           20          0.96        0           0.359569    0.428352    0.834893    0.718164    
4           21          3.84        60          0.0339881   0.776448    0.949314    0.513738    
4           22          3.84        240         0.434497    0.368034    0.821929    0.89523     
4           23          3.84        300         0.0641602   0.382535    0.898125    0.815802    
4           24          2.56        240         0.313108    0.255558    0.959701    0.927207    
4           25          0.96        330         0.75841     0.531609    0.855997    0.718071    
4           26          3.84        240         0.112811    0.617144    0.938381    0.594153    
4           27          2.56        120         0.350299    0.19152     0.902701    0.893314    
4           28          2.56        30          0.365648    0.781397    0.666611    0.421853    
4           29          3.84        240         0.00312207  0.486243    0.948344    0.657444    
4           30          0.64        270         0.451504    0.236907    0.773152    0.793598    
4           31          1.92        150         0.0051549   0.268327    0.924247    0.83918     
4           32          1.92        330         0.0122768   0.0971747   0.881746    0.910067    
4           33          2.56        180         0.378486    0.491235    0.859565    0.706084    
4           34          2.56        120         0.721923    0.145997    0.606035    0.855284    
4           35          2.56        120         0.366321    0.244374    0.86674     0.871431    
4           36          1.92        150         0.0191719   0.210916    0.955215    0.952559    
4           37          2.56        30          0.641068    0.0987836   0.738244    0.854957    
4           38          3.84        30          0.119162    0.749344    0.960081    0.629941    
4           39          2.56        120         0.27276     0.0658197   0.93008     0.918411    
4           40          1.28        30          0.228273    0.479677    0.802625    0.808936    
4           41          1.28        150         0.702879    0.726123    0.595821    0.628707    
4           42          2.56        30          0.37651     0.0845778   0.820506    0.939338    
4           43          1.28        180         0.435527    0.37083     0.932025    0.692475    
4           44          1.92        210         0.206829    0.149478    0.939541    0.848009    
4           45          2.56        120         0.148294    0.262587    0.932514    0.870614    
4           46          10.24       240         1           1           0.4165      0.87008     
4           47          2.56        120         0.394158    0.0192309   0.889608    0.865295    
4           48          3.84        330         0.252883    0.0338113   0.978661    0.875174    
4           49          2.56        30          0.445384    0.22685     0.902651    0.838378    
4           50          1.92        330         0.100428    0.354777    0.934919    0.806891    
4           51          5.12        30          0.357826    0.465017    0.731399    0.721928    
4           52          3.84        180         0.258708    0.966651    0.92205     0.366646    
4           53          5.12        180         0.101352    0.988519    0.97669     0.223139    
4           54          2.56        330         0.224657    0.221796    0.884137    0.863745    
4           55          3.84        0           0.0603727   0.561094    0.943212    0.660637    
4           56          1.92        150         0.0984415   0.522417    0.903773    0.719333    
4           57          2.56        30          0.514614    0.548635    0.857863    0.646142    
4           58          3.84        330         0.312997    0.663124    0.870949    0.439588    
4           59          2.56        30          0.429356    0.122682    0.957514    0.867047    
4           60          5.12        180         0.160632    0.741429    0.887074    0.53922     
4           61          2.56        30          0.232231    0.1803      0.806837    0.879431    
4           62          2.56        0           0.7789      0.133584    0.817729    0.906912    
4           63          3.84        240         0.363892    0.421468    0.855655    0.684197    
4           64          1.28        210         0.231081    0.78289     0.853514    0.520276    
4           65          10.24       330         0.322552    0.929711    0.761874    0.165783    
4           66          5.12        330         0.409853    0.88644     0.846567    0.47495     
4           67          5.12        180         0.100895    1           0.929178    0.190271    
4           68          1.92        60          0.489233    0.45786     0.715381    0.662274    
4           69          2.56        0           0.397883    1           0.751665    0.360512    
4           70          5.12        0           0.111417    0.935853    0.900209    0.368886    
4           71          5.12        330         0.334059    0.962037    0.806678    0.243573    
4           72          2.56        0           0.383113    0.863828    0.856569    0.443366    
4           73          2.56        0           0.341111    1           0.852325    0.192914    
4           74          2.56        0           0.292812    0.390736    0.813504    0.819862    
4           75          2.56        30          0.396145    0.547641    0.710081    0.605846    
4           76          5.12        180         0.0967998   0.978079    0.896256    0.309839    
4           77          1.92        60          0.222502    0.0406009   0.870539    0.854676    
4           78          3.84        330         0.607461    0.250626    0.775633    0.873276    
4           79          5.12        330         0.269776    0.301538    0.942423    0.726681    
4           80          2.56        120         0.83322     0.0644817   0.52792     0.867585    
4           81          2.56        30          0.116324    0.385095    0.914796    0.673198    
4           82          3.84        180         0.107412    1           0.953748    0.355318    
4           83          5.12        330         0.32126     0.939378    0.90395     0.360087    
4           84          1.92        150         0.353633    0.0418596   0.81536     0.856426    
4           85          5.12        180         0.194254    0.966632    0.884356    0.245938    
4           86          5.12        330         0.310745    0.996282    0.8777      0.190761    
4           87          5.12        330         0.363267    0.97896     0.891723    0.437884    
4           88          1.28        150         0.650229    1           0.501567    0.427307    
4           89          3.84        150         0.0310147   0.902366    0.951783    0.275009    
4           90          5.12        180         0.118152    0.873093    0.949806    0.330831    
4           91          5.12        330         0.318946    0.605484    0.860252    0.570063    
4           92          5.12        180         0.154326    0.51319     0.986306    0.635149    
4           93          3.84        240         0.0988356   0.345115    0.890424    0.84116     
4           94          5.12        330         0.240714    0.910424    0.816632    0.293168    
4           95          5.12        180         0.219661    0.824602    0.932091    0.329816    
4           96          3.84        180         0.25269     0.834811    0.859016    0.453287    
4           97          5.12        330         0.328355    0.551754    0.859226    0.624527    
4           98          5.12        330         0.178157    0.951279    0.90849     0.319631    
4           99          10.24       180         0.121069    0.667695    0.958216    0.511377    
4           100         5.12        330         0.262162    0.835475    0.861978    0.407013    
4           101         5.12        180         0.278994    0.763989    0.934451    0.451792    
4           102         5.12        330         0.337044    0.903735    0.766347    0.307072    
4           103         5.12        330         0.174023    0.975216    0.836538    0.239758    
4           104         5.12        330         0.472987    0.82698     0.701233    0.361963    
4           105         5.12        180         0.330809    0.951239    0.932431    0.308274    
4           106         5.12        30          0.031663    0.884969    0.943651    0.437767    
4           107         5.12        180         0.286027    0.950638    0.843826    0.263949    
4           108         10.24       150         0.104872    1           0.872387    0.095069    
4           109         5.12        180         0.220901    0.881087    0.941963    0.371719    
4           110         10.24       330         0.0670987   0.89603     0.945999    0.299393    
4           111         5.12        180         0.167963    0.678124    0.905321    0.516403    
4           112         5.12        180         0.0947017   0.873582    0.959906    0.332899    
4           113         3.84        150         0.0997123   0.907161    0.887441    0.25497     
4           114         7.68        0           0.0943021   0.937409    0.934295    0.146644    
4           115         5.12        30          0.202337    0.677455    0.99389     0.532996    
4           116         3.84        210         0.074324    0.769144    0.933169    0.517192    
4           117         10.24       180         0.468556    0.652877    0.928686    0.636767    
4           118         7.68        120         0.0773593   1           0.992535    0.206524    
4           119         10.24       330         0.0419075   0.730924    0.894129    0.457739    
4           120         5.12        330         0.310236    0.842341    0.943407    0.3284      
4           121         10.24       330         0.0708686   1           0.920707    0.183618    
4           122         7.68        330         0.185802    1           0.969161    0.323825    
4           123         3.84        240         0.119579    0.480247    0.937689    0.645186    
4           124         10.24       330         0.0683429   0.964408    0.953502    0.213452    
4           125         10.24       0           0.139865    1           0.799347    0.280499    
4           126         10.24       330         0.144459    0.964561    0.84767     0.233215    
4           127         2.56        90          0.299954    0.664408    0.771728    0.556243    
4           128         7.68        0           0.0391394   0.688817    0.883871    0.661783    
4           129         10.24       150         0.12447     1           0.886414    0.0544096   
4           130         2.56        30          0.567781    0.363622    0.611271    0.627456    
4           131         10.24       150         0.00786533  0.817821    0.879979    0.365314    
4           132         7.68        0           0.227595    0.773022    0.888313    0.510969    
4           133         2.56        120         0.125428    0.441693    0.857968    0.549034    
4           134         7.68        0           0.083001    0.996993    0.924856    0.245058    
4           135         10.24       330         0.0620517   0.590946    0.931788    0.511817    
4           136         5.12        180         0.431458    0.456933    0.896052    0.744905    
4           137         3.84        240         0.108447    0.982765    0.862956    0.256436    
4           138         2.56        60          0.287428    0.992903    0.745873    0.239713    
4           139         3.84        240         0.0688193   0.836231    0.878143    0.459141    
4           140         10.24       330         0.0870497   0.776725    0.864681    0.374536    
4           141         3.84        240         0.0619731   0.886692    0.894525    0.336031    
4           142         3.84        240         0.065345    0.901191    0.940675    0.294697    
4           143         10.24       120         0.259374    0.600635    0.889413    0.532763    
4           144         3.84        60          0.455163    0.969485    0.613539    0.137239    
4           145         10.24       120         0.256169    0.607961    0.912122    0.732102    
4           146         3.84        240         0.0584767   0.679074    0.915624    0.425697    
4           147         3.84        240         0.0381811   0.900109    0.916211    0.287291    
4           148         3.84        240         0.00432167  0.940494    0.928158    0.320304    
4           149         3.84        240         0.0569523   0.954407    0.958707    0.305275    
4           150         3.84        240         0.043288    0.818574    0.942441    0.419457    
4           151         3.84        240         0.0774878   0.947174    0.924883    0.389347    
4           152         3.84        150         0.4998      0.189558    0.853903    0.821767    
4           153         7.68        240         0.52741     1           0.534234    0.124542    
4           154         10.24       330         0.197356    0.616076    0.960821    0.638318    
4           155         7.68        30          0.289331    0.950459    0.862726    0.299128    
4           156         3.84        240         0.097451    0.963474    0.889739    0.395915    
4           157         3.84        240         0.0912096   0.955021    0.823864    0.221476    
4           158         3.84        60          0.0482214   1           0.986714    0.253174    
4           159         3.84        240         0.125461    0.879514    0.876835    0.409339    
5           0           2.56        240         0.0598931   0.698984    0.85146     0.542099    
5           1           1.92        300         0.445362    0.76724     0.819069    0.504728    
5           2           2.56        240         0.10537     0.862042    0.875545    0.586827    
5           3           2.56        90          0.130389    0.654171    0.949577    0.657472    
5           4           2.56        60          0.144996    0.652257    0.993788    0.614546    
5           5           2.56        300         0.380271    0.343853    0.89382     0.684044    
5           6           3.84        300         0.0528677   0.459384    0.884644    0.633702    
5           7           3.84        330         0.132473    0.901628    0.926918    0.313871    
5           8           2.56        300         0.278832    0.581256    0.847516    0.795654    
5           9           2.56        270         0.205502    0.543156    0.953779    0.757451    
5           10          2.56        270         0.150369    0.504656    0.855589    0.679214    
5           11          2.56        300         0.340701    0.758362    0.757064    0.582477    
5           12          2.56        60          0.0793355   0.922748    0.937712    0.546225    
5           13          3.84        120         0.52605     0.302468    0.964968    0.814578    
5           14          3.84        210         0.120807    0.844668    0.929381    0.403212    
5           15          2.56        60          0.367757    0.0239518   0.931359    0.937472    
5           16          2.56        330         0.149532    0.253937    0.971627    0.838673    
5           17          3.84        0           0.0752662   0.99434     0.947916    0.228494    
5           18          2.56        210         0.236703    0.255961    0.896214    0.794795    
5           19          2.56        270         0.425205    0.229668    0.865641    0.872746    
5           20          2.56        60          0.350066    0.136843    0.943321    0.905217    
5           21          1.92        120         0.0512596   0.474263    0.797498    0.750345    
5           22          2.56        180         0.203914    0.686011    0.853325    0.799224    
5           23          2.56        180         0.331832    0.163775    0.96779     0.920048    
5           24          2.56        270         0.576411    -0.0287946  0.893395    0.898545    
5           25          2.56        330         0.0887165   0.391688    0.783932    0.774903    
5           26          3.84        0           0.137544    0.404345    0.849111    0.76836     
5           27          2.56        330         0.195687    0.172886    0.906445    0.930004    
5           28          3.84        0           0.105666    0.951001    0.865847    0.500214    
5           29          3.84        270         0.254565    0.0414143   0.808689    0.89744     
5           30          5.12        0           0.110313    1           0.907368    0.196076    
5           31          2.56        30          0.0649924   1           0.904005    0.527849    
5           32          2.56        30          0.323567    0.267833    0.917319    0.833071    
5           33          3.84        0           0.0132242   0.684944    0.920176    0.605741    
5           34          2.56        210         0.102358    0.59058     0.98065     0.668283    
5           35          3.84        330         0.197965    0.776676    0.863503    0.724433    
5           36          3.84        180         0.225966    0.274167    0.836729    0.843188    
5           37          3.84        180         0.152286    0.772902    0.935812    0.572371    
5           38          3.84        210         0.14462     0.780682    0.92621     0.369956    
5           39          5.12        0           0.176422    0.932052    0.822561    0.320782    
5           40          2.56        300         0.13358     0.165684    0.941098    0.786326    
5           41          2.56        210         0.0826464   0.46951     0.96805     0.7728      
5           42          3.84        180         0.310075    0.319598    0.756078    0.782555    
5           43          2.56        330         0.264353    0.336162    0.951513    0.862697    
5           44          5.12        0           0.0251668   0.962743    0.818397    0.446397    
5           45          2.56        60          0.26524     0.557449    0.870097    0.681108    
5           46          5.12        180         0.0588327   0.858952    0.876147    0.411646    
5           47          1.28        210         0.168164    0.352735    0.888064    0.81159     
5           48          2.56        150         0.0720207   0.720307    0.943725    0.648496    
5           49          1.92        330         0.29389     0.507941    0.743996    0.669381    
5           50          0.96        30          0.987295    0.537429    0.931698    0.810505    
5           51          5.12        210         0.991781    0.638964    0.655308    0.410713    
5           52          5.12        180         0.0425972   0.845423    0.806266    0.422457    
5           53          5.12        0           0.666963    0.86796     0.702839    0.496219    
5           54          3.84        180         0.103515    0.743088    0.975582    0.576138    
5           55          2.56        60          0.429787    0.189873    0.929782    0.900975    
5           56          3.84        210         0.294073    0.478237    0.876488    0.673264    
5           57          2.56        240         0.649031    1           0.538362    0.45779     
5           58          1.92        330         0.287647    0.555379    0.776855    0.644972    
5           59          3.84        330         0.223399    0.686503    0.906049    0.57255     
5           60          3.84        0           0.22474     0.933837    0.779087    0.279969    
5           61          3.84        210         0.0127093   0.577144    0.988878    0.625432    
5           62          3.84        330         0.109522    1           0.885962    0.366665    
5           63          2.56        330         0.198996    0.991795    0.801885    0.294273    
5           64          2.56        330         0.0927453   1           0.859602    0.229469    
5           65          5.12        180         0.059033    0.833999    0.934505    0.425361    
5           66          2.56        30          0.156968    0.645094    0.911718    0.613205    
5           67          2.56        210         0.0292104   0.596379    0.88088     0.59498     
5           68          1.92        150         0.210274    0.908613    0.855113    0.475628    
5           69          1.92        330         0.395552    0.975926    0.680958    0.292881    
5           70          2.56        330         0.289659    0.690037    0.835754    0.573992    
5           71          3.84        0           0.0656171   0.579251    0.94176     0.689374    
5           72          2.56        0           0.112121    0.968269    0.855152    0.248601    
5           73          5.12        180         0.163967    0.638955    0.97317     0.586483    
5           74          3.84        330         0.153555    0.929748    0.887358    0.275791    
5           75          3.84        330         0.172227    0.828187    0.971494    0.510929    
5           76          5.12        180         0.382368    0.851768    0.693112    0.521593    
5           77          3.84        330         0.184477    0.881454    0.912625    0.432005    
5           78          5.12        150         0.43636     0.936788    0.778303    0.330228    
5           79          5.12        180         0.110325    1           0.940399    0.292623    
5           80          1.92        150         0.304971    1           0.668147    0.238521    
5           81          7.68        330         0.0741439   0.786224    0.940432    0.356869    
5           82          5.12        180         0.0698258   0.80895     0.975125    0.479217    
5           83          5.12        180         0.0766657   0.842419    0.960569    0.328616    
5           84          5.12        180         0.243731    0.399964    0.98623     0.752129    
5           85          2.56        330         0.310459    0.691998    0.854702    0.636524    
5           86          5.12        180         0.219733    0.446126    0.93764     0.62578     
5           87          3.84        180         0.0748972   0.704444    0.901006    0.492951    
5           88          2.56        210         0.159936    0.513069    0.973012    0.737707    
5           89          3.84        330         0.049689    0.971494    0.884092    0.341056    
5           90          7.68        150         0.13466     1           0.838807    0.0614367   
5           91          3.84        330         0.248205    0.707549    0.953242    0.5996      
5           92          2.56        180         0.428119    0.561126    0.827268    0.606929    
5           93          5.12        180         0.426153    0.697068    0.861558    0.39559     
5           94          5.12        180         0.280607    0.985763    0.833786    0.171814    
5           95          7.68        330         0.185864    0.630395    0.889314    0.558327    
5           96          5.12        180         0.17743     0.462202    0.909092    0.61727     
5           97          7.68        330         0.0486866   0.645555    0.855952    0.53388     
5           98          5.12        150         1           0.553149    0.701779    0.812081    
5           99          3.84        0           0.141465    0.359922    0.796247    0.720563    
5           100         3.84        330         0.349967    1           0.892193    0.377859    
5           101         3.84        330         0.370029    0.891361    0.819791    0.347358    
5           102         0.64        180         0.371605    0.0258608   0.922055    0.921225    
5           103         10.24       330         0.182121    0.754891    0.855897    0.341594    
5           104         0.96        150         1           0.734247    0.85843     0.650531    
5           105         2.56        330         0.695417    1           0.679487    0.615348    
5           106         7.68        180         0.401416    0.680991    0.588805    0.39437     
5           107         3.84        210         0.367212    0.878449    0.765303    0.354438    
5           108         3.84        210         0.342415    0.188159    0.847937    0.841986    
5           109         3.84        330         0.412829    1           0.71147     0.36473     
5           110         5.12        330         0.543438    0.125945    0.779413    0.825701    
5           111         2.56        180         1           0.307461    0.714496    0.552174    
5           112         3.84        30          0.263265    0.970159    0.846563    0.291239    
5           113         2.56        60          0.267191    0.740684    0.698994    0.623082    
5           114         2.56        240         0.19665     1           0.992591    0.404523    
5           115         10.24       330         1           0.372264    0.48382     0.809566    
5           116         2.56        270         0.182336    0.919069    0.799105    0.368314    
5           117         10.24       330         0.266114    0.547395    0.740015    0.509992    
5           118         10.24       180         0.971421    0.173018    0.82355     0.770961    
5           119         3.84        0           0.188508    0.259503    0.670794    0.791999    
5           120         2.56        210         0.0795643   0.590494    0.97421     0.597324    
5           121         2.56        60          0.0936122   0.760871    0.947902    0.369682    
5           122         2.56        240         0.188024    0.765855    0.918801    0.447724    
5           123         2.56        120         0.252774    0.437429    0.915243    0.81794     
5           124         2.56        60          0.0569369   0.837278    0.974606    0.492958    
5           125         10.24       330         0.137765    0.979219    0.754136    0.234913    
5           126         0.64        240         0.86561     0.621401    0.816051    0.702174    
5           127         3.84        60          0.391807    0.817742    0.809179    0.421907    
5           128         3.84        240         0.974169    0.195773    0.816088    0.787669    
5           129         2.56        60          0.00464601  0.629572    0.935907    0.48179     
5           130         5.12        0           0.903384    0.908717    0.764847    0.552395    
5           131         5.12        0           0.873484    0.824506    0.841884    0.401742    
5           132         1.28        30          1           0.424256    0.432768    0.629976    
5           133         3.84        240         0.527875    0.534549    0.874594    0.779037    
5           134         2.56        240         0.0448345   0.754974    0.991727    0.436968    
5           135         7.68        240         0.764355    0.723767    0.558143    0.445308    
5           136         3.84        240         0.171527    0.675985    0.832591    0.55666     
5           137         2.56        60          0.0717158   0.952208    0.913911    0.441455    
5           138         0.96        150         1           0.826963    0.85848     0.617972    
5           139         3.84        240         0.432861    0.417617    0.82582     0.727796    
5           140         10.24       180         1           0.0340209   0.947192    0.899448    
5           141         3.84        240         0.590405    0.721702    0.586448    0.543469    
5           142         2.56        210         1           0.204816    0.519324    0.951144    
5           143         1.92        330         0.550264    0.212024    0.906729    0.862351    
5           144         2.56        240         0.202296    0.909729    0.860778    0.360226    
5           145         0.96        120         0.849061    0.556206    0.359308    0.609662    
5           146         3.84        330         0.306209    0.944756    0.797201    0.563664    
5           147         2.56        210         0.237686    0.859173    0.817371    0.488775    
5           148         2.56        90          0.489482    0.960363    0.809392    0.588659    
6           0           5.12        240         0.211836    0.842899    0.909272    0.33543     
6           1           2.56        330         0.235431    0.282919    0.866013    0.819673    
6           2           2.56        270         0.132792    0.600754    0.906369    0.72377     
6           3           2.56        300         0.292533    0.632561    0.820749    0.592143    
6           4           3.84        210         0.087662    0.945472    0.942687    0.171759    
6           5           3.84        210         0.0455906   0.855434    0.979982    0.398944    
6           6           1.28        330         0.353755    0.330389    0.821247    0.805722    
6           7           2.56        0           0.375684    0.484403    0.801642    0.630869    
6           8           5.12        120         0.262246    0.351027    0.904355    0.848643    
6           9           1.92        270         0.354406    0.360247    0.855071    0.787323    
6           10          2.56        120         0.0279427   0.420747    0.94977     0.732403    
6           11          5.12        330         0.103549    0.275617    0.959012    0.818306    
6           12          5.12        0           0.226098    0.563302    0.814999    0.664683    
6           13          2.56        330         0.0616757   0.0461343   0.983764    0.875792    
6           14          3.84        120         0.109599    0.424677    0.93796     0.811018    
6           15          5.12        0           0.0722695   0.574378    0.977884    0.674749    
6           16          2.56        240         0.122769    0.130573    0.906342    0.932608    
6           17          5.12        30          0.166134    0.869062    0.959428    0.465797    
6           18          1.92        240         0.288918    0.289178    0.861946    0.877324    
6           19          3.84        330         0.116547    0.329086    0.901311    0.819714    
6           20          1.28        270         0.506057    0.427187    0.826954    0.824985    
6           21          1.92        300         0.137131    0.222427    0.901987    0.91535     
6           22          5.12        0           0.156261    0.525635    0.943954    0.780552    
6           23          3.84        180         0.222117    0.145842    0.956085    0.88654     
6           24          2.56        30          0.151692    0.621831    0.835534    0.564454    
6           25          1.92        30          0.40814     0.328643    0.91018     0.825278    
6           26          2.56        0           0.206232    0.396573    0.887091    0.740057    
6           27          3.84        30          0.378435    0.218323    0.953773    0.816726    
6           28          10.24       180         0.0224551   1           0.937018    0.155173    
6           29          3.84        30          0.223178    0.755663    0.934809    0.553386    
6           30          3.84        180         0.12804     0.419254    0.976597    0.725365    
6           31          1.92        240         0.226797    0.261124    0.926653    0.785678    
6           32          3.84        30          0.186991    0.874038    0.915427    0.356393    
6           33          2.56        0           0.166465    0.26541     0.926621    0.865339    
6           34          3.84        180         0.0956197   0.632585    0.983082    0.574272    
6           35          5.12        0           0.100539    0.980603    0.894181    0.217229    
6           36          5.12        330         0.151606    0.412811    0.911051    0.778003    
6           37          1.28        210         0.479297    0.540654    0.731501    0.651751    
6           38          5.12        240         0.145491    0.201286    0.957807    0.896498    
6           39          2.56        0           0.0585303   0.34058     0.928193    0.863059    
6           40          3.84        180         0.257989    0.753044    0.893571    0.577254    
6           41          5.12        240         0.0829178   0.298401    0.95837     0.789304    
6           42          1.92        0           0.421277    0.659873    0.945032    0.747107    
6           43          3.84        180         0.15022     0.582299    0.968669    0.635395    
6           44          2.56        0           0.236659    0.247921    0.897199    0.871524    
6           45          3.84        0           0.0701424   0.704149    0.890035    0.582132    
6           46          2.56        0           0.280217    0.444304    0.873055    0.742974    
6           47          2.56        210         0.0269589   0.498423    0.914819    0.728796    
6           48          2.56        30          0.154599    0.224941    0.900832    0.858645    
6           49          3.84        30          0.126376    0.126234    0.985867    0.905958    
6           50          2.56        330         0.296935    0.394483    0.822641    0.801747    
6           51          5.12        180         0.07399     0.909092    0.979428    0.435262    
6           52          3.84        330         0.0209919   0.904247    0.934199    0.314241    
6           53          5.12        180         0.19128     0.45128     0.947082    0.708754    
6           54          5.12        180         0.0855229   0.949605    0.963309    0.324323    
6           55          5.12        30          0.0482871   0.43883     0.944842    0.710632    
6           56          5.12        180         0.119167    0.641676    0.898917    0.635007    
6           57          2.56        30          0.13211     0.549732    0.946135    0.759719    
6           58          3.84        330         0.0137262   0.946556    0.961811    0.343134    
6           59          3.84        210         0.113581    0.783514    0.827276    0.549441    
6           60          3.84        180         0.117647    0.401449    0.949443    0.802349    
6           61          2.56        0           0.225616    0.855413    0.911183    0.393889    
6           62          5.12        180         0.0965448   0.981837    0.926631    0.372295    
6           63          7.68        150         0.0908052   0.958385    0.888041    0.26906     
6           64          5.12        180         0.461256    0.41903     0.81411     0.848929    
6           65          5.12        330         0.0887111   0.774378    0.950393    0.472518    
6           66          5.12        180         0.0276501   0.539326    0.979713    0.771809    
6           67          2.56        330         0.564271    0.843375    0.535596    0.361331    
6           68          3.84        330         0.13969     0.926988    0.919987    0.358446    
6           69          5.12        180         0.138211    0.638651    0.994845    0.60155     
6           70          5.12        180         0.0266457   1           0.957655    0.282356    
6           71          5.12        150         0.0717792   0.666175    0.92071     0.447122    
6           72          5.12        150         0.00403341  0.774583    0.898572    0.408038    
6           73          5.12        180         0.161624    0.815692    0.929054    0.493427    
6           74          5.12        180         0.271494    0.605305    0.963012    0.717944    
6           75          10.24       180         0.23468     0.795273    0.915047    0.382557    
6           76          7.68        180         0.143307    0.496287    0.87809     0.69363     
6           77          5.12        180         0.169113    0.847822    0.888493    0.424843    
6           78          10.24       330         0.102706    1           0.962501    0.198862    
6           79          7.68        150         0.188067    0.992391    0.90668     0.237605    
6           80          10.24       180         0.520061    0.854026    0.804536    0.408573    
6           81          5.12        180         0.171522    0.866372    0.942789    0.449439    
6           82          5.12        180         0.124899    0.68388     0.989015    0.593157    
6           83          7.68        150         0.150617    0.977137    0.928256    0.157019    
6           84          5.12        180         0.206279    0.783275    0.887627    0.595033    
6           85          5.12        30          0.154056    0.840107    0.994062    0.428759    
6           86          10.24       330         0.0428295   0.909005    0.936941    0.262734    
6           87          10.24       330         0.07762     1           0.958869    0.273572    
6           88          10.24       330         0.33539     0.970011    0.871218    0.214182    
6           89          1.92        180         0.55209     0.625234    0.739533    0.596702    
6           90          10.24       180         0.378684    0.678837    0.930683    0.600435    
6           91          5.12        180         0.294623    0.426358    0.886694    0.719967    
6           92          10.24       330         0.0226883   1           0.973966    0.131636    
6           93          10.24       180         0.212757    0.857094    0.895818    0.420771    
6           94          10.24       0           0.194169    1           0.891823    0.139434    
6           95          7.68        120         0.170143    0.728237    0.880105    0.421799    
6           96          10.24       330         0.102138    1           0.967445    0.141367    
6           97          7.68        120         0.122673    0.868811    0.905311    0.354297    
6           98          10.24       180         0.181518    0.887268    0.964195    0.37583     
6           99          7.68        120         0.156147    0.84424     0.860553    0.321186    
6           100         10.24       150         0.0120557   1           0.911279    0.22764     
6           101         2.56        210         0.0986388   0.886023    0.960536    0.410056    
6           102         2.56        210         0.0754151   0.408705    0.939422    0.73274     
6           103         3.84        240         0.1275      0.684042    0.908885    0.638027    
6           104         7.68        120         0.0735661   0.757696    0.884514    0.428503    
6           105         7.68        120         0.130172    0.864722    0.917583    0.367879    
6           106         2.56        240         0.143295    0.911838    0.92014     0.542802    
6           107         3.84        210         0.154447    0.807049    0.846496    0.485342    
6           108         5.12        240         0.280196    0.226675    0.855227    0.942868    
6           109         2.56        240         0.0674855   1           0.98125     0.292793    
6           110         7.68        120         0.134305    0.778503    0.922454    0.511762    
6           111         10.24       180         0.371406    0.461465    0.771254    0.678362    
6           112         7.68        0           0.0916899   1           0.936145    0.275495    
6           113         2.56        210         0.234681    0.744835    0.93172     0.395472    
6           114         5.12        120         0.136211    0.637983    0.96825     0.686814    
6           115         5.12        240         0.0429456   0.628299    0.996476    0.643541    
6           116         5.12        240         0.557514    0.602113    0.705472    0.731177    
6           117         2.56        60          0.0403117   0.69076     0.98703     0.573107    
6           118         7.68        120         0.0402937   0.677792    0.947982    0.564484    
6           119         5.12        270         0.463176    0.935512    0.679467    0.286597    
6           120         5.12        60          0.0136601   0.782735    0.924659    0.537084    
6           121         10.24       180         0.0318281   0.643029    0.952623    0.572495    
6           122         10.24       180         0.201084    0.66508     0.984065    0.505893    
6           123         10.24       0           0.0319768   0.789847    0.967839    0.398043    
6           124         5.12        240         0.120876    0.763222    0.966322    0.548584    
6           125         10.24       0           0.0299514   0.736892    0.879192    0.385944    
6           126         10.24       330         0.190701    0.942396    0.978468    0.389525    
6           127         10.24       330         0.0443904   0.822186    0.958083    0.442991    
6           128         2.56        240         0.0497235   0.789223    0.95729     0.511957    
6           129         7.68        240         0.453168    0.990334    0.713919    0.187925    
6           130         3.84        240         0.147734    0.869793    0.790911    0.39602     
6           131         5.12        240         0.190939    0.480469    0.98879     0.738256    
6           132         5.12        240         0.0933575   0.481576    0.912463    0.640768    
6           133         10.24       330         0.108802    0.905719    0.987326    0.311602    
6           134         5.12        240         0.0678053   0.787103    0.987909    0.574985    
6           135         3.84        60          0.198023    0.590719    0.928046    0.847007    
6           136         10.24       180         0.0333061   0.743128    0.983957    0.485299    
6           137         10.24       330         0.272809    0.673214    0.956293    0.578594    
6           138         5.12        240         0.102345    0.715237    0.939863    0.54129     
6           139         10.24       180         0.349377    0.593351    0.931882    0.560966    
6           140         10.24       0           0.463217    0.960778    0.789294    0.305234    
6           141         2.56        240         0.146122    0.934357    0.897829    0.440676    
6           142         3.84        240         0.185064    0.977073    0.863121    0.392605    
6           143         5.12        240         0.115488    0.718753    0.933907    0.631715    
6           144         7.68        210         0.749946    0.615563    0.49728     0.659228    
6           145         7.68        330         0.414345    0.241219    0.855418    0.665086    
6           146         5.12        240         0.100506    0.915628    0.893863    0.357482    
6           147         5.12        240         0.0455612   0.902794    0.924279    0.4318      
6           148         5.12        240         0.196153    0.919112    0.826516    0.333516    
6           149         10.24       210         0.347322    0.440514    0.884571    0.647883    
6           150         5.12        0           0.0422154   0.301485    0.983977    0.819034    
6           151         3.84        90          0.103862    0.884992    0.902571    0.377064    
7           0           1.92        240         0.300238    0.640957    0.858999    0.65694     
7           1           3.84        240         0.0309786   0.780977    0.962292    0.388667    
7           2           3.84        150         0.0467522   0.686048    0.962012    0.605225    
7           3           3.84        240         0.287004    0.878574    0.811796    0.35397     
7           4           2.56        270         0.11942     0.401082    0.931334    0.787608    
7           5           2.56        330         0.125314    0.509724    0.909383    0.764033    
7           6           5.12        150         0.0464336   0.585826    0.9247      0.620363    
7           7           2.56        300         0.0726592   0.453519    0.883282    0.695582    
7           8           3.84        210         0.0515464   0.987767    0.961382    0.145183    
7           9           3.84        120         0.0275743   0.487565    0.969494    0.740766    
7           10          3.84        300         0.103693    0.534512    0.891607    0.699115    
7           11          3.84        120         0.383645    0.204513    0.932351    0.917368    
7           12          2.56        240         0.0630105   0.446713    0.950393    0.723688    
7           13          1.92        270         0.0423993   0.417574    0.835846    0.787842    
7           14          2.56        270         0.237213    0.13986     0.901118    0.939049    
7           15          2.56        300         0.047793    0.394275    0.914638    0.77126     
7           16          2.56        180         0.396608    0.272601    0.864769    0.817864    
7           17          3.84        0           0.33627     0.44093     0.890138    0.68889     
7           18          1.28        120         0.331771    0.357421    0.768861    0.778683    
7           19          2.56        300         0.232275    -0.0302328  0.916255    0.976773    
7           20          3.84        30          0.0474004   0.830203    0.982742    0.537778    
7           21          2.56        270         0.335619    0.0515571   0.848039    0.984888    
7           22          3.84        270         0.139801    0.0250094   0.987275    0.988017    
7           23          3.84        0           0.0961062   0.332352    0.956779    0.779277    
7           24          2.56        30          0.0530776   0.353881    0.978723    0.774764    
7           25          2.56        30          0.158026    0.27932     0.920458    0.874352    
7           26          2.56        30          0.0857399   0.623454    0.95013     0.617752    
7           27          5.12        0           0.170951    0.978948    0.865945    0.42718     
7           28          3.84        30          0.333642    0.740169    0.910844    0.592363    
7           29          2.56        0           0.311214    0.436342    0.87619     0.744051    
7           30          2.56        0           0.125252    0.434584    0.895298    0.760823    
7           31          2.56        330         0.225889    0.261793    0.92513     0.901152    
7           32          2.56        330         0.200749    0.216239    0.839605    0.923394    
7           33          3.84        30          0.1824      0.87999     0.906188    0.504418    
7           34          2.56        30          0.0383473   0.57792     0.965947    0.68319     
7           35          1.92        210         0.0868959   0.350945    0.942577    0.803991    
7           36          2.56        330         0.387543    0.170368    0.90182     0.90388     
7           37          2.56        30          0.236429    0.811133    0.869819    0.506996    
7           38          3.84        180         0.173077    0.766565    0.953455    0.599927    
7           39          5.12        0           0.153089    0.980637    0.873371    0.243543    
7           40          1.28        210         0.498767    0.581683    0.67258     0.6042      
7           41          2.56        330         0.122073    0.395869    0.928522    0.764366    
7           42          3.84        0           0.105434    0.364704    0.990043    0.793736    
7           43          2.56        330         0.138877    0.411372    0.931266    0.803629    
7           44          2.56        330         0.0973344   0.379091    0.968733    0.804115    
7           45          3.84        30          0.060806    0.485364    0.956247    0.771736    
7           46          3.84        0           0.0580018   0.705973    0.970924    0.540091    
7           47          2.56        330         0.178084    0.382622    0.899203    0.713521    
7           48          5.12        0           0.0826696   0.985493    0.886646    0.331805    
7           49          3.84        0           0.366368    0.712798    0.866395    0.550257    
7           50          3.84        0           0.235826    0.123062    0.94216     0.875035    
7           51          3.84        0           0.0154547   0.731782    0.960529    0.529157    
7           52          2.56        210         0.0865664   0.496617    0.934453    0.762512    
7           53          3.84        0           0.123521    0.0928094   0.991349    0.900138    
7           54          5.12        0           0.0243309   0.418013    0.860945    0.7845      
7           55          2.56        330         0.208535    0.620085    0.87674     0.710958    
7           56          7.68        0           0.287829    1           0.814442    0.23041     
7           57          2.56        330         0.10669     0.764807    0.891837    0.559633    
7           58          3.84        0           0.268414    0.491556    0.962725    0.696282    
7           59          5.12        0           0.0389436   0.887303    0.958153    0.368204    
7           60          3.84        0           0.080564    0.768344    0.991229    0.455741    
7           61          5.12        180         0.00161707  1           0.944253    0.309844    
7           62          3.84        150         0.040613    0.72549     0.979019    0.554461    
7           63          3.84        150         0.0480688   0.842488    0.986429    0.359539    
7           64          3.84        0           0.162767    0.103621    0.981863    0.799387    
7           65          3.84        30          0.0551801   0.420033    0.950965    0.765466    
7           66          5.12        210         0.274975    0.566799    0.80416     0.585036    
7           67          5.12        150         0.216789    0.570011    0.897949    0.604852    
7           68          1.92        30          0.185192    0.311781    0.932042    0.849644    
7           69          3.84        150         0.0403266   0.908125    0.93829     0.391935    
7           70          3.84        180         0.028698    0.212846    0.931645    0.846992    
7           71          5.12        210         0.339597    0.657686    0.777428    0.626461    
7           72          3.84        0           0.0404155   0.370588    0.972153    0.792402    
7           73          3.84        150         0.136608    0.958146    0.94471     0.268413    
7           74          5.12        150         0.155157    0.987053    0.902524    0.159943    
7           75          5.12        180         0.0738042   0.948881    0.936898    0.339832    
7           76          3.84        180         0.0200001   0.799206    0.935368    0.464108    
7           77          5.12        0           0.153402    0.889043    0.932131    0.538391    
7           78          3.84        330         0.0353099   0.672394    0.979272    0.554263    
7           79          5.12        330         0.0214503   0.957176    0.968061    0.221791    
7           80          5.12        330         0.116278    1           0.907189    0.253868    
7           81          2.56        330         0.551409    0.928258    0.554228    0.317463    
7           82          3.84        180         0.0165918   0.560205    0.926253    0.686389    
7           83          7.68        180         0.168074    0.844026    0.905263    0.347       
7           84          3.84        210         0.0518236   0.435597    0.915812    0.752674    
7           85          3.84        150         0.130187    0.882968    0.933448    0.363487    
7           86          7.68        330         0.0445497   1           0.992662    0.171316    
7           87          7.68        180         0.150423    0.910734    0.936436    0.303673    
7           88          5.12        180         0.128745    0.967156    0.869525    0.413597    
7           89          7.68        180         0.0823707   0.89325     0.948328    0.424935    
7           90          3.84        150         0.364528    0.911526    0.789446    0.346099    
7           91          5.12        180         0.112173    0.775595    0.832461    0.443509    
7           92          7.68        180         0.239412    0.889611    0.912888    0.496534    
7           93          7.68        150         0.084727    0.90335     0.971987    0.352536    
7           94          5.12        180         0.106107    0.843769    0.895406    0.541079    
7           95          7.68        330         0.0134833   0.976884    0.979368    0.202166    
7           96          7.68        150         0.070137    0.778423    0.940971    0.393721    
7           97          5.12        180         0.072777    0.872415    0.870642    0.45021     
7           98          7.68        180         0.136841    0.991978    0.940035    0.290305    
7           99          3.84        30          0.04237     0.805701    0.969979    0.560482    
7           100         7.68        150         0.110081    0.85042     0.928481    0.383165    
7           101         2.56        330         0.00689902  0.669295    0.979488    0.654461    
7           102         7.68        150         0.065266    1           0.9284      0.204459    
7           103         7.68        180         0.173914    0.889353    0.879655    0.397098    
7           104         2.56        210         0.16095     0.359114    0.911274    0.802347    
7           105         5.12        180         0.192463    0.564739    0.896358    0.695154    
7           106         7.68        180         0.0621743   0.829261    0.912799    0.563651    
7           107         7.68        150         0.0258648   0.974596    0.965998    0.180923    
7           108         1.92        240         0.207037    0.196509    0.961555    0.914292    
7           109         10.24       180         0.0195676   1           0.967541    0.142803    
7           110         3.84        210         0.0423401   0.769072    0.954521    0.539028    
7           111         3.84        120         0.200855    0.65547     0.951947    0.574315    
7           112         3.84        120         0.0639632   0.71427     0.934644    0.546732    
7           113         7.68        150         0.0254732   0.931782    0.936789    0.243225    
7           114         3.84        210         0.135795    0.837237    0.942746    0.502416    
7           115         7.68        180         0.141263    0.835878    0.882094    0.469526    
7           116         7.68        180         0.234159    0.928833    0.930561    0.410991    
7           117         2.56        210         0.00396626  0.745828    0.988317    0.562317    
7           118         10.24       330         0.128868    1           0.908073    0.144204    
7           119         7.68        150         0.0868179   1           0.954963    0.217047    
7           120         2.56        210         0.0100712   0.76746     0.981643    0.491253    
7           121         3.84        120         0.0378103   0.758473    0.898432    0.543883    
7           122         3.84        240         0.143626    0.577348    0.921514    0.732376    
7           123         3.84        30          0.0649586   0.533175    0.965031    0.58483     
7           124         3.84        30          0.0179866   0.76859     0.988512    0.561736    
7           125         3.84        120         0.13827     0.727706    0.904026    0.597226    
7           126         3.84        210         0.136056    0.736703    0.897656    0.447238    
7           127         7.68        330         0.10641     0.837681    0.920212    0.423286    
7           128         3.84        240         0.100081    0.494895    0.884845    0.64816     
7           129         7.68        0           0.0290768   0.806491    0.961639    0.365938    
7           130         2.56        240         0.194824    0.558345    0.884403    0.6238      
7           131         2.56        210         0.253183    0.690502    0.878501    0.52526     
7           132         10.24       180         0.0203425   0.989898    0.97304     0.11861     
7           133         10.24       330         0.216849    0.992979    0.908607    0.309349    
7           134         5.12        240         0.370687    0.385888    0.827015    0.884935    
7           135         2.56        210         0.142642    0.555233    0.949193    0.631216    
7           136         3.84        270         0.298172    0.518478    0.920607    0.738614    
7           137         3.84        120         0.0949621   0.505404    0.967761    0.739038    
7           138         7.68        180         0.120542    0.908004    0.92172     0.361902    
7           139         7.68        60          0.317631    0.680805    0.893335    0.5606      
7           140         7.68        180         0.350273    0.632994    0.821671    0.600589    
7           141         10.24       330         0.00744367  0.754708    0.905148    0.361264    
7           142         7.68        180         0.310544    0.837657    0.913396    0.574346    
7           143         5.12        240         0.363179    0.694557    0.840786    0.548173    
7           144         7.68        180         0.114404    0.944473    0.888318    0.344771    
7           145         10.24       150         0.104615    0.986107    0.969079    0.183187    
7           146         10.24       150         0.0280637   0.827301    0.909789    0.421253    
7           147         10.24       150         0.0136738   0.495655    0.970934    0.628244    
7           148         7.68        150         0.0988815   0.769019    0.905408    0.408766    
7           149         7.68        240         0.397095    0.995811    0.614859    0.152918    
7           150         2.56        240         0.101358    0.587143    0.926317    0.589318    
7           151         5.12        240         0.422833    0.868935    0.767272    0.415417    
7           152         5.12        240         0.416761    0.540726    0.799075    0.605409    
7           153         5.12        240         0.287038    0.510927    0.828562    0.687305    
7           154         3.84        60          0.0864153   0.855905    0.95267     0.379268    
7           155         7.68        150         0.0991566   0.810192    0.896892    0.436186    
7           156         3.84        60          0.00545461  0.656911    0.972434    0.644059    
7           157         5.12        0           0.495324    1           0.628362    0.526686    
7           158         7.68        150         0.124199    0.815401    0.914798    0.468344    
7           159         5.12        240         0.385227    0.640654    0.771814    0.59438     
7           160         7.68        180         0.260561    0.740966    0.827034    0.407639    
7           161         3.84        270         0.205303    0.53488     0.846291    0.639683    
7           162         7.68        330         0.172253    1           0.893309    0.280038    
7           163         3.84        240         0.0677407   0.808541    0.892034    0.436785    
7           164         5.12        0           0.250747    0.0788065   0.858244    0.924825    
7           165         3.84        240         0.043242    0.523057    0.927018    0.721089    
7           166         5.12        240         0.502676    0.839744    0.686893    0.384131    
7           167         5.12        330         0.73659     0.207505    0.537441    0.800813    
7           168         7.68        180         0.452633    0.679127    0.820298    0.413127    
7           169         5.12        240         0.378779    0.771697    0.768759    0.459878    
7           170         7.68        60          0.241589    0.671993    0.874617    0.548153    
7           171         10.24       150         0.175353    0.47072     0.804167    0.568447    
7           172         5.12        240         0.504607    0.985765    0.586463    0.211322    
7           173         10.24       330         0.358501    0.50183     0.845123    0.44462     
7           174         5.12        240         0.37812     0.91442     0.775734    0.446911    
7           175         10.24       210         0.0449001   0.578629    0.970649    0.673575    
7           176         10.24       210         0.259439    0.650089    0.844964    0.602538    
7           177         7.68        60          0.249692    0.990463    0.835695    0.215433    
7           178         7.68        60          0.226068    0.687357    0.929777    0.615147    
7           179         5.12        150         0.931699    0.795163    0.665224    0.508347    
7           180         3.84        30          0.304314    0.345984    0.927191    0.8571      
7           181         7.68        60          0.281574    0.800527    0.946519    0.62934     
8           0           2.56        60          0.188235    0.439622    0.933944    0.798473    
8           1           2.56        330         0.115926    0.43684     0.900321    0.728437    
8           2           3.84        240         0.0977674   0.824725    0.930228    0.433234    
8           3           3.84        240         0.114698    0.709537    0.919406    0.47599     
8           4           2.56        180         0.146752    0.18783     0.839153    0.882211    
8           5           2.56        300         0.0997999   0.468191    0.872612    0.724993    
8           6           1.92        300         0.105035    0.419216    0.94224     0.766701    
8           7           3.84        0           0.140182    0.419546    0.971109    0.757509    
8           8           2.56        120         0.0247877   0.331981    0.971707    0.817721    
8           9           2.56        270         0.134695    0.230613    0.982959    0.87075     
8           10          2.56        150         0.158156    0.398577    0.960534    0.760809    
8           11          1.92        270         0.00762229  0.287145    0.995124    0.866286    
8           12          1.92        300         0.0356263   0.429015    0.977856    0.784276    
8           13          2.56        150         0.076392    0.23949     0.968524    0.871807    
8           14          3.84        210         0.0527224   0.596522    0.990975    0.613101    
8           15          1.92        270         0.152289    0.18602     0.88511     0.909435    
8           16          3.84        210         0.051444    0.833669    0.958413    0.41281     
8           17          2.56        60          0.513521    0.193033    0.94252     0.960957    
8           18          2.56        300         0.427342    0.618295    0.751306    0.588143    
8           19          1.92        270         0.110311    0.371745    0.934401    0.819077    
8           20          2.56        270         0.384463    0.447398    0.801333    0.734837    
8           21          1.92        30          0.120129    0.224958    0.878039    0.866121    
8           22          0.64        300         0.194574    0.331722    0.743814    0.817141    
8           23          2.56        30          0.0810709   0.669523    0.882983    0.589288    
8           24          1.92        30          0.146202    0.358558    0.962676    0.853846    
8           25          2.56        0           0.119129    0.317346    0.935715    0.876793    
8           26          1.92        210         0.189173    0.784152    0.888188    0.537505    
8           27          2.56        0           0.0563194   0.121854    0.976733    0.966728    
8           28          0.64        300         0.326041    0.265896    0.783987    0.793283    
8           29          2.56        300         0.138589    0.113839    0.957152    0.918744    
8           30          2.56        120         0.0443171   0.283517    0.930295    0.85742     
8           31          1.28        300         0.332994    0.30507     0.933147    0.841694    
8           32          1.92        210         0.151699    0.330677    0.956012    0.855796    
8           33          2.56        0           0.21386     0.191336    0.932266    0.860478    
8           34          2.56        30          0.362284    0.719485    0.832674    0.546433    
8           35          1.92        240         0.193653    0.177841    0.947749    0.928085    
8           36          2.56        0           0.0906481   0.264223    0.926134    0.858108    
8           37          3.84        0           0.165785    0.541957    0.962416    0.62775     
8           38          7.68        180         0.514062    1           0.657027    0.229916    
8           39          2.56        0           0.215024    0.200633    0.925483    0.904377    
8           40          2.56        0           0.0819282   0.307129    0.949648    0.829284    
8           41          1.92        330         0.179494    0.287035    0.877976    0.801973    
8           42          3.84        150         0.121883    0.708477    0.946615    0.566913    
8           43          2.56        0           0.0856531   0.229639    0.954072    0.847185    
8           44          3.84        0           0.24059     0.355764    0.942672    0.641732    
8           45          3.84        0           0.181997    0.952705    0.921226    0.293346    
8           46          1.92        330         0.171784    0.447565    0.8931      0.770209    
8           47          2.56        0           0.0844287   0.16659     0.962216    0.945325    
8           48          2.56        0           0.156041    0.189274    0.960913    0.909085    
8           49          2.56        0           0.0979723   0.302925    0.934683    0.879285    
8           50          2.56        150         0.347083    0.436309    0.897294    0.816278    
8           51          2.56        0           0.132235    0.169417    0.938511    0.950893    
8           52          3.84        0           0.14527     0.559964    0.974864    0.639718    
8           53          1.92        330         0.131881    0.512941    0.945076    0.745396    
8           54          3.84        0           0.0398715   0.383562    0.964208    0.716621    
8           55          2.56        0           0.112043    0.379115    0.929673    0.77728     
8           56          10.24       0           0.423094    0.920166    0.694538    0.179449    
8           57          3.84        0           0.153463    0.717291    0.960123    0.496426    
8           58          1.92        330         0.167569    0.510268    0.93409     0.708781    
8           59          2.56        0           0.153747    0.642742    0.895784    0.610097    
8           60          3.84        150         0.122532    0.835401    0.957419    0.507849    
8           61          1.28        240         0.993823    0.215975    0.674665    0.797345    
8           62          2.56        0           0.177368    0.226601    0.943855    0.902535    
8           63          3.84        210         0.142103    0.696114    0.893178    0.61646     
8           64          3.84        0           0.0917634   0.609898    0.979869    0.606412    
8           65          3.84        90          0.72945     -0.14837    0.864815    0.841085    
8           66          3.84        210         0.262008    0.786407    0.894169    0.58079     
8           67          2.56        0           0.0176148   0.455564    0.959224    0.7321      
8           68          2.56        0           0.0187241   0.308345    0.959801    0.821232    
8           69          3.84        120         0.518182    0.154319    0.789061    0.851204    
8           70          5.12        150         0.175993    0.675262    0.827563    0.485125    
8           71          3.84        0           0.107368    0.793079    0.946226    0.466181    
8           72          5.12        150         0.251443    0.978491    0.810357    0.31154     
8           73          3.84        0           0.0308422   0.582155    0.948431    0.541008    
8           74          1.28        210         0.12995     0.191665    0.874008    0.885056    
8           75          1.92        330         0.279553    0.717286    0.850591    0.558876    
8           76          7.68        180         0.373637    0.901675    0.839383    0.518587    
8           77          1.92        330         0.646928    0.888415    0.501129    0.38636     
8           78          7.68        180         0.371485    0.911289    0.806294    0.436715    
8           79          2.56        180         0.608522    0.881933    0.527809    0.573652    
8           80          10.24       150         0.215735    1           0.929895    0.195258    
8           81          7.68        180         0.237227    1           0.870169    0.426498    
8           82          3.84        210         0.145684    0.454028    0.975159    0.752631    
8           83          1.28        240         0.602917    0.523787    0.73933     0.742276    
8           84          10.24       150         0.167854    1           0.918745    0.17452     
8           85          3.84        0           0.166532    0.680835    0.985256    0.598939    
8           86          7.68        330         0.136681    0.979422    0.927275    0.180822    
8           87          3.84        0           0.1889      0.656494    0.989403    0.572128    
8           88          5.12        150         0.124832    0.81513     0.869459    0.491642    
8           89          5.12        150         0.390715    0.325566    0.800397    0.798333    
8           90          7.68        330         0.0973137   0.976772    0.969403    0.25489     
8           91          7.68        180         0.213933    0.637374    0.847411    0.655974    
8           92          3.84        210         0.207538    0.368016    0.942262    0.74297     
8           93          7.68        330         0.0688245   0.810668    0.930345    0.44564     
8           94          7.68        330         0.0877802   0.967106    0.922958    0.290843    
8           95          7.68        330         0.0962017   0.873719    0.977645    0.376091    
8           96          3.84        210         0.178829    0.400782    0.933385    0.725982    
8           97          3.84        210         0.120973    0.717773    0.95923     0.556408    
8           98          2.56        120         0.30937     0.548081    0.848029    0.683884    
8           99          1.92        210         0.311364    0.154826    0.886367    0.794607    
8           100         7.68        330         0.0332729   0.878903    0.955635    0.304462    
8           101         7.68        330         0.0671309   0.818506    0.924238    0.473669    
8           102         5.12        120         0.334029    0.663533    0.828936    0.586613    
8           103         10.24       150         0.0977377   1           0.941195    0.228758    
8           104         3.84        240         0.141107    0.318686    0.961751    0.821735    
8           105         2.56        60          0.442405    0.246807    0.887076    0.828671    
8           106         2.56        30          0.499936    0.368704    0.748291    0.73349     
8           107         3.84        210         0.225231    0.468223    0.883867    0.744476    
8           108         2.56        120         0.164752    0.329008    0.938608    0.820643    
8           109         10.24       120         0.145388    0.951963    0.944447    0.428154    
8           110         5.12        270         0.336832    0.373997    0.957755    0.783017    
8           111         7.68        0           0.0537564   0.969647    0.991058    0.237923    
8           112         3.84        240         0.161011    0.641519    0.951119    0.671072    
8           113         3.84        240         0.10443     0.785251    0.922202    0.50151     
8           114         2.56        240         0.0590736   0.38424     0.972703    0.784425    
8           115         3.84        0           0.2727      0.628111    0.974577    0.603813    
8           116         1.28        90          0.418192    0.248452    0.798441    0.825206    
8           117         5.12        270         0.238065    0.505848    0.957659    0.743359    
8           118         0.96        270         0.1923      0.557558    0.875368    0.639575    
8           119         2.56        60          0.255985    0.645022    0.864081    0.665725    
8           120         10.24       90          0.0222098   0.756605    0.917692    0.524659    
8           121         3.84        240         0.0700787   0.715813    0.912544    0.582395    
8           122         10.24       0           0.0269041   0.53422     0.937141    0.699628    
8           123         5.12        150         0.133218    0.658393    0.895589    0.621592    
8           124         3.84        240         0.116486    0.777287    0.92102     0.530207    
8           125         7.68        180         0.607515    0.865349    0.796267    0.378979    
8           126         10.24       150         0.0546935   0.722201    0.922248    0.608282    
8           127         2.56        60          0.0575268   0.633833    0.953632    0.568127    
8           128         3.84        240         0.127318    0.846027    0.929222    0.38842     
8           129         2.56        60          0.0859909   0.594407    0.948733    0.646956    
8           130         3.84        270         0.142768    0.716781    0.92416     0.450576    
8           131         10.24       90          0.0157033   0.213311    0.936565    0.904704    
8           132         10.24       180         0.183047    0.273688    0.866029    0.67242     
8           133         3.84        270         0.123873    0.837925    0.909295    0.390977    
8           134         3.84        270         0.218865    0.910104    0.825376    0.267386    
8           135         10.24       180         0.0960744   0.411005    0.867881    0.663798    
8           136         7.68        180         0.365907    0.75305     0.821365    0.597792    
8           137         5.12        60          0.0486787   0.67636     0.899617    0.527013    
8           138         3.84        240         0.15322     0.822112    0.963215    0.5257      
8           139         5.12        60          0.0809832   0.69479     0.970257    0.516379    
8           140         2.56        60          0.153258    0.648752    0.875344    0.568871    
8           141         7.68        240         0.210997    0.989625    0.777614    0.0941041   
8           142         5.12        60          0.136345    0.718319    0.97794     0.600563    
8           143         2.56        0           0.217944    0.322193    0.841955    0.8642      
8           144         7.68        150         0.44881     0.356946    0.798808    0.715693    
8           145         7.68        180         0.620528    0.953242    0.873387    0.457982    
8           146         7.68        210         0.0960784   0.674103    0.871568    0.647295    
8           147         5.12        90          0.101719    0.897085    0.924882    0.180302    
8           148         7.68        180         0.519483    0.938309    0.601663    0.494392    
8           149         2.56        60          0.165735    0.489287    0.932277    0.716217    
8           150         7.68        240         0.277518    0.7943      0.83133     0.505958    
9           0           1.92        240         0.288179    0.642874    0.839365    0.676804    
9           1           2.56        300         0.0519667   0.529616    0.954785    0.675075    
9           2           3.84        330         0.221128    0.570444    0.901485    0.639229    
9           3           5.12        150         0.395476    0.996955    0.733454    0.175809    
9           4           3.84        0           0.232318    0.978649    0.795766    0.245169    
9           5           2.56        60          0.0151068   0.805239    0.912261    0.490087    
9           6           2.56        270         0.073298    0.585989    0.936797    0.687818    
9           7           2.56        300         0.127824    0.428396    0.853291    0.714451    
9           8           3.84        0           0.218364    0.941092    0.873222    0.35353     
9           9           3.84        0           0.254587    0.884498    0.821855    0.400605    
9           10          3.84        330         0.076875    0.401139    0.972699    0.723527    
9           11          2.56        270         0.0277446   0.450617    0.964687    0.76353     
9           12          2.56        270         0.0435385   0.488306    0.95716     0.714942    
9           13          2.56        270         0.0773024   0.551204    0.967511    0.715683    
9           14          1.92        300         0.0545756   0.388954    0.916586    0.819828    
9           15          3.84        0           0.187816    0.215158    0.943596    0.839248    
9           16          1.92        270         0.193063    0.460546    0.822888    0.754728    
9           17          2.56        120         0.0160402   0.354764    0.967527    0.786424    
9           18          2.56        120         0.0328525   0.190669    0.977937    0.874376    
9           19          1.92        300         0.21251     0.188895    0.823858    0.888846    
9           20          3.84        0           0.149888    0.529441    0.861665    0.663058    
9           21          1.92        330         0.538728    0.0343887   0.799207    0.896385    
9           22          2.56        30          0.0339753   0.958497    0.932639    0.360464    
9           23          2.56        270         0.1535      0.222205    0.938166    0.919685    
9           24          2.56        270         0.251199    0.0685703   0.905773    0.973834    
9           25          3.84        150         0.0415863   0.245192    0.946422    0.849562    
9           26          3.84        330         0.041533    0.165387    0.972648    0.915301    
9           27          2.56        210         0.0218469   0.492752    0.983811    0.706016    
9           28          1.92        150         0.545545    0.00467248  0.802385    0.942358    
9           29          2.56        120         0.0727184   0.0422552   0.968066    0.945054    
9           30          2.56        240         0.106068    0.428443    0.828975    0.713712    
9           31          2.56        120         0.0484449   0.0777709   0.943367    0.940702    
9           32          2.56        30          0.278481    0.313263    0.847628    0.832107    
9           33          1.92        330         0.0779645   0.681709    0.720815    0.602203    
9           34          2.56        30          0.0698127   0.503677    0.918772    0.732206    
9           35          2.56        90          0.117353    0.135367    0.954257    0.929898    
9           36          2.56        210         0.0497305   0.416165    0.93995     0.813117    
9           37          3.84        0           0.171558    0.140755    0.940064    0.889725    
9           38          2.56        330         0.0742329   0.174392    0.987681    0.93826     
9           39          3.84        90          0.13786     0.119767    0.961642    0.90743     
9           40          2.56        30          0.00528176  0.744173    0.991752    0.593947    
9           41          2.56        30          0.0622669   0.791424    0.949072    0.504552    
9           42          2.56        30          0.0699346   0.491703    0.98066     0.742227    
9           43          0.96        120         0.176737    0.481336    0.877623    0.749191    
9           44          3.84        180         0.236512    0.27587     0.942985    0.869099    
9           45          2.56        300         0.0357338   0.1595      0.961398    0.905229    
9           46          2.56        330         0.1156      0.320896    0.911301    0.836085    
9           47          2.56        30          0.282111    0.372491    0.815923    0.803182    
9           48          2.56        330         0.232299    0.358857    0.901453    0.842744    
9           49          0.64        120         0.415951    0.244735    0.680137    0.861196    
9           50          2.56        210         0.019289    0.298826    0.96515     0.836472    
9           51          2.56        150         0.0292048   0.371439    0.973693    0.846006    
9           52          3.84        240         0.560435    0.300051    0.94533     0.845739    
9           53          2.56        30          0.100521    0.082144    0.973126    0.955049    
9           54          7.68        0           0.184903    0.635328    0.90654     0.667949    
9           55          2.56        30          0.608629    0.604611    0.668919    0.641133    
9           56          2.56        60          0.374347    -0.0335306  0.916716    0.976833    
9           57          1.92        240         0.2128      0.2377      0.873061    0.899023    
9           58          7.68        180         0.196968    0.897054    0.830133    0.191979    
9           59          2.56        30          0.267127    0.2074      0.873203    0.882981    
9           60          5.12        0           0.112391    0.724243    0.876447    0.648508    
9           61          2.56        330         0.162209    0.422187    0.911186    0.821524    
9           62          1.92        330         0.249598    0.348293    0.86782     0.817244    
9           63          2.56        30          0.0782051   0.0902229   0.942475    0.953505    
9           64          5.12        0           0.239022    0.303578    0.89292     0.861855    
9           65          2.56        330         0.0796828   0.417371    0.961       0.805152    
9           66          2.56        150         0.0383593   0.472956    0.943062    0.753747    
9           67          2.56        330         0.0907789   0.33409     0.959839    0.819583    
9           68          2.56        150         0.0213718   0.144192    0.915106    0.959989    
9           69          3.84        0           0.023231    0.556747    0.957549    0.68328     
9           70          5.12        0           0.160851    0.929213    0.841882    0.355559    
9           71          3.84        210         0.172543    0.582853    0.918272    0.736344    
9           72          5.12        0           0.082918    0.967166    0.855285    0.151905    
9           73          2.56        330         0.14239     0.429709    0.961742    0.79847     
9           74          3.84        0           0.169361    0.694349    0.899296    0.591761    
9           75          3.84        0           0.020647    0.498856    0.960962    0.710679    
9           76          2.56        30          0.219668    0.189599    0.964222    0.924895    
9           77          5.12        0           0.00204697  0.516078    0.895398    0.708477    
9           78          2.56        0           0.111041    0.322572    0.92836     0.754267    
9           79          5.12        0           0.0762606   0.670062    0.903872    0.683828    
9           80          3.84        330         0.163929    0.617111    0.913724    0.632614    
9           81          2.56        330         0.149918    0.261274    0.934972    0.862498    
9           82          2.56        330         0.175632    0.345419    0.874992    0.852088    
9           83          3.84        240         0.185803    0.251738    0.93491     0.829007    
9           84          3.84        330         0.184056    0.438027    0.920027    0.737619    
9           85          2.56        330         0.183721    0.439557    0.898634    0.759791    
9           86          3.84        210         0.207984    0.636541    0.93727     0.661435    
9           87          2.56        330         0.036478    0.552296    0.954556    0.715035    
9           88          3.84        210         0.222742    0.518205    0.891214    0.595647    
9           89          3.84        180         0.0717039   0.931419    0.95951     0.270032    
9           90          2.56        330         0.0660587   0.590995    0.888758    0.662993    
9           91          3.84        0           0.133689    0.784266    0.867949    0.456843    
9           92          5.12        0           0.21565     0.999996    0.837563    0.201107    
9           93          2.56        240         0.100394    0.188384    0.940812    0.834225    
9           94          3.84        210         0.20114     0.634916    0.909187    0.683698    
9           95          2.56        330         0.189602    0.139165    0.896273    0.882917    
9           96          3.84        30          0.504673    0.683361    0.725168    0.59788     
9           97          2.56        330         0.201735    0.624335    0.865042    0.677051    
9           98          5.12        0           0.121148    0.984293    0.891014    0.261976    
9           99          3.84        330         0.10156     0.623834    0.963966    0.638054    
9           100         5.12        150         0.400909    1           0.644358    0.0502065   
9           101         5.12        180         0.0162776   0.998413    0.975474    0.227341    
9           102         3.84        330         0.185655    0.637454    0.907537    0.562802    
9           103         3.84        210         0.4181      0.918764    0.735335    0.324527    
9           104         7.68        180         0.0223723   0.813968    0.900225    0.373515    
9           105         3.84        210         0.298417    0.572248    0.844854    0.68158     
9           106         2.56        270         0.36614     0.659516    0.840698    0.624953    
9           107         3.84        180         0.0573858   0.876394    0.950188    0.345157    
9           108         2.56        330         0.126354    0.910314    0.900004    0.426503    
9           109         7.68        0           0.120366    0.775633    0.893556    0.399507    
9           110         7.68        180         0.0129653   0.589099    0.978768    0.61567     
9           111         5.12        330         0.146204    0.719338    0.909292    0.49763     
9           112         5.12        180         0.0335844   0.727314    0.96677     0.470616    
9           113         2.56        210         0.120029    0.498425    0.976841    0.75839     
9           114         3.84        0           0.0215637   0.740724    0.923423    0.553153    
9           115         10.24       150         0.224284    0.880913    0.795096    0.191267    
9           116         7.68        150         0.0666204   0.963017    0.888086    0.278862    
9           117         7.68        150         0.200813    0.898896    0.846647    0.500615    
9           118         7.68        180         0.174987    0.839905    0.844333    0.229804    
9           119         3.84        150         0.143333    0.673753    0.897673    0.565761    
9           120         7.68        180         0.041112    0.887918    0.93394     0.284123    
9           121         3.84        210         0.409073    0.633677    0.791581    0.60907     
9           122         2.56        30          0.042219    0.75324     0.92759     0.546877    
9           123         10.24       330         0.0321602   0.910747    0.941683    0.246348    
9           124         7.68        180         0.0204073   0.623392    0.931983    0.542356    
9           125         7.68        180         0.0609922   0.906343    0.945808    0.28239     
9           126         5.12        0           0.130805    0.296982    0.896944    0.851905    
9           127         2.56        210         0.023244    0.546839    0.957871    0.663208    
9           128         2.56        120         0.249181    0.499717    0.856509    0.666492    
9           129         7.68        240         0.486765    0.305108    0.773799    0.764766    
9           130         10.24       330         0.102843    0.496313    0.937301    0.773283    
9           131         10.24       330         0.106089    0.825333    0.940649    0.271231    
9           132         1.92        240         0.261166    0.68996     0.820706    0.63135     
9           133         3.84        90          0.249737    0.32761     0.905518    0.814492    
9           134         2.56        120         0.205723    0.518667    0.906143    0.6615      
9           135         2.56        120         0.254337    0.511502    0.873228    0.677515    
9           136         2.56        120         0.152518    0.223428    0.977086    0.756424    
9           137         2.56        180         0.70508     0.862072    0.453251    0.329733    
9           138         3.84        210         0.149432    0.450523    0.966316    0.772649    
9           139         7.68        180         0.0508112   0.901646    0.919894    0.23947     
9           140         2.56        120         0.169566    0.355518    0.954       0.745491    
9           141         7.68        270         0.473196    0.268823    0.771586    0.732682    
9           142         2.56        120         0.308968    0.633798    0.80594     0.630445    
9           143         3.84        210         0.193       0.266346    0.939766    0.859173    
9           144         3.84        240         0.0971077   0.419459    0.922233    0.747067    
9           145         2.56        30          0.345377    0.513431    0.834234    0.647597    
9           146         2.56        60          0.0631475   0.423935    0.987368    0.768497    
9           147         3.84        240         0.115658    0.774327    0.931473    0.528585    
9           148         7.68        150         0.119775    0.592066    0.807039    0.700203    
9           149         10.24       240         0.153359    0.757575    0.800597    0.574301    
9           150         5.12        120         0.213796    0.665706    0.86018     0.641629    
9           151         7.68        330         0.179544    0.92914     0.87911     0.254325    
9           152         7.68        150         0.308929    0.952721    0.824507    0.366086    
9           153         3.84        240         0.107773    0.772785    0.884476    0.527346    
9           154         2.56        60          0.0119351   0.754963    0.931019    0.550352    
9           155         7.68        0           0.181491    0.846672    0.912409    0.489244    
9           156         2.56        270         0.0758843   0.829835    0.968846    0.546889    
9           157         7.68        0           0.181475    0.427149    0.87526     0.817707    
9           158         3.84        210         0.496708    0.735112    0.733403    0.452695    
9           159         1.92        60          0.223277    0.488799    0.84779     0.748349    
9           160         3.84        60          0.0226151   0.753425    0.930989    0.472091    
9           161         7.68        0           0.121191    0.555373    0.963213    0.601417    
9           162         7.68        0           0.00504492  0.818856    0.976338    0.356428    
9           163         3.84        240         0.146254    0.574515    0.926548    0.712794    
9           164         10.24       270         0.163688    0.419297    0.923792    0.835968    
9           165         7.68        0           0.396777    0.505594    0.807589    0.545655    
9           166         3.84        240         0.151411    0.639732    0.903161    0.576677    
9           167         7.68        180         0.0955582   0.437227    0.864686    0.660748    
9           168         3.84        60          0.649658    1           0.545169    0.170574    
9           169         10.24       330         0.0372901   0.757847    0.989249    0.4173      
9           170         3.84        60          0.317597    0.805228    0.899254    0.49665     
9           171         7.68        0           0.012063    0.498467    0.91056     0.614408    
9           172         7.68        0           0.0886166   0.548446    0.993818    0.455734    
9           173         7.68        0           0.08868     0.733185    0.983628    0.432492    
9           174         2.56        60          0.182188    0.691786    0.932122    0.588962    
9           175         10.24       330         0.101968    0.59543     0.913188    0.542657    
9           176         2.56        60          0.116129    0.733722    0.961748    0.561497    
9           177         3.84        240         0.166909    0.797441    0.890377    0.444497    
9           178         3.84        240         0.151782    0.837554    0.834991    0.415698    
9           179         10.24       330         0.383785    0.266364    0.898197    0.7073      
9           180         2.56        90          0.0526828   0.832537    0.927623    0.498985    
9           181         5.12        240         0.435962    0.575997    0.890155    0.699365    
9           182         10.24       330         0.0921642   0.223497    0.965891    0.901849    
9           183         7.68        180         0.00154425  0.517445    0.880916    0.57823     
9           184         1.28        90          1           1           0.600409    0.693461    
9           185         2.56        60          0.117667    0.66137     0.926795    0.646803    
9           186         2.56        240         0.461908    0.917932    0.635586    0.264848    
9           187         10.24       180         0.294601    0.417207    0.928806    0.620103    
9           188         2.56        60          0.0387483   0.859262    0.973311    0.450844    
9           189         1.92        240         0.24627     0.699211    0.833869    0.643437    
9           190         7.68        180         0.211931    0.666049    0.879632    0.549384    
9           191         3.84        240         0.149106    0.877848    0.84401     0.448937    
9           192         3.84        240         0.207989    0.678261    0.90913     0.589118    
9           193         10.24       210         0.0405538   0.916315    0.926735    0.509283    
9           194         5.12        240         0.201493    0.580122    0.941316    0.62744     
9           195         2.56        90          0.0285214   0.75681     0.977108    0.579947    
9           196         2.56        90          0.0136138   0.959597    0.976869    0.28806     
9           197         10.24       180         0.115277    0.387452    0.953473    0.791009    
9           198         3.84        240         0.0269446   0.853768    0.976669    0.474399    
9           199         3.84        240         0.114128    0.991149    0.864085    0.30575     
9           200         7.68        180         0.768613    0.249582    0.522408    0.586327    
9           201         10.24       330         0.0783812   0.539432    0.890434    0.74124     
9           202         10.24       180         0.133042    0.696797    0.901511    0.566595    
9           203         2.56        90          0.0779913   0.899117    0.967097    0.449733    
9           204         3.84        90          0.0362779   0.976149    0.968746    0.295985    
9           205         3.84        90          0.0519408   1           0.931958    0.0988848   
9           206         2.56        60          0.412456    0.913209    0.676174    0.426724    
9           207         2.56        30          0.508645    0.661392    0.621472    0.709502    
10          0           3.84        240         0.163215    0.88544     0.894839    0.479916    
10          1           2.56        270         0.0345732   0.334289    0.974816    0.778325    
10          2           3.84        300         0.206427    0.476952    0.850279    0.619159    
10          3           5.12        0           0.345617    1           0.609253    0.0666336   
10          4           2.56        270         0.107966    0.53173     0.957171    0.705596    
10          5           3.84        330         0.216416    0.425694    0.893454    0.775472    
10          6           2.56        60          0.216038    0.852954    0.899347    0.465276    
10          7           2.56        300         0.0896025   0.523852    0.907779    0.697748    
10          8           1.92        0           0.555374    0.985711    0.574126    0.325054    
10          9           3.84        240         0.236349    0.279932    0.863727    0.772116    
10          10          3.84        300         0.0893124   0.398259    0.910249    0.74999     
10          11          10.24       0           0.267527    1           0.872982    0.229533    
10          12          3.84        150         0.0176141   0.382241    0.880099    0.783303    
10          13          1.28        270         0.192478    0.668079    0.838596    0.655293    
10          14          2.56        300         0.0342056   0.474757    0.995548    0.742247    
10          15          2.56        60          0.0417993   0.583496    0.959304    0.641026    
10          16          2.56        60          0.0248689   0.487548    0.970652    0.737778    
10          17          2.56        0           0.338469    0.363945    0.835574    0.732142    
10          18          3.84        30          0.0599943   0.872065    0.960525    0.404895    
10          19          3.84        270         0.324495    0.468667    0.767383    0.732842    
10          20          3.84        30          0.177223    0.888354    0.92208     0.391215    
10          21          2.56        150         0.228016    0.421481    0.759726    0.781654    
10          22          1.92        270         0.169083    0.151456    0.903067    0.938073    
10          23          3.84        30          0.223656    0.821563    0.861288    0.51548     
10          24          2.56        240         0.155618    0.30951     0.979062    0.809276    
10          25          0.64        90          0.399733    0.0389135   0.825103    0.871126    
10          26          2.56        150         0.133266    0.119348    0.907969    0.944387    
10          27          2.56        210         0.0502991   0.483782    0.971032    0.661867    
10          28          2.56        150         0.136927    0.0860219   0.92043     0.944962    
10          29          2.56        0           0.241148    0.366866    0.888724    0.810963    
10          30          1.28        300         0.0903246   0.252568    0.907053    0.868414    
10          31          1.28        120         0.0883242   0.507608    0.879809    0.713153    
10          32          2.56        150         0.569423    0.0203626   0.807248    0.905906    
10          33          5.12        0           0.227918    0.193948    0.959019    0.830708    
10          34          3.84        30          0.116968    0.435514    0.929271    0.76353     
10          35          2.56        150         0.42233     0.214588    0.718702    0.872102    
10          36          2.56        30          0.156713    0.382435    0.935946    0.804317    
10          37          2.56        30          0.0879775   0.563019    0.954198    0.67639     
10          38          2.56        0           0.186323    0.313511    0.944386    0.878542    
10          39          1.92        330         0.223393    0.303642    0.866543    0.830767    
10          40          1.92        300         0.143596    0.318096    0.901553    0.807679    
10          41          3.84        210         0.0910892   0.415499    0.933572    0.776065    
10          42          2.56        150         0.271151    0.271288    0.894125    0.861564    
10          43          1.92        330         0.157288    0.381387    0.930982    0.822707    
10          44          2.56        150         0.477757    0.199113    0.847086    0.901825    
10          45          2.56        0           0.0843384   0.392413    0.96021     0.789671    
10          46          1.92        330         0.0840066   0.483863    0.934606    0.792099    
10          47          2.56        150         0.391345    0.442797    0.800721    0.73904     
10          48          2.56        0           0.164143    0.482281    0.902542    0.714035    
10          49          0.96        210         0.359846    0.288706    0.889694    0.850939    
10          50          1.92        330         0.129712    0.367509    0.928775    0.810993    
10          51          2.56        0           0.14157     0.594711    0.882185    0.642857    
10          52          3.84        240         0.297248    0.171957    0.88514     0.874932    
10          53          1.28        60          0.478358    0.456039    0.672355    0.74051     
10          54          7.68        0           0.334483    0.981953    0.7436      0.112371    
10          55          1.92        330         0.220618    0.481268    0.945973    0.773659    
10          56          5.12        0           0.142567    0.931562    0.906602    0.304424    
10          57          1.92        330         0.0993714   0.368265    0.912682    0.829875    
10          58          5.12        0           0.0424602   0.251801    0.933895    0.80319     
10          59          2.56        0           0.141245    0.515685    0.935889    0.730575    
10          60          1.92        330         0.225149    0.410888    0.943397    0.762282    
10          61          1.92        330         0.218564    0.250945    0.881331    0.834472    
10          62          0.96        330         0.222942    0.133214    0.882369    0.859073    
10          63          2.56        0           0.21227     0.725304    0.824419    0.488226    
10          64          1.92        330         0.272336    0.248853    0.897872    0.882391    
10          65          2.56        210         0.0442024   0.460165    0.981887    0.735866    
10          66          3.84        30          0.137494    0.614413    0.944562    0.677478    
10          67          1.92        330         0.121287    0.57381     0.928527    0.725761    
10          68          1.92        180         0.113145    0.67648     0.918464    0.697365    
10          69          3.84        150         0.0865688   0.238935    0.960067    0.900418    
10          70          5.12        0           0.0440681   1           0.953208    0.150288    
10          71          2.56        0           0.146602    0.899125    0.918896    0.558547    
10          72          3.84        30          0.0655828   0.42111     0.974669    0.787787    
10          73          1.92        330         0.277306    0.197395    0.896447    0.803327    
10          74          5.12        0           0.120522    0.837125    0.913617    0.329766    
10          75          5.12        330         0.238665    0.814269    0.896706    0.577398    
10          76          3.84        330         0.00865851  0.582648    0.9359      0.672323    
10          77          1.92        0           0.375154    0.422301    0.846847    0.827082    
10          78          5.12        330         0.0708493   0.656532    0.907295    0.639037    
10          79          5.12        180         0.0646659   0.228301    0.865376    0.82519     
10          80          2.56        0           0.109966    0.483325    0.936353    0.73705     
10          81          1.92        120         0.25012     0.146826    0.87977     0.965106    
10          82          1.92        120         0.31987     0.397213    0.810777    0.79731     
10          83          2.56        0           0.114038    0.777737    0.936362    0.560273    
10          84          1.92        330         0.10616     0.240999    0.918528    0.73335     
10          85          2.56        0           0.164767    0.766764    0.881262    0.507147    
10          86          5.12        330         0.186807    0.716568    0.89159     0.622244    
10          87          3.84        240         0.503709    0.140711    0.829582    0.880655    
10          88          3.84        30          0.110439    0.870014    0.987408    0.539721    
10          89          2.56        0           0.00296295  0.333237    0.833961    0.77865     
10          90          3.84        330         0.0353765   0.564408    0.933172    0.667171    
10          91          2.56        330         0.111301    0.269239    0.920956    0.808524    
10          92          3.84        330         0.153876    0.718119    0.96143     0.553957    
10          93          3.84        0           0.598783    0.971216    0.563954    0.262035    
10          94          5.12        330         0.294303    0.750734    0.897776    0.614496    
10          95          5.12        0           0.070534    0.960309    0.97185     0.227849    
10          96          1.92        330         0.192059    0.65154     0.816983    0.676709    
10          97          5.12        330         0.169972    0.809816    0.929095    0.488734    
10          98          2.56        150         0.30944     0.25552     0.731789    0.87311     
10          99          5.12        180         0.0363556   0.549401    0.875641    0.651437    
10          100         5.12        330         0.186515    0.929297    0.977312    0.489399    
10          101         5.12        330         0.101624    0.987031    0.88721     0.303238    
10          102         3.84        30          0.168095    0.802619    0.932024    0.471441    
10          103         2.56        0           0.176844    0.792534    0.931328    0.563433    
10          104         5.12        330         0.315665    0.992544    0.721309    0.246973    
10          105         2.56        0           0.174863    0.649155    0.912623    0.622236    
10          106         3.84        150         0.0707894   0.268434    0.886283    0.863024    
10          107         7.68        150         0.0970987   0.942207    0.896624    0.219485    
10          108         5.12        330         0.292111    0.933314    0.890907    0.328762    
10          109         3.84        330         0.543507    1           0.484185    0.0300699   
10          110         3.84        30          0.0494474   0.417236    0.955487    0.82073     
10          111         3.84        0           0.0178999   0.837377    0.94066     0.430171    
10          112         2.56        0           0.19385     0.714717    0.861922    0.552072    
10          113         7.68        180         0.0865143   0.704879    0.935633    0.50765     
10          114         3.84        180         0.109059    0.688295    0.95998     0.55199     
10          115         5.12        150         0.0492196   0.569532    0.940688    0.708235    
10          116         7.68        150         0.0478511   0.824218    0.919975    0.358124    
10          117         5.12        330         0.311635    0.946708    0.860735    0.346572    
10          118         5.12        150         0.155845    0.825673    0.814289    0.51761     
10          119         5.12        180         0.159118    0.945219    0.91905     0.324486    
10          120         5.12        180         0.157539    0.932517    0.801226    0.271679    
10          121         1.92        330         0.510122    0.956379    0.667081    0.345699    
10          122         5.12        330         0.21305     0.803161    0.912982    0.450483    
10          123         5.12        180         0.0878759   0.610623    0.891506    0.518322    
10          124         3.84        30          0.119814    0.650438    0.897362    0.637403    
10          125         5.12        330         0.0736616   0.870203    0.959712    0.52076     
10          126         3.84        330         0.340735    0.834385    0.800304    0.390161    
10          127         2.56        30          0.0618955   0.633933    0.902537    0.649348    
10          128         7.68        150         0.126536    0.838365    0.820854    0.308467    
10          129         5.12        180         0.0666568   0.702385    0.904868    0.506374    
10          130         3.84        330         0.0458045   0.460298    0.971281    0.758196    
10          131         3.84        210         0.681171    0.818944    0.479582    0.428424    
10          132         3.84        150         0.127101    0.595537    0.889841    0.647971    
10          133         2.56        30          0.0216822   0.826241    0.979448    0.513962    
10          134         7.68        150         0.0892694   0.86225     0.745795    0.333999    
10          135         5.12        180         0.150765    0.578765    0.861539    0.572237    
10          136         2.56        210         0.0187848   0.6769      0.94627     0.577926    
10          137         5.12        330         0.144265    0.742967    0.912929    0.571516    
10          138         3.84        30          0.0262534   0.488652    0.97041     0.738152    
10          139         7.68        120         0.491881    0.971916    0.795047    0.340993    
10          140         7.68        330         0.361036    0.903156    0.780578    0.261095    
10          141         3.84        0           0.305064    0.81139     0.796605    0.600675    
10          142         3.84        30          0.0281314   0.710741    0.988996    0.600275    
10          143         7.68        330         0.0177585   0.66599     0.909283    0.515751    
10          144         3.84        120         0.230001    0.642716    0.92866     0.6366      
10          145         3.84        30          0.160582    0.393856    0.955151    0.753504    
10          146         2.56        240         0.0451218   0.459001    0.886487    0.622505    
10          147         7.68        330         0.0935366   0.70929     0.98454     0.4859      
10          148         3.84        210         0.0889594   0.582337    0.913975    0.686834    
10          149         2.56        210         0.0409944   0.62866     0.97928     0.582441    
10          150         5.12        120         0.197484    0.47717     0.962051    0.743363    
10          151         2.56        120         0.142347    0.295895    0.889492    0.855108    
10          152         2.56        150         0.153299    0.458152    0.819785    0.694657    
10          153         0.96        210         0.152613    0.890632    0.824658    0.44084     
10          154         1.92        0           0.509033    0.492558    0.729988    0.776792    
10          155         3.84        240         0.0644445   0.134181    0.911009    0.894664    
10          156         3.84        30          0.162911    0.669433    0.981817    0.56654     
10          157         3.84        240         0.224581    0.47061     0.853744    0.713471    
10          158         3.84        240         0.237524    0.275031    0.87795     0.776605    
10          159         5.12        330         0.0971521   0.800882    0.963207    0.562156    
10          160         5.12        120         0.158847    0.707631    0.974354    0.564505    
10          161         2.56        60          0.121371    0.600972    0.933691    0.626103    
10          162         10.24       210         0.454805    0.439181    0.876823    0.669406    
10          163         2.56        60          0.0698184   0.672564    0.93347     0.601937    
10          164         3.84        240         0.141121    0.68734     0.959406    0.546986    
10          165         3.84        240         0.165178    0.622674    0.952674    0.604089    
10          166         3.84        240         0.181397    0.693176    0.918738    0.593271    
10          167         3.84        240         0.233843    0.491855    0.882006    0.67346     
10          168         2.56        60          0.124111    0.506547    0.94249     0.738286    
10          169         1.28        240         0.429482    0.810858    0.665559    0.536128    
10          170         10.24       150         0.0529322   0.773578    0.925478    0.457421    
10          171         3.84        30          0.0782962   0.553477    0.932617    0.788335    
10          172         3.84        180         0.370044    0.0160952   0.827909    0.872867    
10          173         7.68        150         0.0979115   0.701933    0.882423    0.542509    
10          174         3.84        270         0.203657    0.486106    0.942133    0.784362    
10          175         2.56        60          0.0244448   0.750563    0.928022    0.554819    
10          176         5.12        120         0.21955     0.632405    0.925126    0.685214    
10          177         3.84        150         0.152696    0.540695    0.908695    0.668072    
10          178         3.84        30          0.749675    1           0.266768    0.43246     
10          179         2.56        240         0.0732879   0.921154    0.927471    0.321604    
10          180         2.56        240         0.177385    0.960763    0.859345    0.192275    
10          181         2.56        240         0.250859    0.949934    0.780698    0.173819    
10          182         1.92        270         0.371288    0.849628    0.886581    0.461305    
10          183         10.24       0           0.140827    0.754528    0.965271    0.329619    
10          184         1.92        270         0.334377    0.9205      0.902601    0.411741    
10          185         3.84        240         0.250357    0.890446    0.80314     0.3398      
10          186         2.56        90          0.101865    0.446608    0.917966    0.743713    
10          187         3.84        240         0.667566    1           0.392491    0.162591    
10          188         10.24       0           0.52678     0.89161     0.685461    0.228246    
10          189         7.68        0           0.676324    0.880497    0.709553    0.607643    
10          190         7.68        180         0.127292    0.8161      0.877345    0.433766    
10          191         5.12        240         1           -0.0583088  0.775235    0.779796    
10          192         2.56        60          0.131824    0.882974    0.872022    0.391081    
10          193         5.12        240         0.329808    0.831978    0.803074    0.382714    
10          194         2.56        60          0.102745    0.921667    0.921108    0.342725    
10          195         3.84        240         0.0323359   1           0.969098    0.296258    
10          196         3.84        240         0.222313    0.903707    0.815738    0.294621    
10          197         2.56        90          0.856485    0.0640857   0.701195    0.896475    
10          198         3.84        270         0.417375    0.374369    0.789211    0.855506    
10          199         3.84        240         0.0867999   0.799922    0.953928    0.535575    
10          200         5.12        240         0.442346    0.242309    0.881005    0.84277     
10          201         2.56        240         0.525655    0.946501    0.612249    0.273687    
10          202         10.24       210         0.385818    0.418049    0.857671    0.864031    
10          203         7.68        180         0.15046     0.719664    0.883408    0.572078    
10          204         3.84        240         0.201954    0.826545    0.903315    0.460092    
10          205         3.84        270         0.017908    0.630988    0.956579    0.672745    
10          206         10.24       210         0.483523    0.462279    0.848484    0.664232    
10          207         5.12        90          0.159557    0.530382    0.908704    0.653701    
10          208         3.84        240         0.200848    0.840075    0.927621    0.439258    
10          209         5.12        240         0.234155    0.9531      0.846997    0.275979    
10          210         3.84        240         0.0936343   0.816058    0.986332    0.449564    
10          211         10.24       210         0.299254    0.338717    0.897312    0.829882    
10          212         3.84        270         0.414008    0.367392    0.811651    0.826676    
10          213         3.84        270         0.134148    0.759168    0.859614    0.464774    
10          214         3.84        30          0.23298     0.73855     0.94331     0.488725    
10          215         2.56        210         0.434962    0.362374    0.719984    0.766065    
10          216         3.84        60          0.172785    1           0.836572    0.291518    
10          217         5.12        330         0.385534    0.845502    0.894117    0.644782    
10          218         5.12        90          0.0509444   0.846455    0.941092    0.40481     
10          219         0.64        90          0.597301    0.0580584   0.687593    0.859824    
10          220         5.12        90          0.121114    0.935313    0.899399    0.232448    
10          221         5.12        90          0.0745427   0.666888    0.936877    0.556434    
10          222         3.84        270         0.052679    0.781172    0.948675    0.468008    
10          223         5.12        0           0.487534    0.63218     0.851639    0.578474    
10          224         5.12        240         0.162727    0.938874    0.901301    0.295676    
11          0           2.56        270         0.0499532   0.656323    0.954999    0.649083    
11          1           3.84        300         0.29197     0.270772    0.874103    0.84365     
11          2           2.56        60          0.0132869   0.831815    0.99342     0.470943    
11          3           1.92        300         0.141629    0.573306    0.864414    0.628914    
11          4           1.92        330         0.291945    0.304651    0.883928    0.811318    
11          5           3.84        240         0.180233    0.483217    0.945968    0.672454    
11          6           1.92        150         0.109473    0.520917    0.945878    0.685118    
11          7           2.56        270         0.136965    0.267714    0.925576    0.729434    
11          8           1.92        330         0.805398    0.931086    0.350521    0.412129    
11          9           5.12        330         0.123967    0.221814    0.943811    0.831544    
11          10          1.92        330         0.0892172   0.398304    0.889252    0.78288     
11          11          1.92        330         0.263588    0.314201    0.858167    0.828568    
11          12          2.56        270         0.209196    0.260893    0.874683    0.857778    
11          13          1.92        300         0.182288    0.26614     0.842219    0.810796    
11          14          1.92        300         0.0866679   0.18096     0.984343    0.909023    
11          15          5.12        330         0.197673    0.512724    0.954171    0.676432    
11          16          5.12        330         0.196725    0.310116    0.926961    0.807808    
11          17          1.92        300         0.136611    0.275674    0.949563    0.847282    
11          18          2.56        30          0.175202    0.684083    0.924046    0.643664    
11          19          1.92        270         0.758308    1           0.80092     0.815824    
11          20          3.84        0           0.217064    0.640898    0.818359    0.657577    
11          21          1.92        300         0.0636671   0.259267    0.935019    0.832771    
11          22          2.56        300         0.218474    0.290554    0.881553    0.848085    
11          23          2.56        330         0.0355435   0.371131    0.946247    0.800802    
11          24          2.56        30          0.157063    0.506549    0.899827    0.698149    
11          25          1.92        270         0.597598    -0.210811   0.895569    0.909976    
11          26          1.92        330         0.183966    0.195131    0.87889     0.899829    
11          27          1.92        300         0.308984    0.423881    0.809493    0.726737    
11          28          1.28        150         0.0685141   0.381975    0.946591    0.710346    
11          29          1.92        300         0.0268757   0.34368     0.953788    0.780138    
11          30          2.56        0           0.308157    0.254762    0.895122    0.85291     
11          31          2.56        330         0.136771    0.286921    0.906627    0.840521    
11          32          1.92        300         0.234408    0.157433    0.8997      0.884889    
11          33          2.56        330         0.222696    0.257877    0.847103    0.842993    
11          34          2.56        0           0.268299    0.640716    0.760668    0.6347      
11          35          1.92        120         0.0493621   0.315575    0.953827    0.867989    
11          36          2.56        210         0.128531    0.647       0.94686     0.609366    
11          37          2.56        330         0.222811    0.337187    0.895666    0.836791    
11          38          2.56        330         0.179245    0.0884477   0.948232    0.942612    
11          39          3.84        330         0.218063    0.30166     0.886952    0.783291    
11          40          1.92        0           0.189861    0.256282    0.880284    0.828624    
11          41          3.84        0           0.152041    0.540652    0.919261    0.678137    
11          42          2.56        0           0.165102    0.425823    0.874061    0.755092    
11          43          2.56        0           0.176111    0.321838    0.871963    0.792829    
11          44          2.56        30          0.251333    0.256341    0.887362    0.863688    
11          45          1.28        60          0.62155     0.43817     0.559399    0.722891    
11          46          2.56        330         0.149929    0.444231    0.899766    0.770775    
11          47          1.92        330         0.145189    0.315764    0.936784    0.829944    
11          48          1.92        330         0.141361    0.205623    0.924424    0.882868    
11          49          2.56        330         0.240938    0.347942    0.875817    0.754994    
11          50          1.92        330         0.0972653   0.37972     0.950907    0.816494    
11          51          3.84        330         0.199226    0.627165    0.899946    0.695143    
11          52          5.12        210         0.153505    0.542716    0.933201    0.719441    
11          53          3.84        0           0.204151    0.902971    0.77188     0.315881    
11          54          1.92        180         0.0210217   0.687617    0.970086    0.580139    
11          55          5.12        180         0.120476    0.355649    0.965652    0.837529    
11          56          5.12        330         0.230672    0.645672    0.868476    0.61474     
11          57          3.84        0           0.335444    0.855693    0.755448    0.375284    
11          58          1.92        150         0.151955    0.478407    0.923272    0.726978    
11          59          2.56        180         0.0529053   0.934115    0.920962    0.319637    
11          60          1.92        330         0.249622    0.38389     0.876251    0.796204    
11          61          5.12        330         0.149473    0.773603    0.9247      0.475616    
11          62          5.12        240         0.183524    0.200973    0.919983    0.849955    
11          63          5.12        330         0.209069    0.842766    0.860376    0.406215    
11          64          3.84        0           0.162616    0.804948    0.891544    0.378614    
11          65          3.84        150         0.0902965   0.525937    0.977429    0.693614    
11          66          5.12        330         0.137717    0.779367    0.910178    0.508972    
11          67          5.12        330         0.168723    0.750415    0.91681     0.465203    
11          68          2.56        180         0.0132079   0.303393    0.904606    0.791457    
11          69          2.56        330         0.236549    0.269765    0.854881    0.827353    
11          70          3.84        150         3.82099e-05 0.725625    0.988178    0.529693    
11          71          5.12        330         0.0494939   0.853408    0.955757    0.399685    
11          72          2.56        210         0.240083    0.408339    0.853388    0.785892    
11          73          5.12        330         0.0638079   0.746137    0.937656    0.531997    
11          74          2.56        180         0.0919286   0.434983    0.939633    0.779915    
11          75          3.84        0           0.178686    0.827807    0.889602    0.392567    
11          76          5.12        330         0.0913207   0.72414     0.972474    0.525176    
11          77          5.12        0           0.195602    0.86681     0.839131    0.39052     
11          78          3.84        150         0.164589    0.889634    0.952374    0.395959    
11          79          5.12        150         0.0718374   0.713352    0.96849     0.436544    
11          80          3.84        330         0.0673673   0.656713    0.915472    0.5506      
11          81          3.84        180         0.0745989   0.863138    0.90598     0.327139    
11          82          5.12        330         0.137072    0.800656    0.940698    0.527629    
11          83          1.92        150         0.738534    1           0.285887    0.249458    
11          84          5.12        180         0.0972707   0.228168    0.926874    0.849535    
11          85          5.12        180         0.0920925   0.404576    0.921584    0.76261     
11          86          5.12        180         0.0835062   0.930553    0.958897    0.291675    
11          87          5.12        180         0.164161    0.405484    0.915411    0.741814    
11          88          5.12        180         0.253214    0.423215    0.85087     0.721383    
11          89          5.12        210         0.205032    0.498755    0.899711    0.731207    
11          90          5.12        210         0.494881    1           0.495707    0.12051     
11          91          5.12        180         0.137541    0.658065    0.935116    0.652064    
11          92          5.12        330         0.197161    0.837767    0.87258     0.372672    
11          93          5.12        330         0.145694    0.970619    0.891129    0.175275    
11          94          5.12        150         0.0306879   0.564847    0.975886    0.657147    
11          95          5.12        150         0.0614942   0.705836    0.91238     0.560537    
11          96          3.84        330         0.29405     0.886261    0.846707    0.309449    
11          97          7.68        180         0.352091    0.805301    0.718261    0.300967    
11          98          5.12        150         0.0011657   0.912307    0.96795     0.374485    
11          99          5.12        150         0.0957406   0.677343    0.953796    0.579126    
11          100         5.12        330         0.0165778   0.882732    0.973383    0.366594    
11          101         5.12        330         0.0395435   0.938214    0.981048    0.27875     
11          102         3.84        0           0.0933737   0.753865    0.965174    0.559187    
11          103         1.92        60          0.995107    0.506159    0.491364    0.769749    
11          104         7.68        180         0.360455    0.923137    0.7184      0.173549    
11          105         5.12        150         0.792271    0.750461    0.336053    0.305706    
11          106         2.56        210         0.0229167   0.866266    0.943559    0.508896    
11          107         5.12        180         0.266999    0.737824    0.795522    0.48908     
11          108         3.84        0           0.145196    0.418615    0.954144    0.681682    
11          109         5.12        210         0.154522    0.63392     0.878661    0.673101    
11          110         5.12        330         0.149127    0.814118    0.899133    0.419127    
11          111         3.84        150         0.123437    0.798669    0.875171    0.480768    
11          112         2.56        30          0.151241    0.778583    0.922468    0.59085     
11          113         5.12        210         0.228258    0.6187      0.867539    0.684424    
11          114         5.12        180         0.3294      0.729517    0.800762    0.524192    
11          115         5.12        0           0.00213842  0.441937    0.962233    0.723869    
11          116         7.68        180         0.389413    0.689872    0.862963    0.489754    
11          117         5.12        330         0.0727791   0.679627    0.967021    0.530135    
11          118         5.12        330         0.0375123   0.833049    0.964115    0.464122    
11          119         2.56        60          0.89592     0.55831     0.498294    0.773326    
11          120         5.12        180         0.0881953   0.133892    0.915797    0.912812    
11          121         2.56        210         0.0809296   0.992609    0.906245    0.361654    
11          122         7.68        330         0.310798    0.947653    0.806435    0.239758    
11          123         7.68        180         0.236663    0.559451    0.86749     0.702456    
11          124         5.12        330         0.0601309   0.826483    0.956375    0.410567    
11          125         5.12        150         0.0429458   0.750133    0.975699    0.495615    
11          126         5.12        330         0.0893229   0.903939    0.957243    0.428621    
11          127         7.68        180         0.241657    0.764242    0.87714     0.469565    
11          128         2.56        210         0.346192    1           0.774815    0.186996    
11          129         3.84        330         0.10461     0.418337    0.969329    0.738169    
11          130         2.56        240         0.0822103   0.155704    0.978301    0.920573    
11          131         2.56        120         0.435665    0.65691     0.782536    0.570904    
11          132         5.12        150         0.202924    0.859416    0.899863    0.346903    
11          133         2.56        30          0.0751699   1           0.985395    0.300699    
11          134         5.12        330         0.09404     0.553262    0.959308    0.644323    
11          135         7.68        180         0.315734    0.729277    0.873922    0.569117    
11          136         7.68        150         0.202016    0.951479    0.836756    0.27669     
11          137         2.56        120         0.259       0.150429    0.888734    0.806105    
11          138         3.84        240         0.150457    0.598525    0.961161    0.634117    
11          139         3.84        240         0.17455     0.490693    0.915292    0.63891     
11          140         5.12        180         0.0913718   0.359801    0.887282    0.784478    
11          141         5.12        120         0.124373    0.846843    0.991315    0.45516     
11          142         2.56        210         0.406039    -0.00926697 0.906217    0.943081    
11          143         5.12        330         0.0234016   0.734408    0.972161    0.479535    
11          144         7.68        150         0.126549    0.937363    0.894138    0.429942    
11          145         3.84        30          0.403866    0.758825    0.818683    0.512317    
11          146         5.12        150         0.160545    0.431231    0.919641    0.75503     
11          147         3.84        150         0.691057    0.96        0.476265    0.210914    
11          148         5.12        150         0.112978    0.836641    0.917135    0.438002    
11          149         5.12        330         0.108732    0.56123     0.925724    0.585185    
11          150         2.56        240         0.0518501   0.783287    0.953819    0.546688    
11          151         7.68        180         0.181252    0.682941    0.850868    0.485093    
11          152         5.12        150         0.0672955   0.683494    0.942864    0.571167    
11          153         10.24       150         0.169516    0.892102    0.918289    0.522999    
11          154         2.56        240         0.115943    0.692139    0.950972    0.558903    
11          155         7.68        180         0.223859    0.67891     0.889517    0.494117    
11          156         5.12        300         0.0172329   0.635203    0.943298    0.717774    
11          157         7.68        330         0.0696891   0.666515    0.939571    0.637413    
11          158         5.12        180         0.0145871   0.911196    0.904287    0.431423    
11          159         3.84        240         0.130571    0.657602    0.934595    0.555819    
11          160         2.56        60          0.0666657   0.898373    0.958886    0.388027    
11          161         7.68        150         0.177547    0.996232    0.802276    0.370732    
11          162         3.84        270         0.118023    0.695746    0.945854    0.614466    
11          163         7.68        180         0.174732    0.671904    0.866004    0.511992    
11          164         3.84        240         0.138977    0.230775    0.980516    0.85416     
11          165         10.24       0           0.0424677   0.680896    0.975331    0.539997    
11          166         10.24       270         0.181074    0.653522    0.947671    0.631692    
11          167         7.68        180         0.390328    0.835312    0.748911    0.309297    
11          168         2.56        60          0.168972    0.632585    0.924397    0.568881    
11          169         2.56        90          0.127189    0.924375    0.901042    0.386539    
11          170         3.84        240         0.145546    0.717012    0.900199    0.464252    
11          171         3.84        60          0.175243    0.292359    0.946738    0.868898    
11          172         2.56        90          0.142257    0.777294    0.890334    0.51428     
11          173         3.84        240         0.350052    0.867036    0.776847    0.394162    
11          174         5.12        240         0.237658    0.166012    0.926299    0.935001    
11          175         7.68        180         0.592411    0.286135    0.765129    0.77473     
11          176         5.12        90          0.425544    0.723264    0.89755     0.449431    
11          177         2.56        60          0.254986    0.971473    0.78851     0.269458    
11          178         5.12        240         0.048951    0.83369     0.909757    0.537939    
11          179         3.84        240         0.114655    0.956857    0.832923    0.172471    
11          180         10.24       180         0.136203    0.894204    0.896519    0.434052    
11          181         7.68        180         0.17734     0.679805    0.790303    0.456397    
11          182         5.12        240         0.294799    0.890488    0.78343     0.323916    
11          183         5.12        240         0.138058    0.932671    0.915839    0.249059    
11          184         5.12        240         0.165582    0.446963    0.917181    0.77616     
11          185         2.56        90          0.0923955   0.933843    0.948972    0.380428    
11          186         5.12        60          0.0614827   0.858107    0.998949    0.383248    
11          187         5.12        0           0.186971    0.54612     0.94644     0.714423    
11          188         5.12        240         0.15099     0.958526    0.906316    0.234103    
11          189         2.56        90          0.136756    0.896786    0.928904    0.479071    
11          190         3.84        240         0.163554    0.722308    0.924209    0.446533    
11          191         5.12        240         0.122817    0.443699    0.996415    0.747449    
11          192         7.68        180         0.466585    0.608407    0.814497    0.561102    
11          193         5.12        240         0.173006    0.924376    0.887482    0.311946    
11          194         5.12        240         0.181249    0.764319    0.902402    0.54897     
11          195         5.12        0           1           -0.221808   0.935477    0.520778    
11          196         5.12        240         0.115753    0.770834    0.932997    0.428322    
11          197         5.12        270         0.136777    0.914151    0.883514    0.338001    
11          198         10.24       120         0.137906    0.385467    0.730229    0.54369     
11          199         5.12        240         0.247866    0.715567    0.869737    0.361295    
11          200         5.12        240         0.230045    0.692411    0.882464    0.512027    
12          0           3.84        240         0.247504    0.941075    0.881223    0.366675    
12          1           1.92        270         0.240641    0.626854    0.859323    0.69395     
12          2           1.92        270         0.165017    0.493921    0.887522    0.692308    
12          3           3.84        0           0.204529    0.74228     0.899751    0.532351    
12          4           1.92        330         0.250622    0.539435    0.866587    0.72894     
12          5           1.92        300         0.130254    0.659191    0.898691    0.617574    
12          6           2.56        120         0.050187    0.599681    0.942867    0.644815    
12          7           1.92        330         0.291337    0.368122    0.775814    0.803373    
12          8           3.84        0           0.401832    0.915367    0.743732    0.386517    
12          9           2.56        240         0.178326    0.580618    0.883701    0.672847    
12          10          1.92        300         0.329678    0.426952    0.79391     0.750109    
12          11          2.56        120         0.341484    0.364207    0.903397    0.773163    
12          12          1.92        330         0.231203    0.372371    0.856655    0.807957    
12          13          0.96        120         0.185851    0.383538    0.926033    0.782231    
12          14          2.56        30          0.183323    0.841135    0.859126    0.478294    
12          15          2.56        30          0.233887    0.313292    0.888087    0.753052    
12          16          2.56        30          0.0843902   0.668703    0.935281    0.593694    
12          17          0.96        120         0.339154    0.356984    0.809767    0.768528    
12          18          0.96        240         0.405402    0.269473    0.826652    0.829976    
12          19          1.92        330         0.404441    0.641962    0.729716    0.664567    
12          20          0.64        300         0.37432     0.349647    0.823082    0.789746    
12          21          2.56        300         0.310401    0.286219    0.857823    0.932618    
12          22          3.84        0           0.302077    0.329024    0.888933    0.783943    
12          23          1.28        300         0.069744    0.490877    0.94525     0.772824    
12          24          1.28        300         0.0694628   0.708094    0.936099    0.674567    
12          25          1.92        270         0.439495    0.213565    0.873856    0.907268    
12          26          1.28        300         0.0347415   0.565716    0.97129     0.688693    
12          27          1.92        270         0.40543     0.0528288   0.891023    0.86236     
12          28          1.28        300         0.169972    0.512866    0.922644    0.760308    
12          29          1.28        300         0.21691     0.66676     0.880372    0.648628    
12          30          1.92        330         0.0551286   0.289907    0.955685    0.859538    
12          31          2.56        330         0.144247    0.393735    0.925093    0.828046    
12          32          1.28        300         0.117843    0.327907    0.893877    0.853965    
12          33          2.56        30          0.0540529   0.719558    0.933449    0.591653    
12          34          1.28        300         0.163994    0.503204    0.862376    0.745437    
12          35          2.56        0           0.465813    0.801238    0.746046    0.611223    
12          36          2.56        330         0.345037    0.192105    0.863373    0.916723    
12          37          1.92        0           0.327187    0.183019    0.862953    0.858821    
12          38          2.56        30          0.101175    0.48128     0.895225    0.747861    
12          39          1.28        300         0.13477     0.695006    0.900063    0.652968    
12          40          1.28        300         0.114062    0.236279    0.894219    0.886626    
12          41          1.92        150         0.116605    0.358211    0.98024     0.789017    
12          42          1.28        300         0.211524    0.925701    0.83575     0.589177    
12          43          0.64        300         0.289449    0.275159    0.808238    0.836342    
12          44          1.92        330         0.0698877   0.156241    0.935742    0.891959    
12          45          0.96        240         0.216938    0.102798    0.95594     0.902448    
12          46          2.56        210         0.0913157   0.567332    0.978438    0.697924    
12          47          2.56        210         0.200588    0.61266     0.866982    0.596924    
12          48          1.28        300         0.0746656   0.352544    0.915908    0.844535    
12          49          2.56        30          0.116316    0.483001    0.905377    0.711939    
12          50          1.92        0           0.208822    0.246345    0.868149    0.761552    
12          51          1.28        300         0.206225    0.490553    0.894572    0.787029    
12          52          1.28        300         0.0228788   0.335746    0.950437    0.842112    
12          53          1.28        300         0.339644    0.103207    0.901514    0.953374    
12          54          0.64        30          0.343626    0.164713    0.872114    0.909455    
12          55          0.96        0           0.137577    0.284553    0.994129    0.838336    
12          56          3.84        0           0.828678    0.91398     0.317037    0.339463    
12          57          1.92        330         0.123465    0.34514     0.880692    0.850227    
12          58          1.92        330         0.0321965   0.325151    0.963386    0.779518    
12          59          3.84        0           0.284431    0.773733    0.840879    0.568503    
12          60          2.56        30          0.157571    0.722977    0.95495     0.675298    
12          61          1.92        330         0.194902    0.51763     0.938985    0.699943    
12          62          1.92        330         0.120482    0.325444    0.95121     0.811609    
12          63          0.96        150         0.138795    0.283619    0.904949    0.908866    
12          64          1.92        210         0.289093    0.366958    0.883934    0.877118    
12          65          1.28        180         0.281986    0.259791    0.90563     0.851631    
12          66          3.84        0           0.141392    0.820335    0.881811    0.408484    
12          67          2.56        330         0.230839    0.390962    0.891903    0.827784    
12          68          1.92        0           0.27386     0.544773    0.834251    0.671183    
12          69          1.92        330         0.170555    0.441851    0.897009    0.68452     
12          70          1.28        180         0.298663    0.145987    0.878133    0.956327    
12          71          2.56        30          0.187936    0.518592    0.915376    0.703771    
12          72          1.92        0           0.00447775  0.624159    0.900218    0.607464    
12          73          1.92        330         0.0919007   0.376872    0.896299    0.82785     
12          74          1.28        180         0.26002     0.33008     0.917218    0.924858    
12          75          1.92        330         0.262193    0.572849    0.906527    0.703352    
12          76          3.84        0           0.229629    0.816376    0.865858    0.462057    
12          77          2.56        0           0.222457    0.690626    0.835936    0.496956    
12          78          1.92        0           0.24848     0.537997    0.867279    0.612064    
12          79          2.56        210         0.0753238   0.399782    0.936907    0.74198     
12          80          1.92        330         0.154289    0.574176    0.872987    0.676895    
12          81          2.56        0           0.150694    0.90618     0.900039    0.340477    
12          82          1.28        180         0.177883    0.404183    0.964549    0.831959    
12          83          1.92        330         0.0830676   0.671055    0.882469    0.610222    
12          84          0.96        0           0.0924851   0.206286    0.92652     0.835231    
12          85          1.92        330         0.138886    0.461751    0.862932    0.746313    
12          86          2.56        330         0.184995    0.382758    0.929725    0.798843    
12          87          1.92        150         0.0821803   0.290915    0.960634    0.806043    
12          88          3.84        210         0.0796367   0.459353    0.987009    0.772729    
12          89          1.92        330         0.10741     0.429116    0.910217    0.800654    
12          90          2.56        330         0.194181    0.658129    0.860133    0.601783    
12          91          1.28        180         0.223876    0.25985     0.952962    0.887783    
12          92          5.12        330         0.107851    0.69428     0.977034    0.566256    
12          93          2.56        0           0.0791331   0.536326    0.918798    0.675633    
12          94          2.56        330         0.129639    0.593831    0.910072    0.662232    
12          95          2.56        0           0.174616    0.519205    0.935687    0.709864    
12          96          1.92        330         0.0741086   0.570381    0.914301    0.632972    
12          97          2.56        0           0.187456    0.740422    0.866879    0.570051    
12          98          1.92        330         0.00128743  0.622943    0.963882    0.612805    
12          99          3.84        150         0.0047791   0.85299     0.954667    0.521466    
12          100         3.84        0           0.1739      0.839161    0.916134    0.465766    
12          101         2.56        0           0.0269011   0.771084    0.977902    0.577809    
12          102         1.92        30          0.171863    0.36112     0.984938    0.810719    
12          103         3.84        0           0.110014    0.783107    0.90498     0.408347    
12          104         1.28        180         0.291423    0.579213    0.984477    0.723291    
12          105         3.84        210         0.229186    0.935139    0.851098    0.556334    
12          106         3.84        330         0.112538    0.787371    0.86999     0.504478    
12          107         3.84        0           0.0367804   0.869066    0.94412     0.421602    
12          108         2.56        330         0.179799    0.72551     0.89999     0.589947    
12          109         2.56        210         0.162437    0.491976    0.914815    0.664499    
12          110         3.84        0           0.127296    0.761197    0.851756    0.523563    
12          111         2.56        210         0.165876    0.769705    0.777651    0.544192    
12          112         2.56        330         0.14725     0.638073    0.917443    0.616538    
12          113         3.84        0           0.317658    0.742868    0.856414    0.501631    
12          114         3.84        330         0.0926381   0.908925    0.891676    0.336561    
12          115         1.92        0           0.178759    0.50988     0.885315    0.699793    
12          116         3.84        330         0.130683    0.71306     0.885646    0.536309    
12          117         1.28        180         0.547274    0.766559    0.608293    0.472031    
12          118         5.12        180         0.0891131   0.878873    0.92069     0.391605    
12          119         3.84        330         0.13018     0.909875    0.937276    0.325115    
12          120         3.84        330         0.0685508   0.861263    0.893472    0.420129    
12          121         3.84        150         0.0582427   0.62428     0.965871    0.57129     
12          122         1.92        330         0.173121    0.504095    0.864462    0.66295     
12          123         1.92        0           0.51617     0.682907    0.664317    0.505741    
12          124         5.12        180         0.337043    1           0.812106    0.301307    
12          125         1.92        330         0.173624    0.226934    0.932038    0.746463    
12          126         1.92        0           0.212973    1           0.763306    0.309733    
12          127         3.84        0           0.185546    0.857153    0.937746    0.43211     
12          128         2.56        30          0.0445846   0.548099    0.974515    0.715997    
12          129         5.12        0           0.0789831   0.92456     0.911991    0.457606    
12          130         3.84        180         0.0316707   0.578687    0.921295    0.579023    
12          131         3.84        330         0.0402121   0.856405    0.88635     0.46749     
12          132         3.84        330         0.239943    0.95627     0.845852    0.339248    
12          133         2.56        150         0.0552056   0.640961    0.922084    0.609771    
12          134         5.12        180         0.0616372   0.987862    0.961988    0.336303    
12          135         3.84        330         0.226233    0.890587    0.738878    0.347764    
12          136         3.84        330         0.120529    0.538604    0.939086    0.698976    
12          137         2.56        210         0.0274339   0.705247    0.961188    0.553404    
12          138         2.56        210         0.0600473   0.483954    0.933285    0.715811    
12          139         2.56        30          0.190477    0.515759    0.870892    0.702091    
12          140         5.12        180         0.103063    0.647307    0.936664    0.60236     
12          141         2.56        30          0.000128281 0.302186    0.96526     0.805021    
12          142         2.56        330         0.221448    0.328841    0.980452    0.856856    
12          143         1.92        270         0.341915    0.248319    0.934899    0.877073    
12          144         2.56        120         0.368247    0.113542    0.963977    0.927082    
12          145         3.84        330         0.164516    0.265752    0.855273    0.876238    
12          146         3.84        150         0.0550335   0.56512     0.970834    0.541093    
12          147         1.92        210         0.127237    0.542021    0.950159    0.711938    
12          148         2.56        210         0.404023    0.648798    0.764167    0.397439    
12          149         2.56        210         0.176718    0.672929    0.961229    0.561204    
12          150         0.96        90          0.272548    0.471734    0.766562    0.879547    
12          151         3.84        180         0.100311    0.526934    0.804766    0.671041    
12          152         7.68        150         0.134423    0.977281    0.891637    0.182331    
12          153         1.92        60          0.105703    0.523961    0.96591     0.758009    
12          154         3.84        180         0.0645889   0.95355     0.848062    0.427466    
12          155         1.92        240         0.0769487   0.512974    0.943098    0.741663    
12          156         0.96        90          0.301133    0.258954    0.878441    0.899853    
12          157         3.84        330         0.187332    0.139902    0.952703    0.927378    
12          158         10.24       330         0.0689571   0.780477    0.890505    0.372925    
12          159         2.56        240         0.0795177   0.478401    0.969893    0.749311    
12          160         10.24       330         0.524255    1           0.739787    0.303612    
12          161         2.56        240         0.0570493   0.739521    0.959718    0.656744    
12          162         3.84        150         0.068638    0.595072    0.972719    0.52382     
12          163         0.96        240         0.301463    0.279676    0.962566    0.812217    
12          164         5.12        0           0.328585    0.983553    0.89759     0.251274    
12          165         1.92        60          0.0981628   0.505136    0.968678    0.705861    
12          166         5.12        180         0.111506    0.925436    0.910213    0.484853    
12          167         10.24       120         0.561888    0.998734    0.76751     0.388527    
12          168         3.84        240         0.237777    0.643904    0.878391    0.597766    
12          169         1.92        240         0.232722    0.438443    0.883591    0.733962    
12          170         1.28        210         0.598491    0.610525    0.730148    0.555197    
12          171         3.84        0           0.197513    0.783156    0.825805    0.656516    
12          172         3.84        240         0.268897    0.695602    0.902842    0.528551    
12          173         2.56        240         0.118084    0.84387     0.941714    0.509597    
12          174         3.84        240         0.0741099   0.919911    0.967423    0.331983    
12          175         5.12        180         0.245249    0.937868    0.752019    0.363018    
12          176         7.68        60          0.552487    0.738276    0.770555    0.431665    
12          177         3.84        150         0.115158    0.508628    0.941676    0.676958    
12          178         0.64        30          0.334242    0.231749    0.773166    0.912278    
12          179         3.84        180         0.522007    0.397679    0.687612    0.676697    
12          180         2.56        240         0.0370132   0.763874    0.959263    0.543459    
12          181         1.92        60          0.122554    0.385508    0.971443    0.715057    
12          182         0.64        120         1           0.799291    0.380784    0.606123    
12          183         10.24       0           0.0122783   0.92673     0.809709    0.624992    
12          184         2.56        120         0.163094    0.14546     0.965147    0.892353    
12          185         3.84        240         0.17749     0.67675     0.936298    0.535999    
12          186         3.84        90          0.1086      0.875735    0.881807    0.397602    
12          187         3.84        240         0.25817     0.815489    0.950623    0.417239    
12          188         3.84        0           0.564544    0.477738    0.687659    0.756306    
12          189         10.24       0           0.212339    0.307906    0.734278    0.765876    
12          190         10.24       330         0.230911    0.440509    0.774812    0.736289    
12          191         3.84        240         0.239771    0.893659    0.879375    0.4158      
12          192         1.92        90          0.0747668   0.731414    0.907634    0.618189    
12          193         3.84        0           0.00417852  0.845441    0.972433    0.572127    
12          194         3.84        90          0.0926483   0.963772    0.974326    0.306177    
12          195         10.24       180         0.169311    0.706134    0.96571     0.51347     
12          196         3.84        330         0.248692    0.441391    0.884526    0.825741    
12          197         3.84        240         0.190884    0.988957    0.909944    0.360633    
12          198         5.12        60          0.255247    0.9188      0.787035    0.276497    
12          199         2.56        90          0.0675368   0.88626     0.933127    0.453701    
12          200         0.64        30          1           0.533384    0.355973    0.632805    
12          201         2.56        90          0.0893162   0.907116    0.901475    0.526411    
12          202         0.64        90          0.602307    0.0291145   0.664516    0.884195    
12          203         3.84        90          0.0815736   0.724667    0.962191    0.511199    
12          204         5.12        60          0.00883122  0.882436    0.976841    0.334294    
12          205         3.84        240         0.240343    0.882284    0.930528    0.430423    
12          206         7.68        150         0.196288    0.88717     0.795754    0.519884    
12          207         3.84        120         1           0.841459    0.326938    0.565026    
12          208         5.12        90          0.125371    0.914719    0.945903    0.327353    
12          209         3.84        240         0.133665    0.96241     0.933174    0.287104    
12          210         5.12        330         0.282049    0.12833     0.895006    0.967469    
12          211         0.64        30          1           0.22664     0.260396    0.678886    
12          212         10.24       60          1           0.435117    0.831027    0.646755    
12          213         1.92        210         0.278322    0.135945    0.880104    0.783952    
12          214         3.84        90          0.14009     0.934748    0.923371    0.462026    
12          215         3.84        240         0.250533    0.73162     0.921039    0.531037    
12          216         3.84        90          0.0255623   0.838154    0.973737    0.418439    
12          217         3.84        240         0.201548    1           0.966633    0.337481    
12          218         5.12        240         0.0496704   0.864808    0.970532    0.289009    
14          0           2.56        300         0.21082     0.749269    0.857411    0.560606    
14          1           2.56        300         0.115348    0.577075    0.903582    0.66689     
14          2           2.56        330         0.189942    0.437552    0.838457    0.711791    
14          3           2.56        330         0.144956    0.543759    0.8574      0.64494     
14          4           3.84        0           0.337491    0.820276    0.72486     0.341318    
14          5           2.56        240         0.09655     0.504355    0.893834    0.744079    
14          6           1.92        300         0.22751     0.716594    0.763462    0.597433    
14          7           2.56        300         0.247048    0.718474    0.86109     0.587994    
14          8           2.56        330         0.304658    0.496068    0.833821    0.728274    
14          9           2.56        270         0.611841    0.846168    0.625241    0.445878    
14          10          1.28        120         0.516098    0.699449    0.568694    0.611347    
14          11          2.56        30          0.0393782   0.827522    0.945703    0.540016    
14          12          2.56        60          0.139314    0.455338    0.934067    0.791601    
14          13          2.56        60          0.700929    0.669848    0.494207    0.508705    
14          14          2.56        330         0.235821    0.59458     0.834079    0.62671     
14          15          1.92        300         0.0480182   0.90042     0.865822    0.405135    
14          16          2.56        330         0.0769409   0.409069    0.878771    0.740307    
14          17          2.56        330         0.13371     0.580573    0.968545    0.676525    
14          18          2.56        330         0.506828    0.823771    0.671037    0.53715     
14          19          1.28        270         0.481982    0.20305     0.845289    0.838657    
14          20          1.28        270         0.409752    0.374689    0.824957    0.759238    
14          21          2.56        270         0.220645    0.267058    0.920764    0.821086    
14          22          2.56        270         0.482414    0.210794    0.809274    0.869472    
14          23          2.56        300         0.118815    0.644842    0.93194     0.652852    
14          24          1.92        300         0.0440984   0.312996    0.905047    0.820469    
14          25          2.56        330         0.211656    0.500445    0.888756    0.726195    
14          26          2.56        120         0.0407677   0.58276     0.951173    0.691518    
14          27          2.56        330         0.0553323   0.599491    0.938686    0.637933    
14          28          2.56        30          0.149262    0.575841    0.929931    0.68092     
14          29          10.24       30          0.702473    1           0.410492    0.254402    
14          30          2.56        180         0.0926452   0.691252    0.892281    0.543411    
14          31          1.28        180         0.435015    0.132102    0.74902     0.80291     
14          32          1.92        0           0.271985    0.456239    0.821576    0.745248    
14          33          2.56        330         0.0382993   0.40391     0.994232    0.785212    
14          34          1.92        330         0.321315    0.596243    0.830824    0.650203    
14          35          2.56        30          0.24916     0.531587    0.887847    0.697582    
14          36          1.92        0           0.230298    0.107365    0.888161    0.897543    
14          37          2.56        330         0.171186    0.599353    0.837722    0.651571    
14          38          3.84        0           0.227766    0.92272     0.859145    0.30996     
14          39          2.56        210         0.10155     0.67142     0.936523    0.612521    
14          40          2.56        330         0.14743     0.451649    0.915698    0.641346    
14          41          3.84        0           0.243965    0.694555    0.858339    0.508241    
14          42          2.56        180         0.285112    0.686063    0.853391    0.570855    
14          43          2.56        330         0.203173    0.469267    0.893485    0.712072    
14          44          3.84        0           0.265194    0.891324    0.793045    0.337964    
14          45          3.84        0           0.285767    0.993785    0.754027    0.147007    
14          46          1.92        0           0.0744974   0.520325    0.944247    0.719851    
14          47          2.56        180         0.134751    0.645725    0.897343    0.583762    
14          48          2.56        330         0.0803557   0.406742    0.941591    0.763679    
14          49          2.56        330         0.224104    0.555304    0.888415    0.69102     
14          50          2.56        150         0.0168546   0.416037    0.934134    0.744159    
14          51          1.92        0           0.175667    0.408016    0.862927    0.781574    
14          52          3.84        0           0.1648      0.657513    0.85321     0.526687    
14          53          3.84        90          0.605316    0.464671    0.609293    0.594172    
14          54          1.92        0           0.285001    0.517203    0.869122    0.793825    
14          55          2.56        150         0.0879862   0.127905    0.877881    0.881079    
14          56          3.84        0           0.118277    0.945336    0.907104    0.337549    
14          57          1.92        330         0.330981    0.715223    0.779213    0.681796    
14          58          2.56        330         0.100586    0.438102    0.885058    0.748734    
14          59          1.92        330         0.488134    0.487215    0.90208     0.723658    
14          60          1.92        0           0.0323636   0.955984    0.917714    0.25168     
14          61          2.56        30          0.551797    0.398398    0.80257     0.720899    
14          62          3.84        0           0.157549    0.889083    0.874266    0.323343    
14          63          1.92        0           0.502516    0.733475    0.615578    0.406052    
14          64          1.28        330         0.206083    0.519618    0.874747    0.646555    
14          65          2.56        180         0.118202    0.613633    0.960483    0.599908    
14          66          2.56        180         0.401381    0.641937    0.894569    0.636898    
14          67          2.56        180         0.121422    0.895262    0.93802     0.388967    
14          68          2.56        330         0.153308    0.716777    0.870593    0.49695     
14          69          2.56        180         0.341462    0.469543    0.914864    0.704693    
14          70          3.84        0           0.187468    0.87021     0.881499    0.41066     
14          71          2.56        330         0.206951    0.645479    0.857456    0.596781    
14          72          2.56        180         0.157795    0.605108    0.95961     0.630194    
14          73          2.56        0           0.104338    0.690002    0.864672    0.602105    
14          74          2.56        150         0.228799    0.0376198   0.872136    0.934354    
14          75          2.56        330         0.104543    0.437036    0.918582    0.721853    
14          76          1.92        0           0.249119    0.66104     0.82483     0.62223     
14          77          2.56        330         0.177464    0.748536    0.891535    0.512502    
14          78          10.24       210         0.347706    0.789286    0.845923    0.628781    
14          79          1.92        0           0.641689    0.946711    0.280567    0.228053    
14          80          3.84        180         0.0929511   0.997013    0.939752    0.131311    
14          81          5.12        0           0.2988      0.678347    0.940475    0.547323    
14          82          3.84        0           0.115084    0.957071    0.928287    0.412348    
14          83          2.56        330         0.0734186   0.661502    0.947384    0.547922    
14          84          2.56        330         0.137446    0.70635     0.900783    0.493105    
14          85          2.56        330         0.185541    0.642114    0.829155    0.569049    
14          86          3.84        0           0.191963    0.758573    0.893282    0.423536    
14          87          3.84        0           0.0132233   0.995214    0.938199    0.298065    
14          88          2.56        330         0.0543629   0.772043    0.975781    0.492492    
14          89          2.56        330         0.0763851   0.740967    0.948606    0.497339    
14          90          2.56        180         0.134507    0.820303    0.987267    0.512334    
14          91          2.56        210         0.19643     0.81628     0.787726    0.510797    
14          92          2.56        180         0.0533875   0.693298    0.951865    0.571658    
14          93          3.84        0           0.043337    0.934811    0.948464    0.289613    
14          94          3.84        180         0.166834    0.769416    0.80809     0.497838    
14          95          2.56        330         0.126648    0.841613    0.928467    0.424859    
14          96          2.56        330         0.151721    0.651472    0.879126    0.55694     
14          97          2.56        180         0.494005    1           0.790772    0.388363    
14          98          2.56        180         0.23244     0.454247    0.974154    0.738745    
14          99          2.56        180         0.605019    0.86781     0.643618    0.36075     
14          100         3.84        0           0.13297     0.359763    0.905816    0.671125    
14          101         3.84        150         0.427399    0.935284    0.761911    0.318875    
14          102         2.56        330         0.10096     0.576443    0.891753    0.631786    
14          103         2.56        330         0.0829401   0.669146    0.947467    0.576601    
14          104         2.56        330         0.227835    0.823528    0.808802    0.400393    
14          105         5.12        330         0.353617    0.946013    0.687929    0.310417    
14          106         1.92        120         0.765212    0.187149    0.636889    0.890086    
14          107         2.56        180         0.109202    0.693827    0.90796     0.542862    
14          108         5.12        150         0.693251    0.966007    0.572477    0.36281     
14          109         1.92        210         0.655168    1           0.462277    0.318382    
14          110         2.56        30          0.0712529   0.801245    0.939124    0.540788    
14          111         3.84        180         0.127154    0.740243    0.873072    0.550527    
14          112         3.84        330         0.0187731   0.860716    0.986319    0.444326    
14          113         3.84        0           0.201694    0.871324    0.90599     0.451408    
14          114         2.56        330         0.177851    0.623354    0.910174    0.61648     
14          115         1.92        0           0.583261    0.921591    0.522261    0.361728    
14          116         3.84        210         0.309045    0.810107    0.74801     0.457396    
14          117         5.12        180         0.266824    0.930135    0.726139    0.270656    
14          118         1.92        210         0.375048    0.953466    0.704175    0.249813    
14          119         3.84        0           0.207964    0.785746    0.876543    0.553759    
14          120         5.12        0           0.141602    0.968965    0.945265    0.250652    
14          121         2.56        210         0.264361    0.866261    0.670495    0.406769    
14          122         3.84        150         0.0810631   0.826913    0.905137    0.40351     
14          123         1.92        210         0.239803    0.817007    0.832368    0.458919    
14          124         3.84        180         0.574741    0.947828    0.460647    0.296554    
14          125         2.56        180         0.199109    0.495075    0.950564    0.702817    
14          126         2.56        330         0.197057    0.561605    0.812136    0.578519    
14          127         3.84        150         0.214721    0.860726    0.910329    0.469818    
14          128         3.84        120         0.661843    0.578873    0.666432    0.461281    
14          129         3.84        150         0.0242646   0.848265    0.947731    0.398575    
14          130         7.68        180         0.100312    0.967373    0.952506    0.325507    
14          131         2.56        330         0.226998    0.446633    0.899567    0.706435    
14          132         3.84        150         0.190509    0.817814    0.832414    0.396546    
14          133         7.68        330         0.337705    0.995847    0.570775    0.190704    
14          134         3.84        180         0.073959    0.918206    0.811287    0.3892      
14          135         2.56        210         0.0985701   0.691928    0.910642    0.600053    
14          136         1.92        210         0.0417491   0.710349    0.903448    0.578292    
14          137         2.56        120         0.213304    0.354203    0.910077    0.838476    
14          138         3.84        330         0.0978927   0.730577    0.927274    0.521106    
14          139         2.56        210         0.103077    0.559863    0.950231    0.715265    
14          140         2.56        180         0.426678    0.453523    0.820365    0.657587    
14          141         2.56        330         0.782107    0.756255    0.480285    0.354039    
14          142         2.56        60          0.144095    0.361899    0.971825    0.809895    
14          143         2.56        30          0.117747    0.581981    0.960486    0.689667    
14          144         1.92        90          0.452269    0.207175    0.892167    0.792911    
14          145         2.56        30          0.113749    0.435533    0.917233    0.730878    
14          146         3.84        150         0.230663    0.828071    0.888726    0.452812    
14          147         1.92        210         0.414021    0.813706    0.67066     0.313027    
14          148         3.84        150         0.339814    0.563403    0.778478    0.592968    
14          149         5.12        0           0.139165    0.689693    0.874015    0.505438    
14          150         2.56        60          0.120218    0.449519    0.981052    0.727563    
14          151         5.12        0           0.0913454   0.914175    0.959889    0.280871    
14          152         2.56        240         0.0519698   0.538873    0.956831    0.728652    
14          153         3.84        150         0.379805    0.565817    0.750218    0.573311    
14          154         2.56        120         0.359309    0.536375    0.86529     0.677985    
14          155         3.84        150         0.141784    0.700112    0.845884    0.491053    
14          156         2.56        60          0.116626    0.599058    0.969367    0.672926    
14          157         1.28        120         0.24547     0.614068    0.805817    0.638507    
14          158         2.56        60          0.134523    0.381302    0.939443    0.753307    
14          159         5.12        180         0.0359401   0.787483    0.849379    0.429051    
14          160         1.92        270         0.421695    0.698437    0.735368    0.607109    
14          161         2.56        240         0.00193545  0.377204    0.889887    0.749856    
14          162         5.12        0           0.058639    0.856299    0.910118    0.25582     
14          163         3.84        240         0.262011    0.716349    0.825143    0.574481    
14          164         3.84        120         0.389795    0.847204    0.826315    0.538953    
14          165         3.84        120         0.320582    0.714216    0.83563     0.705296    
14          166         1.28        270         0.836954    0.801789    0.419278    0.438574    
14          167         3.84        210         0.421809    0.40956     0.800166    0.586077    
14          168         1.92        90          0.118859    0.998155    0.920478    0.337759    
14          169         2.56        270         0.185942    0.40511     0.932113    0.775755    
14          170         3.84        240         0.126563    0.843291    0.906897    0.460123    
14          171         1.92        270         0.680973    0.772549    0.53812     0.531362    
14          172         3.84        60          0.318263    0.862583    0.80428     0.346915    
14          173         3.84        60          0.142595    0.788309    0.944505    0.46624     
14          174         2.56        60          0.0668796   0.694767    0.902305    0.5532      
14          175         5.12        0           0.335904    0.758363    0.789679    0.407801    
14          176         2.56        90          0.175515    0.621486    0.937725    0.739503    
14          177         1.92        120         0.348342    0.766513    0.798014    0.45742     
14          178         2.56        60          0.24675     0.841928    0.847566    0.416537    
14          179         2.56        90          0.16383     0.734347    0.926668    0.649081    
14          180         2.56        120         0.374177    0.584592    0.850529    0.682185    
14          181         2.56        60          0.0319034   0.767664    0.94022     0.554161    
14          182         5.12        150         0.240312    1           0.870623    0.374932    
14          183         2.56        300         0.0831044   0.291086    0.980104    0.876184    
14          184         3.84        240         0.000546951 0.72285     0.978001    0.495238    
14          185         3.84        240         0.254105    0.928254    0.913689    0.371401    
14          186         2.56        180         0.760907    0.879184    0.758426    0.439949    
14          187         3.84        240         0.0622539   0.73939     0.915663    0.463852    
14          188         3.84        240         0.0459714   0.815456    0.937825    0.39169     
14          189         7.68        180         0.417727    0.685537    0.738285    0.519257    
14          190         3.84        120         0.205079    0.137788    0.833945    0.871616    
14          191         2.56        240         0.0685846   0.605691    0.914705    0.544457    
14          192         2.56        90          0.0239144   0.813579    0.936327    0.460052    
14          193         2.56        90          0.0480064   0.690998    0.8856      0.560086    
14          194         3.84        240         0.21112     0.903051    0.956862    0.396117    
14          195         3.84        240         0.227456    0.935351    0.848643    0.476207    
14          196         3.84        240         0.151153    0.899926    0.939459    0.464788    
14          197         3.84        240         0.0363682   0.85858     0.9735      0.3803      
14          198         3.84        240         0.211303    0.825077    0.907235    0.509495    
14          199         2.56        270         0.282021    0.542232    0.916359    0.725081    
14          200         2.56        180         0.377687    0.257826    0.88367     0.747676    
14          201         3.84        240         0.0765279   1           0.914266    0.180325    
14          202         1.92        120         0.212334    0.861978    0.872295    0.414817    
14          203         3.84        60          0.128053    0.832903    0.914259    0.324607    
14          204         2.56        240         0.326996    0.563387    0.759253    0.645017    
14          205         3.84        60          0.0376609   0.842151    0.962031    0.282794    
14          206         3.84        90          0.135636    0.9265      0.9525      0.354953    
14          207         2.56        240         0.309826    0.475219    0.712594    0.643364    
14          208         1.92        330         0.809389    0.522255    0.672727    0.662296    
14          209         2.56        270         0.279066    1           0.759716    0.489705    
14          210         3.84        90          0.191853    1           0.827486    0.37578     
14          211         3.84        90          0.614845    1           0.470869    0.132402    
14          212         2.56        120         0.610783    0.437707    0.793349    0.74813     
14          213         1.92        120         0.179929    0.762258    0.895274    0.520178    
14          214         2.56        90          0.0259974   0.785406    0.938526    0.50578     
14          215         5.12        150         0.0723938   0.524953    0.801013    0.638655    
14          216         7.68        180         0.596677    0.65226     0.668494    0.795118    
14          217         3.84        60          0.0788121   0.945374    0.919677    0.232778    
14          218         7.68        150         0.531244    0.488288    0.537335    0.766014    
14          219         3.84        90          0.2272      1           0.833839    0.28785     
14          220         2.56        240         0.0519068   0.6596      0.967286    0.557037    
14          221         3.84        60          0.156525    0.992574    0.828681    0.314832    
14          222         3.84        90          0.194745    0.940323    0.870452    0.312893    
14          223         10.24       270         0.42721     0.560997    0.798972    0.594304    
14          224         2.56        240         0.191286    0.588612    0.896432    0.634441    
14          225         2.56        180         1           0.238601    0.512459    0.614881    
14          226         2.56        90          0.0466838   0.906551    0.915709    0.422681    
14          227         5.12        270         0.106776    0.934349    0.87639     0.344588    
14          228         3.84        90          0.221015    1           0.797387    0.105508    
14          229         3.84        270         0.554239    0.0833382   0.882069    0.802545    
15          0           1.92        270         0.405577    0.859508    0.725061    0.502076    
15          1           2.56        300         0.35846     0.582179    0.815112    0.659878    
15          2           1.92        270         0.275376    0.429123    0.83569     0.756138    
15          3           1.92        0           0.552586    0.630533    0.597306    0.681392    
15          4           2.56        150         0.168607    0.587091    0.939348    0.646401    
15          5           2.56        330         0.047361    0.613771    0.895239    0.598523    
15          6           2.56        330         0.148596    0.59525     0.859589    0.604735    
15          7           0.96        120         0.0244696   0.509604    0.851688    0.71452     
15          8           1.28        270         0.487205    0.47886     0.616501    0.67712     
15          9           1.28        270         0.369417    0.262274    0.802254    0.865561    
15          10          1.92        300         0.0521282   0.430303    0.943959    0.784204    
15          11          1.92        240         0.127649    0.378783    0.871457    0.837415    
15          12          1.92        300         0.15347     0.614608    0.895059    0.648854    
15          13          2.56        30          0.0670047   0.614715    0.966052    0.628848    
15          14          1.92        300         0.0750596   0.392868    0.916525    0.796233    
15          15          1.92        300         0.0868939   0.469009    0.941977    0.709921    
15          16          2.56        30          0.116864    0.697021    0.921627    0.601785    
15          17          2.56        330         0.0722166   0.591572    0.912222    0.707663    
15          18          2.56        210         0.10691     0.810266    0.972589    0.562791    
15          19          1.92        0           0.210102    0.382127    0.811066    0.75314     
15          20          1.92        300         0.165289    0.240676    0.840669    0.877274    
15          21          0.96        180         1           0.385568    0.371233    0.744388    
15          22          0.96        120         0.208628    0.345332    0.849703    0.855076    
15          23          1.92        0           0.47091     0.427668    0.720107    0.801679    
15          24          0.96        120         0.347007    0.383181    0.745036    0.7942      
15          25          2.56        30          0.107883    0.569083    0.878092    0.674972    
15          26          2.56        210         0.0213644   0.67801     0.917391    0.612454    
15          27          2.56        0           0.0620392   0.459357    0.91968     0.773564    
15          28          1.28        330         0.300061    0.308308    0.84184     0.812807    
15          29          2.56        210         0.0621779   0.673682    0.908902    0.600892    
15          30          2.56        0           0.0922719   0.409256    0.910959    0.707515    
15          31          1.92        300         0.353404    0.165904    0.814242    0.911901    
15          32          1.92        330         0.187873    0.303296    0.86043     0.831921    
15          33          3.84        180         0.49986     0.980699    0.612038    0.256614    
15          34          2.56        150         0.182712    0.512724    0.94129     0.735116    
15          35          1.92        0           0.128665    0.380023    0.939547    0.773239    
15          36          2.56        330         0.147513    0.476275    0.853031    0.732933    
15          37          3.84        180         0.427114    1           0.813058    0.308841    
15          38          5.12        180         0.340359    0.995279    0.747391    0.253717    
15          39          2.56        330         0.082621    0.499625    0.887494    0.580734    
15          40          1.92        0           0.414013    0.614431    0.819471    0.749951    
15          41          2.56        180         0.0421872   0.708238    0.984779    0.513704    
15          42          2.56        330         0.0982179   0.547026    0.915306    0.678486    
15          43          3.84        0           0.126491    0.884355    0.866556    0.355231    
15          44          2.56        330         0.123211    0.487855    0.952242    0.615262    
15          45          2.56        180         0.17128     0.717869    0.929662    0.573533    
15          46          3.84        0           0.089044    0.740995    0.932896    0.383124    
15          47          1.28        270         0.359254    0.166189    0.833626    0.87235     
15          48          1.92        150         0.091292    0.935948    0.950371    0.400398    
15          49          2.56        0           0.0653073   0.74513     0.946442    0.516885    
15          50          1.92        0           0.164118    0.622077    0.891335    0.657312    
15          51          2.56        330         0.0820073   0.530253    0.886645    0.506131    
15          52          2.56        150         0.0800822   0.495066    0.938178    0.574734    
15          53          2.56        180         0.522278    0.3462      0.88232     0.760815    
15          54          2.56        330         0.0161398   0.487822    0.921888    0.661122    
15          55          3.84        0           0.0831977   0.905101    0.935351    0.404426    
15          56          3.84        180         0.226567    0.498844    0.930004    0.670985    
15          57          2.56        180         0.182737    0.896736    0.777594    0.438179    
15          58          2.56        330         0.0161552   0.738463    0.957128    0.63387     
15          59          2.56        330         0.187115    0.618175    0.807434    0.533507    
15          60          2.56        210         0.372551    0.623226    0.681058    0.687006    
15          61          2.56        330         0.0418998   0.844824    0.920861    0.425844    
15          62          2.56        150         0.51964     0.997229    0.62017     0.337664    
15          63          2.56        330         0.234565    0.886687    0.845219    0.408102    
15          64          1.92        0           0.235518    0.674296    0.901574    0.624386    
15          65          2.56        330         0.348042    0.786352    0.766449    0.461614    
15          66          2.56        330         0.0627349   0.819639    0.899799    0.45914     
15          67          2.56        330         0.242647    0.543181    0.82509     0.518996    
15          68          2.56        330         0.0554847   0.656534    0.926993    0.601251    
15          69          1.92        0           0.440411    0.857491    0.657818    0.520816    
15          70          5.12        180         0.460418    0.718526    0.766034    0.55609     
15          71          1.92        180         0.14006     0.718933    0.904553    0.59677     
15          72          2.56        150         0.0265594   0.847729    0.984113    0.502026    
15          73          1.92        30          0.305689    0.862444    0.696647    0.375458    
15          74          1.92        180         0.389321    0.853554    0.635019    0.458767    
15          75          1.92        330         0.0945784   0.974592    0.892826    0.257012    
15          76          2.56        180         0.0407879   0.684467    0.980292    0.578153    
15          77          3.84        180         0.110634    0.716991    0.958633    0.596167    
15          78          5.12        180         0.617689    0.913579    0.581774    0.347548    
15          79          5.12        150         0.500694    0.970541    0.58225     0.284413    
15          80          2.56        180         0.0445015   0.688219    0.986011    0.601707    
15          81          5.12        330         0.082169    0.983841    0.988704    0.274241    
15          82          1.92        90          1           -0.167073   0.706848    0.890464    
15          83          2.56        150         0.474927    1           0.527872    0.352267    
15          84          3.84        180         0.174333    0.732749    0.944666    0.545922    
15          85          3.84        150         0.041992    0.936159    0.980604    0.377664    
15          86          2.56        330         0.0734697   0.633589    0.934848    0.595576    
15          87          1.92        180         0.866786    0.842283    0.4109      0.310088    
15          88          1.92        0           0.20425     0.569031    0.914163    0.704491    
15          89          2.56        330         0.29712     0.463961    0.832276    0.682339    
15          90          5.12        330         0.103366    0.907       0.930623    0.302993    
15          91          2.56        150         0.524176    0.836352    0.799051    0.519646    
15          92          2.56        150         0.164615    0.766541    0.899484    0.650406    
15          93          3.84        0           0.103571    0.839858    0.993779    0.422622    
15          94          2.56        210         0.362457    0.964611    0.727246    0.406577    
15          95          3.84        0           0.619477    0.987717    0.59318     0.276209    
15          96          2.56        210         0.0561764   0.596365    0.971234    0.669459    
15          97          1.92        0           0.130162    0.565966    0.81484     0.724319    
15          98          1.92        30          0.0134521   0.550838    0.95061     0.688061    
15          99          2.56        330         0.0705846   0.644748    0.934292    0.604536    
15          100         5.12        180         0.165756    0.838449    0.877836    0.361693    
15          101         5.12        180         0.595386    0.989066    0.55751     0.240864    
15          102         3.84        0           0.284932    0.846783    0.901928    0.44721     
15          103         2.56        150         0.526864    0.764907    0.580074    0.396197    
15          104         2.56        150         0.110127    0.671191    0.863363    0.51966     
15          105         3.84        180         0.147329    0.930665    0.868191    0.253927    
15          106         5.12        330         0.0937794   0.890366    0.918487    0.288761    
15          107         7.68        150         0.593553    0.949413    0.518386    0.169878    
15          108         1.28        210         0.0672842   0.588158    0.954669    0.697395    
15          109         1.92        210         0.0374705   0.682515    0.956337    0.60463     
15          110         2.56        150         0.169152    0.313686    0.922225    0.83098     
15          111         2.56        60          0.0760893   0.298235    0.954087    0.809373    
15          112         5.12        180         0.213487    1           0.840276    0.455079    
15          113         1.92        240         0.370334    0.851882    0.845275    0.56732     
15          114         2.56        150         0.539118    0.69062     0.73329     0.662605    
15          115         2.56        30          0.634724    0.777411    0.374805    0.408345    
15          116         1.28        60          0.599227    0.745783    0.659239    0.569018    
15          117         2.56        60          0.0812373   0.276639    0.939167    0.851522    
15          118         5.12        150         0.27511     0.910276    0.827886    0.320335    
15          119         2.56        30          0.544824    0.66619     0.59274     0.526504    
15          120         2.56        120         0.720486    0.774554    0.406971    0.581874    
15          121         5.12        330         0.0764743   0.916261    0.939507    0.378785    
15          122         3.84        180         0.166039    0.995573    0.867364    0.244953    
15          123         5.12        180         0.344883    0.668133    0.595602    0.439683    
15          124         5.12        330         0.0235437   1           0.904614    0.304482    
15          125         2.56        90          0.214514    0.367601    0.938091    0.808773    
15          126         2.56        300         0.180947    0.667326    0.893371    0.667968    
15          127         1.28        120         0.172418    0.427086    0.820163    0.768308    
15          128         1.92        240         0.147332    0.575188    0.873488    0.682378    
15          129         3.84        240         0.124049    0.635234    0.862196    0.701338    
15          130         3.84        120         0.333859    0.65978     0.90692     0.541298    
15          131         1.92        90          0.457202    0.65698     0.811056    0.556666    
15          132         1.92        300         0.278958    0.306451    0.908708    0.72819     
15          133         2.56        60          0.304077    0.682502    0.800198    0.470752    
15          134         3.84        120         0.260327    0.744911    0.956       0.70366     
15          135         5.12        180         0.223657    0.615777    0.767317    0.489508    
15          136         3.84        240         0.25916     0.787925    0.738165    0.326681    
15          137         2.56        120         0.0972755   0.259984    0.877907    0.82323     
15          138         2.56        60          0.0974173   0.56333     0.943921    0.575851    
15          139         2.56        330         0.0757942   0.643959    0.736666    0.474072    
15          140         1.92        240         0.290232    0.73587     0.894114    0.51284     
15          141         3.84        240         0.153675    0.725963    0.914244    0.579363    
15          142         1.92        270         0.178509    0.588658    0.858831    0.592394    
15          143         3.84        240         0.177228    0.722299    0.874119    0.491911    
15          144         1.92        300         0.215126    0.534956    0.804009    0.812034    
15          145         1.92        90          0.180484    0.632861    0.927372    0.658829    
15          146         2.56        60          0.0920871   0.715085    0.936748    0.537112    
15          147         3.84        180         0.343652    1           0.774555    0.402681    
15          148         1.92        90          0.0488195   0.580757    0.941385    0.689488    
15          149         3.84        60          0.099055    0.552801    0.981241    0.566559    
15          150         5.12        180         0.430205    0.965027    0.89877     0.509238    
15          151         2.56        90          0.286836    0.686203    0.838327    0.532688    
15          152         3.84        240         0.198628    0.781219    0.841763    0.471087    
15          153         5.12        180         0.309237    0.585312    0.847646    0.803361    
15          154         3.84        240         0.157355    0.723331    0.878705    0.525428    
15          155         1.28        210         1           0.628032    0.833504    0.685337    
15          156         3.84        240         0.235838    0.917755    0.807122    0.240242    
15          157         2.56        90          0.237848    0.89132     0.840529    0.481536    
15          158         2.56        60          0.109167    0.651243    0.908125    0.530792    
15          159         1.92        90          0.0926731   0.554244    0.911835    0.636659    
15          160         5.12        180         0.729782    0.888989    0.661382    0.688457    
15          161         3.84        240         0.21868     0.639824    0.885271    0.589336    
15          162         3.84        240         0.123671    0.80193     0.929933    0.463325    
15          163         1.92        120         0.113222    0.226232    0.941758    0.803161    
15          164         2.56        90          0.17375     0.797116    0.881762    0.461513    
15          165         2.56        240         0.101494    0.671713    0.898354    0.398093    
15          166         5.12        150         0.30486     0.678644    0.791554    0.626081    
15          167         2.56        210         0.386908    0.335303    0.711461    0.810208    
15          168         2.56        60          0.0140894   0.539655    0.866168    0.692908    
15          169         3.84        120         0.893615    0.940614    0.336623    0.283704    
15          170         2.56        330         0.0274047   0.631961    0.968328    0.48195     
15          171         2.56        90          0.330155    0.337044    0.863905    0.80314     
15          172         2.56        90          0.280779    0.882155    0.795352    0.399187    
15          173         1.28        270         0.222578    0.538275    0.891691    0.726754    
15          174         1.92        90          1           1           0.465706    0.413803    
15          175         2.56        60          0.155306    0.474969    0.903135    0.675754    
15          176         3.84        330         1           0.189028    0.630904    0.836908    
15          177         3.84        240         0.115088    0.847309    0.904839    0.387572    
15          178         2.56        330         0.480099    0.327637    0.714452    0.804931    
15          179         2.56        330         0.161793    0.583045    0.851277    0.656051    
15          180         1.92        240         0.456461    0.870964    0.753375    0.543918    
15          181         3.84        240         0.119911    0.853932    0.868829    0.392732    
15          182         1.92        90          0.164042    0.987042    0.814818    0.457674    
15          183         1.92        300         0.336728    0.442701    0.49563     0.658378    
15          184         1.92        240         0.185861    0.851026    0.892332    0.539251    
15          185         2.56        90          0.226854    0.953344    0.886967    0.258017    
15          186         2.56        90          0.130913    0.837259    0.917902    0.492191    
15          187         0.96        60          0.546519    0.634038    0.870997    0.577603    
15          188         2.56        240         0.26696     0.92971     0.811294    0.376386    
15          189         2.56        270         0.644774    0.240955    0.737282    0.889369    
15          190         3.84        90          0.163717    0.977927    0.833351    0.300266    
15          191         1.92        240         0.368698    0.638613    0.829807    0.679732    
15          192         1.92        120         0.09026     0.897312    0.863088    0.556704    
16          0           2.56        270         0.266077    0.767361    0.846958    0.571206    
16          1           2.56        150         0.0191514   0.515251    0.915884    0.639038    
16          2           2.56        330         0.119384    0.321195    0.978415    0.744808    
16          3           2.56        210         0.182245    0.808294    0.934292    0.54349     
16          4           2.56        0           0.279811    0.711089    0.794851    0.562299    
16          5           1.92        300         0.563019    0.372086    0.637283    0.637651    
16          6           2.56        300         0.529667    0.662513    0.649355    0.548982    
16          7           2.56        270         0.469922    0.545096    0.740807    0.728592    
16          8           1.92        270         0.300736    0.369461    0.85078     0.740485    
16          9           3.84        240         0.345773    0.779223    0.779638    0.534194    
16          10          1.92        0           0.298616    0.547056    0.780193    0.697321    
16          11          1.92        300         0.326941    0.370643    0.718105    0.687343    
16          12          0.96        300         0.00844462  0.560802    0.985869    0.706222    
16          13          2.56        240         0.124662    0.460746    0.866227    0.620239    
16          14          1.92        300         0.197063    0.578916    0.885758    0.697265    
16          15          1.92        330         0.337336    0.399152    0.820395    0.750461    
16          16          2.56        0           0.458255    0.89904     0.588715    0.408786    
16          17          2.56        30          0.2585      0.45297     0.800237    0.698777    
16          18          2.56        210         0.358201    0.642115    0.712459    0.638516    
16          19          3.84        210         0.105437    0.786572    0.881709    0.507652    
16          20          1.92        300         0.190396    0.435337    0.819566    0.660802    
16          21          1.92        300         0.201229    0.481231    0.866033    0.771577    
16          22          2.56        240         0.156009    0.125519    0.870414    0.889991    
16          23          0.96        240         0.854711    0.0908879   0.686334    0.813081    
16          24          2.56        210         0.0466651   0.546769    0.899981    0.789446    
16          25          0.96        0           0.409684    0.162851    0.831763    0.920367    
16          26          1.92        330         0.472834    0.626688    0.742686    0.712194    
16          27          3.84        30          0.0330392   0.813694    0.917455    0.512929    
16          28          2.56        210         0.242361    0.875318    0.812855    0.577441    
16          29          2.56        210         0.0918031   0.909069    0.901265    0.590662    
16          30          0.96        120         0.257805    0.422032    0.850524    0.716736    
16          31          1.92        180         0.159226    0.578221    0.940061    0.682141    
16          32          1.92        300         0.439338    0.100186    0.847207    0.90074     
16          33          1.92        0           0.105772    0.632226    0.851133    0.673196    
16          34          1.92        330         0.360121    0.498962    0.788238    0.707525    
16          35          2.56        30          0.0246123   0.497603    0.937761    0.763459    
16          36          1.92        330         0.192302    0.463891    0.859518    0.728358    
16          37          2.56        0           0.119783    0.754012    0.882748    0.517064    
16          38          0.96        330         0.542933    0.666661    0.631633    0.727646    
16          39          1.92        180         0.299971    0.601611    0.903952    0.534754    
16          40          3.84        330         0.733556    0.571071    0.705561    0.499716    
16          41          1.28        330         0.144581    0.680237    0.90846     0.636004    
16          42          3.84        330         0.51189     0.569298    0.794285    0.573402    
16          43          1.92        180         0.120684    0.36326     0.881154    0.804885    
16          44          2.56        0           0.15926     0.525676    0.953256    0.697958    
16          45          2.56        0           0.072139    0.408213    0.917818    0.741296    
16          46          2.56        330         0.186201    0.556386    0.827075    0.693984    
16          47          0.96        30          0.679375    0.0992786   0.730857    0.82889     
16          48          2.56        150         0.0373073   0.434868    0.969112    0.690484    
16          49          1.92        300         0.843211    0.12771     0.602373    0.672479    
16          50          1.92        180         0.37783     0.467149    0.795748    0.707113    
16          51          3.84        0           0.104422    0.786185    0.858365    0.554968    
16          52          2.56        150         0.262245    0.394964    0.95643     0.620349    
16          53          0.96        30          0.347334    0.0433845   0.813212    0.936531    
16          54          5.12        0           0.0604166   0.737232    0.934142    0.478256    
16          55          3.84        0           0.0962943   0.854151    0.933659    0.426316    
16          56          2.56        330         0.064047    0.652352    0.924969    0.594122    
16          57          2.56        330         0.113248    0.594038    0.884275    0.53753     
16          58          2.56        150         0.0382609   0.556829    0.978862    0.606121    
16          59          3.84        0           0.140245    0.867555    0.861974    0.37638     
16          60          2.56        330         0.160082    0.753239    0.895472    0.570647    
16          61          0.64        120         0.304463    0.0870205   0.866606    0.969417    
16          62          1.92        0           0.0323061   0.590478    0.917693    0.585877    
16          63          3.84        210         0.210697    0.677587    0.819505    0.59135     
16          64          1.92        180         0.192408    0.44501     0.939566    0.769644    
16          65          2.56        330         0.107585    0.513704    0.882162    0.640544    
16          66          3.84        180         0.0812828   0.953777    0.917084    0.361614    
16          67          2.56        180         0.143821    0.943202    0.883695    0.443053    
16          68          3.84        180         0.139929    0.883936    0.855853    0.364974    
16          69          3.84        0           0.092548    0.940364    0.907674    0.331469    
16          70          2.56        0           0.0757846   0.915426    0.93205     0.404526    
16          71          1.92        180         0.194731    0.475751    0.930147    0.732778    
16          72          2.56        150         0.0807382   0.752054    0.930351    0.500905    
16          73          3.84        330         0.319132    0.784211    0.781918    0.44967     
16          74          3.84        180         0.44976     1           0.737955    0.297192    
16          75          3.84        180         0.16221     0.908257    0.919469    0.399107    
16          76          3.84        330         0.537946    0.889267    0.57008     0.256257    
16          77          3.84        30          0.272742    0.667164    0.810769    0.559787    
16          78          2.56        0           0.229747    0.936921    0.808335    0.363123    
16          79          3.84        180         0.124295    0.705632    0.923767    0.540517    
16          80          1.92        180         0.0249282   0.848257    0.938633    0.40731     
16          81          1.28        0           0.370953    0.62681     0.775124    0.669013    
16          82          1.28        30          0.637538    1           0.351037    0.417297    
16          83          2.56        210         0.0144211   0.694697    0.963363    0.598164    
16          84          2.56        330         0.0440981   0.779125    0.974777    0.520912    
16          85          3.84        330         0.100765    0.787264    0.915199    0.445183    
16          86          2.56        330         0.159135    0.73434     0.885048    0.475611    
16          87          1.92        180         0.035443    0.669685    0.961979    0.608917    
16          88          2.56        330         0.314651    0.869252    0.70063     0.414122    
16          89          2.56        0           0.11295     0.729622    0.927314    0.575579    
16          90          1.92        330         0.410581    0.657977    0.748701    0.468138    
16          91          2.56        150         0.142618    0.74984     0.889572    0.503222    
16          92          2.56        150         0.0404967   0.810198    0.972093    0.455292    
16          93          2.56        0           0.160118    0.655137    0.907053    0.641526    
16          94          2.56        330         0.00685024  0.60646     0.958079    0.612739    
16          95          3.84        180         0.223241    0.802017    0.904248    0.392445    
16          96          3.84        330         0.0112528   0.753009    0.982601    0.483127    
16          97          2.56        150         0.0336783   0.705813    0.976226    0.589368    
16          98          3.84        330         0.114085    0.587013    0.901066    0.579955    
16          99          3.84        180         0.642296    0.503144    0.706999    0.68178     
16          100         2.56        150         0.123139    0.748226    0.952093    0.604821    
16          101         2.56        330         0.0596851   0.668549    0.840036    0.587807    
16          102         2.56        150         0.138101    0.73971     0.939769    0.487012    
16          103         3.84        330         0.0200828   0.783497    0.98369     0.422133    
16          104         5.12        180         0.411461    0.999496    0.686771    0.296854    
16          105         3.84        150         0.301322    0.920124    0.791545    0.319435    
16          106         5.12        180         0.516144    0.894355    0.60668     0.324965    
16          107         2.56        210         0.0924138   0.65393     0.944195    0.715808    
16          108         2.56        330         0.00385296  0.578366    0.967622    0.703074    
16          109         2.56        210         0.521999    0.612258    0.697406    0.640668    
16          110         3.84        30          0.0843575   0.84378     0.941832    0.345267    
16          111         3.84        180         0.115599    0.930022    0.858412    0.428208    
16          112         2.56        150         0.0510953   0.679273    0.970068    0.59611     
16          113         2.56        150         0.141559    0.738634    0.91931     0.564529    
16          114         3.84        150         0.226995    0.818507    0.917044    0.372899    
16          115         2.56        210         0.122288    0.683097    0.916811    0.608261    
16          116         2.56        150         0.163545    0.706942    0.868838    0.586154    
16          117         2.56        210         0.0920494   0.635991    0.925984    0.639536    
16          118         2.56        120         0.203448    0.385361    0.875114    0.792472    
16          119         10.24       150         0.156369    1           0.827964    0.268739    
16          120         3.84        150         0.184366    0.825053    0.903993    0.346164    
16          121         2.56        90          0.190208    0.218711    0.922807    0.926455    
16          122         2.56        150         0.415746    0.705242    0.722742    0.63747     
16          123         2.56        30          0.110039    0.681116    0.935548    0.600528    
16          124         3.84        210         0.13134     0.805585    0.892356    0.525149    
16          125         5.12        0           0.0170087   0.480779    0.945488    0.746534    
16          126         5.12        0           0.0968242   0.322262    0.903255    0.847609    
16          127         2.56        90          0.0662896   0.421562    0.942637    0.823366    
16          128         2.56        150         0.201504    0.811715    0.896253    0.639201    
16          129         2.56        240         0.0418934   0.557336    0.889746    0.646055    
16          130         5.12        180         0.233188    0.77291     0.850817    0.434944    
16          131         1.92        60          0.0954472   0.526469    0.996828    0.717452    
16          132         2.56        60          0.265231    0.882905    0.867924    0.417839    
16          133         2.56        60          0.139734    0.560244    0.941944    0.668532    
16          134         2.56        0           0.128158    0.857262    0.814327    0.413147    
16          135         2.56        180         0.57382     0.757021    0.574929    0.519925    
16          136         2.56        60          0.0539534   0.395088    0.94981     0.754063    
16          137         2.56        180         0.234454    0.514698    0.866221    0.693373    
16          138         2.56        60          0.0882789   0.550915    0.944655    0.679928    
16          139         5.12        240         0.317047    0.883203    0.784873    0.392026    
16          140         2.56        150         0.143436    0.546455    0.94628     0.655068    
16          141         2.56        60          0.032066    0.562443    0.963661    0.656073    
16          142         2.56        330         0.0485164   0.414444    0.937707    0.631507    
16          143         1.92        270         0.343477    0.566464    0.818648    0.633009    
16          144         2.56        90          0.386412    0.747934    0.777457    0.553888    
16          145         2.56        60          0.0441544   0.600001    0.942776    0.616603    
16          146         2.56        240         0.0163234   0.598259    0.945025    0.59523     
16          147         2.56        60          0.116373    0.592738    0.971658    0.559579    
16          148         3.84        240         0.133643    0.493416    0.910748    0.678302    
16          149         2.56        330         0.119732    0.609931    0.925769    0.56832     
16          150         0.96        90          0.609759    0.457625    0.671624    0.747711    
16          151         2.56        330         0.354       0.771657    0.73511     0.445368    
16          152         0.64        180         0.352041    0.807676    0.593639    0.504989    
16          153         2.56        240         0.0162041   0.528813    0.934943    0.6074      
16          154         1.28        150         0.384653    0.930683    0.534761    0.481571    
16          155         3.84        180         0.0579226   0.929397    0.963807    0.438674    
16          156         1.92        90          0.00185892  0.551905    0.951941    0.659666    
16          157         3.84        240         0.214463    0.56772     0.87873     0.632415    
16          158         2.56        240         0.308084    0.696077    0.791339    0.47753     
16          159         2.56        120         0.475598    0.97284     0.664025    0.388131    
16          160         3.84        240         0.147255    0.318527    0.924548    0.74465     
16          161         1.92        0           0.125914    0.712519    0.917846    0.489165    
16          162         1.92        180         0.353979    0.667448    0.846447    0.494771    
16          163         0.96        90          0.867056    0.0669299   0.75174     0.924156    
16          164         3.84        90          0.431994    0.962316    0.766643    0.38993     
16          165         1.92        180         0.207224    0.997953    0.822185    0.248555    
16          166         1.92        90          0.0970431   0.628879    0.971384    0.637022    
16          167         2.56        0           0.258996    0.643527    0.879557    0.594521    
16          168         0.96        120         0.189959    0.193746    0.907206    0.929158    
16          169         3.84        330         0.378155    0.350188    0.91251     0.83079     
16          170         2.56        240         0.183313    0.257513    0.80059     0.819851    
16          171         1.92        270         0.121794    0.723336    0.894756    0.634491    
16          172         1.28        150         0.139889    0.412372    0.959114    0.845059    
16          173         1.92        270         0.115847    0.522041    0.918158    0.689216    
16          174         2.56        330         0.187322    0.734052    0.881682    0.367483    
16          175         3.84        300         0.0819941   0.42074     0.897836    0.788884    
16          176         1.92        150         0.374139    0.537218    0.879557    0.766825    
16          177         3.84        90          0.0556677   0.963388    0.98793     0.434599    
16          178         2.56        240         0.110026    0.637453    0.876644    0.529198    
16          179         3.84        240         0.221787    0.595279    0.859767    0.63295     
16          180         5.12        210         0.63822     0.748137    0.60907     0.613253    
16          181         0.64        60          0.238076    0.35347     0.873106    0.858683    
16          182         5.12        270         0.163471    0.43903     0.891283    0.760072    
16          183         3.84        240         0.153467    0.608271    0.862621    0.6349      
16          184         2.56        150         0.440846    0.210882    0.75234     0.72879     
16          185         2.56        330         0.0813377   0.134784    0.923362    0.89292     
16          186         1.92        270         0.0505716   0.648355    0.956388    0.625118    
16          187         3.84        240         0.172859    0.743147    0.809943    0.600676    
16          188         3.84        210         1           0.325098    0.690249    0.859505    
16          189         5.12        0           0.168009    0.321299    0.873606    0.936081    
16          190         3.84        90          0.0619405   0.879037    0.934615    0.440031    
16          191         2.56        240         0.117782    0.328126    0.939336    0.718       
16          192         2.56        240         0.098051    0.459173    0.939507    0.660904    
16          193         2.56        90          0.433482    0.921949    0.764572    0.383926    
16          194         2.56        60          0.0796685   0.799486    0.915323    0.464055    
16          195         3.84        90          0.0863415   0.714136    0.950337    0.532823    
16          196         2.56        0           0.314226    0.653441    0.797151    0.713814    
16          197         2.56        60          0.0129124   0.833419    0.92488     0.542285    
16          198         0.96        90          0.544938    0.239645    0.86851     0.843913    
16          199         2.56        270         0.431974    0.970874    0.566505    0.475999    
16          200         1.92        270         0.115476    0.399499    0.905813    0.81055     
16          201         2.56        240         0.610282    0.861017    0.42678     0.369074    
16          202         2.56        240         0.0592133   0.586162    0.895029    0.505291    
16          203         2.56        240         0.122281    0.110594    0.803534    0.965481    
16          204         1.92        90          0.156676    0.672212    0.860663    0.733735    
16          205         3.84        270         0.0593044   0.930227    0.928477    0.411312    
16          206         1.92        0           0.300152    0.712981    0.570558    0.563955    
17          0           1.92        210         0.182516    0.545758    0.914829    0.666708    
17          1           1.92        270         0.224564    0.435799    0.874259    0.740274    
17          2           1.92        300         0.241436    0.885001    0.832456    0.670658    
17          3           1.92        210         0.144618    0.545671    0.904591    0.60272     
17          4           1.92        270         0.282923    0.445375    0.835273    0.727986    
17          5           1.92        300         0.119932    0.508496    0.926328    0.750779    
17          6           2.56        210         0.0493909   0.722616    0.905062    0.544506    
17          7           1.92        180         0.462938    0.449715    0.743923    0.757428    
17          8           1.92        270         0.229987    0.365699    0.880021    0.744568    
17          9           1.92        300         0.329928    0.426705    0.798147    0.800156    
17          10          1.28        330         0.0619396   0.529575    0.934445    0.717491    
17          11          1.92        240         0.100398    0.669227    0.87017     0.685923    
17          12          1.92        300         0.169252    0.56184     0.899327    0.725142    
17          13          3.84        30          0.24787     0.836807    0.914665    0.521065    
17          14          1.92        240         0.0696616   0.42309     0.878305    0.781769    
17          15          1.92        0           0.411175    0.660635    0.71328     0.590963    
17          16          1.92        180         0.0733957   0.447509    0.943763    0.773464    
17          17          2.56        30          0.0204283   0.670174    0.980932    0.624064    
17          18          1.92        0           0.221801    0.872924    0.83584     0.75089     
17          19          0.64        90          0.346253    0.199051    0.817733    0.848936    
17          20          1.92        330         0.305337    0.269053    0.872045    0.817678    
17          21          1.92        300         0.106309    0.495071    0.896973    0.763224    
17          22          1.92        240         0.10599     0.263707    0.882632    0.908006    
17          23          1.92        270         0.407669    0.202       0.770443    0.866143    
17          24          0.96        0           0.242393    0.196906    0.906942    0.849924    
17          25          0.96        60          0.401814    0.376351    0.749974    0.901986    
17          26          2.56        210         0.088712    0.600744    0.929528    0.651107    
17          27          1.92        270         0.425774    0.0933793   0.828944    0.916944    
17          28          1.28        120         0.0922725   0.394864    0.96664     0.749835    
17          29          1.28        330         0.115386    0.388286    0.89837     0.806526    
17          30          1.92        0           0.0732114   0.477767    0.913573    0.787532    
17          31          3.84        210         0.140604    0.803357    0.898543    0.591155    
17          32          1.28        150         0.112467    0.174132    0.922217    0.919535    
17          33          2.56        210         0.0335275   0.456305    0.960072    0.760582    
17          34          1.28        120         0.355554    0.514713    0.811478    0.652205    
17          35          1.28        0           0.274867    0.552859    0.828607    0.739193    
17          36          1.92        330         0.202921    0.119856    0.921665    0.914856    
17          37          1.28        330         0.197341    0.358816    0.894511    0.84776     
17          38          1.92        330         0.259171    0.276955    0.860492    0.794016    
17          39          1.92        180         0.266027    0.618529    0.864065    0.664795    
17          40          2.56        0           0.129949    0.494122    0.941262    0.714835    
17          41          1.28        330         0.0947634   0.460259    0.918088    0.745848    
17          42          0.96        0           0.540882    0.412854    0.748087    0.81836     
17          43          1.28        330         0.212971    0.322061    0.900876    0.860056    
17          44          1.92        180         0.368447    0.684015    0.735914    0.555109    
17          45          2.56        300         0.615922    0.317116    0.785972    0.888684    
17          46          3.84        0           0.113203    0.683549    0.857764    0.570273    
17          47          1.28        120         0.34979     0.348641    0.875776    0.730534    
17          48          1.92        0           0.0204521   0.413617    0.889019    0.838617    
17          49          1.28        30          0.340496    0.220024    0.873997    0.788878    
17          50          0.96        0           0.145604    0.267994    0.958941    0.875237    
17          51          1.92        330         0.409232    0.453175    0.771526    0.697329    
17          52          1.92        330         0.175798    0.27918     0.907577    0.793356    
17          53          2.56        330         0.303604    0.537224    0.851827    0.739296    
17          54          1.92        150         0.0058213   0.485424    0.937639    0.718       
17          55          0.96        0           0.170144    0.513623    0.884609    0.855896    
17          56          0.96        0           0.14255     0.651356    0.940422    0.607401    
17          57          1.92        330         0.175874    0.362876    0.911885    0.787629    
17          58          1.92        0           0.106127    0.369588    0.855204    0.813793    
17          59          1.92        330         0.135198    0.354346    0.905566    0.752619    
17          60          3.84        180         0.0198001   0.868422    0.971796    0.430828    
17          61          1.92        330         0.188309    0.40681     0.881951    0.730708    
17          62          1.92        0           0.254911    0.657403    0.888879    0.776917    
17          63          1.92        330         0.173024    0.397259    0.906073    0.721655    
17          64          2.56        150         0.697897    0.726674    0.637226    0.513846    
17          65          1.92        330         0.208317    0.480345    0.858253    0.697261    
17          66          1.92        0           0.160562    0.341499    0.896571    0.769149    
17          67          1.92        0           0.235061    0.706254    0.818594    0.576298    
17          68          2.56        330         0.0947853   0.726242    0.966878    0.58559     
17          69          1.92        0           0.00504379  0.476174    0.934039    0.750118    
17          70          1.92        180         0.0471938   0.763254    0.973259    0.666768    
17          71          2.56        30          0.0498144   0.802615    0.94964     0.564557    
17          72          3.84        330         0.097468    0.642028    0.921675    0.522667    
17          73          3.84        180         0.346543    0.969297    0.697646    0.325566    
17          74          2.56        180         0.168828    0.629106    0.940089    0.569112    
17          75          3.84        330         0.0902406   0.818975    0.973154    0.443526    
17          76          3.84        330         0.324137    0.793429    0.825746    0.440675    
17          77          3.84        330         0.146148    0.685624    0.915964    0.572017    
17          78          0.64        330         0.176167    0.417244    0.843613    0.793856    
17          79          3.84        150         0.113441    0.770744    0.907781    0.454833    
17          80          1.92        180         0.155606    0.6916      0.885972    0.60625     
17          81          3.84        180         0.161117    0.846218    0.892463    0.436446    
17          82          1.92        180         0.0683138   0.707521    0.936605    0.641632    
17          83          1.92        180         0.195115    0.412867    0.946227    0.708548    
17          84          2.56        330         0.14543     0.597651    0.920781    0.525202    
17          85          3.84        150         0.0948089   0.721644    0.931558    0.508674    
17          86          2.56        150         0.0160173   0.818305    0.964776    0.563444    
17          87          3.84        330         0.0293041   0.761233    0.977675    0.50484     
17          88          2.56        330         0.110422    0.685003    0.943404    0.574272    
17          89          1.92        180         0.156178    0.586454    0.937895    0.666432    
17          90          3.84        180         0.30834     0.831326    0.84845     0.443358    
17          91          2.56        330         0.334795    0.638324    0.788522    0.557563    
17          92          2.56        180         0.114372    0.705202    0.954385    0.575827    
17          93          3.84        0           0.175802    0.740826    0.877858    0.489519    
17          94          3.84        330         0.0186073   0.607199    0.915213    0.588626    
17          95          3.84        210         0.318799    0.936618    0.649532    0.36621     
17          96          3.84        330         0.124676    0.811412    0.965879    0.44954     
17          97          3.84        180         0.172855    0.662015    0.915908    0.596281    
17          98          3.84        150         0.0196385   0.829572    0.926097    0.47255     
17          99          3.84        330         0.0230399   0.672741    0.917997    0.534819    
17          100         1.28        150         0.126691    0.249317    0.89653     0.840586    
17          101         3.84        150         0.0213197   0.806581    0.945976    0.434756    
17          102         3.84        150         0.0983496   0.831627    0.920641    0.474109    
17          103         3.84        330         0.0560647   0.936353    0.886891    0.356491    
17          104         2.56        210         0.0186148   0.791351    0.956653    0.564892    
17          105         3.84        150         0.144093    0.644627    0.947771    0.510964    
17          106         1.92        210         0.0996961   0.695772    0.912428    0.615524    
17          107         3.84        180         0.153681    0.67278     0.900345    0.595045    
17          108         3.84        150         0.0665597   0.708664    0.955841    0.56172     
17          109         2.56        30          0.0420494   0.546948    0.986183    0.703642    
17          110         2.56        210         0.0468994   0.535189    0.983593    0.716682    
17          111         3.84        150         0.186954    0.405132    0.847929    0.716115    
17          112         2.56        30          0.0434882   0.742209    0.97581     0.588502    
17          113         3.84        150         0.16291     0.42114     0.755208    0.720313    
17          114         3.84        180         0.310016    0.897769    0.784132    0.406618    
17          115         3.84        180         0.492899    0.871435    0.637684    0.358241    
17          116         3.84        180         0.18908     0.836087    0.774593    0.472079    
17          117         1.92        180         0.385641    0.646397    0.743969    0.683461    
17          118         1.28        150         0.282135    0.627719    0.832672    0.6147      
17          119         2.56        210         0.00739637  0.661584    0.96908     0.622822    
17          120         3.84        150         0.236875    0.716973    0.805448    0.460021    
17          121         2.56        30          0.0615958   0.59592     0.975502    0.641456    
17          122         3.84        150         0.370969    0.552055    0.746777    0.578243    
17          123         3.84        150         0.100522    0.83477     0.927687    0.452585    
17          124         3.84        150         0.0878375   0.325089    0.941097    0.777877    
17          125         1.92        180         0.236286    0.411387    0.892793    0.767813    
17          126         2.56        210         0.0428954   0.568263    0.957135    0.719579    
17          127         2.56        210         0.119964    0.823034    0.930202    0.580873    
17          128         2.56        120         0.390607    0.670011    0.684533    0.610512    
17          129         1.92        30          0.0267861   0.599464    0.945938    0.657752    
17          130         2.56        30          0.0321456   0.634507    0.984714    0.635105    
17          131         3.84        150         0.380677    0.866952    0.801394    0.429276    
17          132         1.28        210         0.132613    0.404768    0.981443    0.801454    
17          133         3.84        150         0.151728    0.743815    0.894594    0.546097    
17          134         1.28        150         0.1174      0.449814    0.932286    0.747823    
17          135         3.84        150         0.155484    0.799296    0.879009    0.431912    
17          136         3.84        180         0.0844532   0.870644    0.885118    0.42592     
17          137         2.56        60          0.0461594   0.394801    0.949162    0.769449    
17          138         3.84        150         0.155624    0.673244    0.881517    0.523673    
17          139         2.56        90          0.378012    0.483735    0.941821    0.795314    
17          140         2.56        30          0.13726     0.62593     0.960733    0.643955    
17          141         1.28        120         0.365858    0.342432    0.850863    0.715757    
17          142         2.56        330         0.0763516   0.581397    0.976373    0.66963     
17          143         1.92        240         0.0162441   0.68008     0.936197    0.70682     
17          144         2.56        210         0.0820103   0.506873    0.975965    0.735735    
17          145         1.28        60          0.405991    0.493937    0.780412    0.7189      
17          146         1.28        120         0.14027     0.141258    0.93013     0.929554    
17          147         3.84        0           0.0481287   0.799564    0.968033    0.449443    
17          148         1.92        240         0.0664984   0.584586    0.961251    0.679846    
17          149         1.92        120         0.0245542   0.610721    0.909126    0.749952    
17          150         1.92        150         0.30582     0.793108    0.731862    0.458802    
17          151         0.64        90          0.807563    0.0227421   0.762239    0.830854    
17          152         2.56        300         0.294845    0.713773    0.85371     0.571243    
17          153         1.92        240         0.0945962   0.526114    0.892735    0.739704    
17          154         3.84        150         0.230607    0.584858    0.843499    0.656531    
17          155         3.84        120         0.911326    0.943823    0.370905    0.365383    
17          156         1.92        270         0.103806    0.405873    0.913142    0.799722    
17          157         2.56        90          0.603987    0.599598    0.57363     0.592689    
17          158         1.92        240         0.440843    0.781189    0.64193     0.483541    
17          159         3.84        150         0.237377    0.489609    0.783935    0.623935    
17          160         3.84        270         0.305529    0.768562    0.831681    0.55487     
17          161         1.92        180         0.199679    0.749081    0.859214    0.60754     
17          162         1.92        240         0.0202046   0.612925    0.958092    0.638903    
17          163         3.84        240         0.21099     0.383767    0.908406    0.694826    
17          164         0.64        60          0.424779    0.087369    0.83112     0.881307    
17          165         1.92        270         0.0415441   0.562738    0.962663    0.67881     
17          166         0.64        150         0.480054    0.257594    0.722653    0.900099    
17          167         2.56        90          0.218672    0.667242    0.962975    0.588215    
17          168         2.56        60          0.175855    0.663093    0.873759    0.577495    
17          169         0.64        90          0.571468    0.341157    0.639953    0.898153    
17          170         2.56        120         0.326861    0.685305    0.694825    0.575998    
17          171         1.92        270         0.192454    0.380927    0.942553    0.753586    
17          172         0.96        0           0.240347    0.452671    0.861714    0.80577     
17          173         1.92        270         0.219106    0.626236    0.938278    0.649102    
17          174         0.64        90          0.474999    0.230077    0.68945     0.959125    
17          175         2.56        90          0.195598    0.655396    0.903628    0.606715    
17          176         3.84        90          0.533315    1           0.723864    0.319416    
17          177         0.64        90          0.506863    0.229317    0.722749    0.913007    
17          178         1.28        330         0.144854    0.359109    0.840898    0.80126     
17          179         3.84        0           0.676114    0.929428    0.471656    0.330412    
17          180         2.56        90          0.299909    0.709533    0.839866    0.553628    
17          181         2.56        90          0.202785    0.466943    0.921966    0.718086    
17          182         0.64        90          0.334475    0.14098     0.842217    0.960584    
17          183         1.92        270         0.18213     0.443665    0.903345    0.646919    
17          184         2.56        60          0.0989186   0.738334    0.90731     0.531389    
17          185         1.28        120         0.120138    0.243103    0.994391    0.86868     
17          186         1.92        0           0.0606409   0.847812    0.819116    0.373786    
17          187         2.56        90          0.233422    0.398009    0.91281     0.783841    
17          188         2.56        180         0.235788    0.361485    0.811382    0.760488    
17          189         2.56        180         0.379208    0.59619     0.674891    0.658169    
17          190         1.92        240         0.138966    0.522641    0.875001    0.744338    
17          191         2.56        90          0.16248     0.757606    0.975348    0.565612    
17          192         1.92        240         0.188465    0.429922    0.843063    0.777129    
17          193         1.28        60          0.558578    0.254152    0.718411    0.832999    
17          194         3.84        240         0.0691767   0.789093    0.860267    0.47861     
17          195         2.56        90          0.195788    0.641772    0.922047    0.647553    
17          196         2.56        90          0.186111    0.368743    0.940202    0.828617    
17          197         2.56        90          0.228109    0.788698    0.87892     0.511469    
17          198         3.84        60          0.402707    0.599621    0.876432    0.669979    
17          199         2.56        90          0.155928    0.702292    0.928957    0.608898    
17          200         1.28        60          0.307781    0.160552    0.882783    0.903274    
17          201         1.92        270         0.306659    0.77086     0.75602     0.509873    
17          202         0.64        90          0.458223    0.219179    0.706289    0.914706    
17          203         1.92        0           0.0480441   0.694218    0.820665    0.708058    
17          204         1.28        330         0.0858114   0.396571    0.930867    0.793869    
17          205         1.92        270         0.346242    0.720656    0.777186    0.512417    
17          206         1.92        60          0.0885043   0.549236    0.94433     0.734512    
17          207         2.56        90          0.286911    0.807069    0.858549    0.519878    
17          208         1.92        270         0.202509    0.65023     0.835136    0.588037    
17          209         2.56        300         0.297569    0.714459    0.888077    0.569747    
17          210         0.96        60          0.148648    1           0.800887    0.615328    
17          211         0.64        0           0.860696    0.0286232   0.586517    0.831493    
17          212         1.92        240         0.34146     0.958247    0.746128    0.4376      
17          213         0.64        90          0.355509    0.351936    0.773003    0.91829     
17          214         1.92        270         0.157241    0.636041    0.881507    0.626233    
17          215         1.92        240         0.275707    0.216216    0.855031    0.901572    
17          216         2.56        240         0.00426847  0.600197    0.935251    0.668382    
17          217         1.92        270         0.217953    0.740702    0.834768    0.563963    
17          218         2.56        300         0.152058    0.781824    0.955266    0.545008    
17          219         2.56        90          0.160039    0.5811      0.954229    0.590619    
17          220         1.92        270         0.405837    0.322061    0.779963    0.762296    
17          221         2.56        90          0.196797    0.875208    0.911269    0.580429    
17          222         1.28        120         0.311502    0.196036    0.939863    0.883463    
17          223         0.96        300         0.137955    0.444301    0.829128    0.897117    
17          224         2.56        240         0.127438    0.716155    0.875283    0.535207    
17          225         2.56        120         0.53573     0.672778    0.643395    0.594944    
17          226         1.92        240         0.315687    0.901603    0.664958    0.58938     
18          0           1.92        210         0.305327    0.934672    0.862789    0.547757    
18          1           1.92        270         0.104616    0.499558    0.942601    0.735799    
18          2           1.28        150         0.13417     0.802969    0.965176    0.670565    
18          3           2.56        240         0.26301     0.754055    0.813103    0.566214    
18          4           1.92        0           0.486025    0.630076    0.809247    0.64912     
18          5           1.92        270         0.160989    0.381584    0.906893    0.82058     
18          6           1.28        150         0.0756639   0.707924    0.946572    0.656124    
18          7           1.92        180         0.356676    0.700255    0.644012    0.57285     
18          8           2.56        240         0.161516    0.744019    0.916574    0.675908    
18          9           2.56        300         0.363561    0.697833    0.789924    0.747423    
18          10          1.28        150         0.163719    0.750421    0.988526    0.648107    
18          11          2.56        300         0.176068    0.773588    0.860446    0.679778    
18          12          3.84        30          0.337052    0.781152    0.862881    0.520073    
18          13          1.92        240         0.176759    0.171004    0.941234    0.852758    
18          14          2.56        0           0.597085    1           0.465473    0.302825    
18          15          2.56        300         0.0148956   0.736389    0.909952    0.744758    
18          16          1.92        210         0.494001    0.822499    0.792696    0.683605    
18          17          1.92        0           0.411526    0.666873    0.782815    0.586389    
18          18          2.56        30          0.137608    0.892322    0.978595    0.511568    
18          19          1.28        330         0.0156439   0.628405    0.87593     0.731077    
18          20          1.92        0           0.329766    0.521878    0.839973    0.727317    
18          21          1.92        150         0.274143    0.0547629   0.959054    0.931025    
18          22          1.92        270         0.222266    0.29199     0.892572    0.812098    
18          23          1.92        210         0.153667    0.466458    0.963322    0.773503    
18          24          1.28        270         0.666168    0.595103    0.730576    0.873358    
18          25          2.56        0           0.193267    0.626297    0.772183    0.503635    
18          26          1.92        60          0.626634    -0.0924151  0.725882    0.847815    
18          27          1.28        150         0.254401    0.33968     0.73823     0.907077    
18          28          1.28        150         0.102913    0.581593    0.888822    0.708503    
18          29          1.92        150         0.0384532   0.486567    0.959358    0.729       
18          30          1.92        210         0.532525    0.82404     0.858363    0.708998    
18          31          1.92        0           0.214624    0.66135     0.975606    0.642603    
18          32          1.28        150         0.321346    0.325187    0.82425     0.89868     
18          33          2.56        0           0.124724    0.670778    0.893205    0.597026    
18          34          1.28        150         0.348149    0.799144    0.837647    0.583902    
18          35          2.56        0           0.137396    0.637437    0.874023    0.538072    
18          36          1.28        150         0.267147    0.319259    0.89117     0.887128    
18          37          2.56        330         0.280518    0.637787    0.785892    0.67325     
18          38          1.28        330         0.00372206  0.572041    0.888871    0.709334    
18          39          2.56        330         0.519049    0.229022    0.917193    0.760254    
18          40          1.28        150         0.00218095  0.69893     0.907477    0.690171    
18          41          1.92        0           0.299252    0.316823    0.944855    0.794331    
18          42          2.56        0           0.168848    0.997717    0.859513    0.363808    
18          43          1.28        330         0.155432    0.765658    0.803118    0.671149    
18          44          2.56        180         0.652435    1           0.600323    0.229529    
18          45          2.56        300         0.425542    0.54982     0.674129    0.798022    
18          46          1.92        150         0.188294    0.873109    0.844823    0.504023    
18          47          1.92        150         0.420559    0.708052    0.792386    0.591031    
18          48          1.92        0           0.270013    0.377946    0.95262     0.746998    
18          49          1.92        0           0.193338    0.631086    0.908985    0.629701    
18          50          1.92        150         0.226888    0.612607    0.893192    0.619138    
18          51          1.92        330         0.270822    0.640375    0.744866    0.55452     
18          52          0.64        120         0.618666    0.344037    0.674674    0.842545    
18          53          2.56        330         0.208466    0.509541    0.86633     0.614051    
18          54          1.92        330         0.136933    0.754776    0.775946    0.596246    
18          55          1.28        330         0.20499     0.660868    0.874138    0.66258     
18          56          1.28        150         0.33946     0.80987     0.91739     0.6292      
18          57          1.92        0           0.408709    0.359424    0.830715    0.747092    
18          58          1.92        330         0.0878673   0.516733    0.921035    0.693984    
18          59          2.56        0           0.0359791   0.705635    0.931228    0.637564    
18          60          3.84        0           0.416096    0.826231    0.628848    0.530148    
18          61          2.56        330         0.075837    0.434877    0.988886    0.613011    
18          62          1.92        150         0.217177    0.70261     0.84662     0.547402    
18          63          2.56        0           0.114198    0.612138    0.848223    0.584744    
18          64          1.92        0           0.300591    0.502362    0.950913    0.63134     
18          65          2.56        330         0.101373    0.638433    0.983985    0.489708    
18          66          1.92        150         0.758336    0.866012    0.742884    0.397552    
18          67          1.92        330         0.0479334   0.785156    0.866147    0.539542    
18          68          1.92        150         0.189463    0.808782    0.950988    0.560676    
18          69          1.92        180         0.0469215   0.55102     0.956904    0.621641    
18          70          2.56        0           0.293511    1           0.767675    0.348304    
18          71          2.56        330         0.0305499   0.712672    0.888982    0.510833    
18          72          1.92        180         0.0843642   0.657841    0.89284     0.616214    
18          73          1.28        150         0.289572    0.944301    0.852862    0.631255    
18          74          2.56        0           0.164819    0.917691    0.87473     0.376318    
18          75          3.84        180         0.557708    0.80419     0.60124     0.348484    
18          76          2.56        180         0.0835351   1           0.94918     0.312125    
18          77          1.92        330         0.283184    0.456353    0.84376     0.690847    
18          78          1.92        330         0.0551682   0.683829    0.926853    0.557433    
18          79          3.84        330         0.55897     0.995372    0.535747    0.187557    
18          80          1.28        150         0.192106    0.611537    0.95563     0.69607     
18          81          1.92        150         0.217766    0.760705    0.913565    0.485301    
18          82          1.92        0           0.240243    0.960541    0.945847    0.288       
18          83          1.28        0           0.549576    0.775534    0.612017    0.415023    
18          84          2.56        180         0.207861    1           0.826708    0.257588    
18          85          2.56        180         0.0313334   1           0.945103    0.381804    
18          86          2.56        330         0.114063    0.805692    0.872129    0.510094    
18          87          2.56        0           0.1195      0.986005    0.932024    0.340641    
18          88          1.92        0           0.277037    0.830394    0.853345    0.49524     
18          89          2.56        180         0.0378684   1           0.940083    0.28616     
18          90          1.92        150         0.196139    0.67859     0.893682    0.531418    
18          91          2.56        330         0.0472926   0.696326    0.935633    0.480694    
18          92          2.56        330         0.0565459   0.955812    0.965768    0.372822    
18          93          2.56        330         0.147305    0.802803    0.861052    0.421428    
18          94          2.56        180         0.192418    1           0.858029    0.369735    
18          95          2.56        180         0.102922    0.971948    0.936251    0.385577    
18          96          2.56        330         0.281754    0.753879    0.727953    0.44122     
18          97          1.92        180         0.11889     0.922138    0.86147     0.311573    
18          98          2.56        0           0.236319    1           0.820342    0.387191    
18          99          2.56        0           0.00563053  0.960035    0.96649     0.4095      
18          100         2.56        330         0.0774229   0.579872    0.940157    0.490721    
18          101         2.56        330         0.0635551   0.809243    0.896338    0.405064    
18          102         3.84        210         0.672883    0.938767    0.56162     0.450192    
18          103         2.56        180         0.0788195   0.756259    0.893533    0.541002    
18          104         2.56        180         0.0718141   0.910829    0.937261    0.450109    
18          105         1.92        150         0.184905    0.758619    0.830237    0.570519    
18          106         2.56        0           0.0228296   0.913534    0.95971     0.523897    
18          107         2.56        330         0.0549264   0.629565    0.93686     0.467264    
18          108         1.28        150         0.175406    0.474352    0.817007    0.810974    
18          109         2.56        330         0.0987243   0.808177    0.913537    0.423089    
18          110         1.92        150         0.183334    0.574818    0.908924    0.603241    
18          111         1.92        150         0.0942315   0.761758    0.921966    0.422907    
18          112         2.56        30          0.161055    0.871552    0.977619    0.44361     
18          113         1.92        150         0.0941864   0.591859    0.911293    0.627833    
18          114         2.56        150         0.122679    0.700376    0.97712     0.50519     
18          115         1.92        150         0.322295    0.534666    0.821075    0.667437    
18          116         2.56        30          0.184472    0.805223    0.943897    0.509646    
18          117         1.92        150         0.4985      0.413       0.864488    0.680837    
18          118         2.56        180         0.359154    0.822246    0.686291    0.475211    
18          119         2.56        180         0.132125    1           0.805662    0.300666    
18          120         2.56        180         0.390136    1           0.687959    0.379645    
18          121         3.84        180         0.596553    0.997075    0.450891    0.189808    
18          122         3.84        180         0.186888    0.898002    0.793615    0.41012     
18          123         1.28        150         0.298921    0.83774     0.87224     0.594041    
18          124         2.56        180         0.236534    0.893717    0.833383    0.446807    
18          125         1.92        210         0.212707    0.700012    0.915739    0.654035    
18          126         2.56        240         0.20658     0.575397    0.975304    0.61214     
18          127         1.28        30          0.169206    0.563619    0.932422    0.784811    
18          128         1.92        150         0.447056    0.681492    0.747103    0.591545    
18          129         2.56        120         0.430475    0.629551    0.719245    0.658032    
18          130         2.56        150         0.133615    0.798024    0.906939    0.462819    
18          131         2.56        180         0.106145    1           0.886747    0.304348    
18          132         2.56        180         0.0726014   0.744617    0.950357    0.466625    
18          133         7.68        330         0.265072    1           0.895569    0.333573    
18          134         1.28        150         0.348873    0.741461    0.838393    0.723318    
18          135         2.56        150         0.180962    0.78579     0.890724    0.452566    
18          136         3.84        180         0.171197    0.757697    0.855962    0.414861    
18          137         1.28        150         0.221567    0.278809    0.88078     0.882815    
18          138         1.28        150         0.270509    0.70617     0.89569     0.687522    
18          139         1.28        150         0.13676     0.340231    0.973938    0.925713    
18          140         2.56        30          0.287379    0.591577    0.917731    0.656589    
18          141         1.92        150         0.358552    0.407606    0.83782     0.678924    
18          142         2.56        240         0.52224     0.751889    0.8121      0.562764    
18          143         1.28        60          0.438128    0.395725    0.751901    0.620807    
18          144         1.92        150         0.396055    0.0817008   0.848176    0.930998    
18          145         1.92        210         0.25933     0.516448    0.829661    0.700559    
18          146         2.56        60          0.0287225   0.750488    0.922739    0.56632     
18          147         1.28        150         0.100585    0.622167    0.973452    0.743895    
18          148         1.92        150         0.457474    0.88601     0.782729    0.428712    
18          149         2.56        300         0.249938    0.914008    0.769134    0.542377    
18          150         1.92        0           0.519638    0.880332    0.802004    0.545708    
18          151         3.84        120         0.798961    1           0.411881    0.291087    
18          152         2.56        90          0.870891    1           0.317969    0.331302    
18          153         2.56        240         0.241113    0.282308    0.960176    0.788274    
18          154         1.92        240         0.590701    0.476446    0.55389     0.629188    
18          155         2.56        180         0.201137    0.875905    0.816104    0.561086    
18          156         3.84        270         0.44159     0.688275    0.719535    0.471567    
18          157         2.56        90          0.132442    0.658893    0.913228    0.569972    
18          158         1.92        0           0.313908    0.726429    0.928451    0.51051     
18          159         2.56        240         0.0488981   0.507494    0.959256    0.763497    
18          160         0.96        90          0.233343    0.495577    0.923532    0.75928     
18          161         1.92        90          0.0748409   0.491566    0.923049    0.742418    
18          162         1.28        150         0.583668    0.655948    0.771401    0.813236    
18          163         0.64        120         0.894282    0.569497    0.58914     0.659674    
18          164         2.56        240         0.277956    0.554125    0.93038     0.719359    
18          165         2.56        120         0.25493     0.689206    0.8343      0.608888    
18          166         3.84        270         0.148478    0.566684    0.827713    0.612642    
18          167         1.28        150         0.345946    0.933152    0.902629    0.665054    
18          168         1.92        270         0.231035    0.624724    0.883215    0.674828    
18          169         1.28        150         0.440462    0.370395    0.682186    0.942788    
18          170         1.92        270         0.0968387   0.715103    0.92673     0.640757    
18          171         3.84        90          0.582239    1           0.717019    0.241087    
18          172         2.56        180         0.023802    0.75387     0.979645    0.58812     
18          173         1.28        150         0.180641    0.313027    0.937489    0.884227    
18          174         2.56        0           0.273565    0.741568    0.790898    0.526582    
18          175         3.84        0           0.744805    1           0.464889    0.279712    
18          176         1.28        150         0.212095    0.200998    0.885942    0.979455    
18          177         1.92        150         0.384418    0.123177    0.899108    0.934686    
18          178         1.92        120         0.491418    0.0938023   0.869371    0.928985    
18          179         2.56        0           0.155124    1           0.848663    0.204442    
18          180         2.56        270         0.399232    0.0359422   0.825536    0.782256    
18          181         1.92        150         0.41563     0.760882    0.804581    0.525656    
18          182         2.56        240         0.241884    0.585385    0.904779    0.729098    
18          183         1.92        90          0.0762567   0.683179    0.926659    0.604601    
18          184         1.92        60          0.337815    0.228176    0.801024    0.809205    
18          185         1.92        0           0.417083    0.364489    0.799264    0.796753    
18          186         0.64        120         0.880564    0.910652    0.579857    0.555367    
18          187         1.92        150         0.680739    -0.0682455  0.86403     0.884266    
18          188         2.56        0           0.356823    1           0.732624    0.405354    
18          189         1.28        150         0.255421    0.251593    0.917456    0.867957    
18          190         1.28        30          0.00206041  0.301987    0.938845    0.856993    
18          191         3.84        270         0.254249    0.936981    0.724957    0.159567    
18          192         0.96        90          0.200191    0.162629    0.906123    0.923338    
18          193         2.56        0           0.0302302   0.842835    0.902251    0.445919    
18          194         2.56        0           0.224229    0.813906    0.823185    0.501884    
18          195         0.96        120         0.70391     0.138216    0.764762    0.911409    
18          196         1.92        90          0.141692    0.353595    0.892119    0.787162    
18          197         1.28        270         0.428679    0.636947    0.960567    0.884329    
18          198         1.28        240         0.103886    0.277161    0.945554    0.670675    
18          199         1.28        150         0.269164    0.917821    0.827499    0.498735    
18          200         2.56        300         0.208096    1           0.764402    0.432685    
18          201         1.92        240         0.365573    0.679545    0.685719    0.517108    
18          202         1.92        0           0.281115    0.714321    0.830238    0.350071    
18          203         2.56        240         0.0497686   0.666302    0.958378    0.595882    
18          204         1.28        330         0.274556    0.468087    0.768623    0.832258    
18          205         1.92        270         0.102784    0.712078    0.856601    0.587152    
18          206         1.28        330         0.376977    0.468675    0.789485    0.697883    
18          207         1.28        150         0.263114    0.476659    0.932194    0.891279    
18          208         1.28        30          0.453009    0.33308     0.935458    0.752464    
18          209         1.92        120         0.56884     0.601924    0.792263    0.773064    
18          210         2.56        240         0.324905    0.679881    0.772955    0.590996    
18          211         1.92        270         0.0690901   0.599628    0.969571    0.660263    
18          212         0.64        330         0.351422    -0.0357944  0.83869     0.976837    
19          0           1.92        210         0.250334    0.536788    0.770135    0.608136    
19          1           2.56        30          0.446322    0.829024    0.916162    0.480503    
19          2           1.92        300         0.134366    0.493202    0.970053    0.639934    
19          3           1.92        300         0.0305741   0.682835    0.970872    0.567682    
19          4           1.28        120         0.258586    0.492041    0.96512     0.747687    
19          5           2.56        300         0.599416    0.756254    0.590202    0.481121    
19          6           2.56        0           0.630821    0.765779    0.568728    0.509894    
19          7           2.56        30          0.0533435   0.761081    0.974218    0.586724    
19          8           2.56        30          0.825836    0.530028    0.572813    0.712667    
19          9           1.92        270         0.200309    0.456891    0.888805    0.790477    
19          10          1.92        300         0.253215    0.486643    0.878375    0.72491     
19          11          1.92        120         0.277375    0.663593    0.753414    0.541283    
19          12          1.92        270         0.199157    0.283458    0.943524    0.80501     
19          13          1.92        270         0.333442    0.342752    0.835794    0.802718    
19          14          1.92        300         0.0742298   0.498937    0.973079    0.65792     
19          15          1.92        300         0.149817    0.264883    0.918624    0.834456    
19          16          2.56        210         0.233421    0.735118    0.829814    0.584075    
19          17          1.92        330         0.551079    0.723431    0.66531     0.643868    
19          18          1.92        120         0.0368035   0.516595    0.952918    0.685817    
19          19          2.56        210         0.0103067   0.687251    0.958444    0.618622    
19          20          1.92        180         0.105198    0.447164    0.943386    0.733917    
19          21          1.92        300         0.252526    0.33879     0.905835    0.817854    
19          22          1.92        180         0.125215    0.262553    0.891474    0.782264    
19          23          1.92        300         0.283394    0.370606    0.863254    0.779263    
19          24          1.92        30          0.278855    0.163999    0.934888    0.91642     
19          25          1.92        300         0.199168    0.211164    0.917856    0.869938    
19          26          1.28        120         0.64077     0.589772    0.843325    0.804923    
19          27          2.56        30          0.122389    0.459842    0.88922     0.760093    
19          28          1.92        300         0.0525218   0.525535    0.961067    0.666409    
19          29          1.28        120         0.201943    0.520856    0.95726     0.741127    
19          30          1.92        150         0.0982228   0.469295    0.977452    0.788586    
19          31          2.56        300         0.579026    0.0731138   0.82328     0.936391    
19          32          2.56        270         0.531759    0.822302    0.748417    0.480398    
19          33          1.28        0           0.367656    0.197189    0.846518    0.80498     
19          34          1.92        180         0.223224    0.494982    0.873562    0.749696    
19          35          1.92        120         0.297255    0.376278    0.831477    0.743251    
19          36          1.92        300         0.229821    0.282151    0.990308    0.810453    
19          37          3.84        0           0.0638982   0.669675    0.966113    0.54457     
19          38          1.92        330         0.367243    0.712637    0.726099    0.652358    
19          39          2.56        30          0.15967     0.408248    0.931156    0.770006    
19          40          3.84        330         0.150613    0.568095    0.905135    0.593693    
19          41          1.92        150         0.130499    0.387012    0.96704     0.831196    
19          42          3.84        330         0.23163     0.505851    0.940209    0.623235    
19          43          3.84        0           0.258197    0.610332    0.838079    0.607943    
19          44          1.92        330         0.153075    0.794648    0.911517    0.607224    
19          45          3.84        180         0.247797    0.996701    0.97517     0.479566    
19          46          2.56        0           0.210729    0.836727    0.899232    0.470955    
19          47          3.84        0           0.0714428   0.843385    0.944844    0.420085    
19          48          2.56        30          0.369854    0.624494    0.866419    0.589736    
19          49          2.56        0           0.148659    0.732891    0.94544     0.540056    
19          50          2.56        0           0.196951    0.493212    0.820601    0.681808    
19          51          2.56        0           0.113185    0.716165    0.972435    0.548014    
19          52          3.84        180         0.0347585   0.836067    0.980547    0.403559    
19          53          1.28        180         0.441627    0.64316     0.709054    0.612882    
19          54          3.84        330         0.188758    0.574051    0.891522    0.610341    
19          55          3.84        330         0.0699362   0.664017    0.92857     0.518488    
19          56          3.84        330         0.183023    0.549829    0.853262    0.603585    
19          57          1.92        180         0.252141    0.440216    0.846444    0.752192    
19          58          2.56        0           0.255792    0.778427    0.83834     0.474113    
19          59          2.56        0           0.116049    0.795549    0.901024    0.473401    
19          60          1.92        180         0.207933    0.290962    0.93304     0.770883    
19          61          1.92        180         0.236808    0.530069    0.798761    0.754693    
19          62          2.56        30          0.193906    0.67569     0.938751    0.637285    
19          63          1.92        150         0.180955    0.57453     0.934773    0.687601    
19          64          3.84        0           0.851836    0.839825    0.53535     0.605151    
19          65          0.96        180         0.947369    0.246321    0.75138     0.616025    
19          66          3.84        0           0.203479    0.836578    0.875116    0.383761    
19          67          5.12        180         0.473822    1           0.730787    0.199705    
19          68          3.84        330         0.275352    0.668669    0.801932    0.458856    
19          69          2.56        0           0.0710104   0.775381    0.91174     0.473652    
19          70          3.84        330         0.390836    0.83728     0.723894    0.324258    
19          71          3.84        330         0.0762972   0.715363    0.95536     0.439948    
19          72          1.92        150         0.217162    0.652447    0.837394    0.602481    
19          73          3.84        330         0.269248    0.756139    0.794349    0.426172    
19          74          2.56        0           0.0396812   0.752374    0.98348     0.506296    
19          75          2.56        30          0.271831    0.730628    0.861013    0.548701    
19          76          2.56        300         0.788916    0.453048    0.41774     0.641044    
19          77          3.84        330         0.238224    0.962484    0.863116    0.326822    
19          78          2.56        180         0.0285184   0.575617    0.951133    0.615371    
19          79          3.84        330         0.297454    0.800186    0.84494     0.449373    
19          80          2.56        210         0.450971    0.965713    0.64872     0.372091    
19          81          2.56        0           0.0658819   0.657359    0.935561    0.601155    
19          82          3.84        330         0.212434    0.812996    0.867435    0.357609    
19          83          2.56        210         0.432321    0.972961    0.629092    0.230162    
19          84          2.56        0           0.048316    0.692682    0.969109    0.562238    
19          85          3.84        180         0.143997    0.859553    0.916043    0.424338    
19          86          3.84        330         0.0768516   0.567117    0.991539    0.509142    
19          87          3.84        330         0.262033    0.750787    0.905782    0.494276    
19          88          1.92        150         0.363799    0.65586     0.707002    0.700926    
19          89          1.28        180         0.43437     0.026924    0.902958    0.904767    
19          90          3.84        330         0.173997    0.877864    0.926616    0.444172    
19          91          5.12        150         0.304348    0.870861    0.883003    0.374141    
19          92          3.84        180         0.198582    0.755939    0.865629    0.535349    
19          93          2.56        210         0.0515847   0.873567    0.909387    0.515552    
19          94          3.84        330         0.259324    0.470617    0.904204    0.627393    
19          95          2.56        210         0.00437278  0.658301    0.922011    0.690944    
19          96          1.92        30          0.0332106   0.554699    0.926864    0.725893    
19          97          3.84        330         0.14673     0.623908    0.871664    0.518352    
19          98          1.28        120         0.158194    0.483263    0.966668    0.776917    
19          99          1.92        180         0.483685    0.611425    0.660096    0.686592    
19          100         3.84        180         0.264816    0.872483    0.763071    0.389166    
19          101         3.84        330         0.0520758   0.711925    0.943694    0.505979    
19          102         2.56        180         0.0698407   0.725948    0.92308     0.541373    
19          103         2.56        0           0.48395     0.92509     0.770896    0.348935    
19          104         2.56        30          0.02082     0.700298    0.955462    0.612261    
19          105         3.84        150         0.0690889   0.747549    0.925359    0.427581    
19          106         1.92        120         0.140498    0.559363    0.943797    0.618718    
19          107         3.84        180         0.315998    0.985924    0.69176     0.312141    
19          108         2.56        30          0.0795639   0.589099    0.996264    0.68076     
19          109         5.12        300         0.627994    0.980856    0.646118    0.403533    
19          110         1.92        120         0.593143    0.79236     0.614215    0.53744     
19          111         3.84        150         0.170607    0.983873    0.735121    0.266939    
19          112         5.12        300         0.515138    0.785059    0.808493    0.604737    
19          113         3.84        330         0.243622    0.788559    0.816652    0.443652    
19          114         2.56        30          0.0612779   0.0988793   0.993242    0.933399    
19          115         3.84        180         0.0977388   0.7842      0.922122    0.475036    
19          116         1.92        30          0.153974    0.358366    0.911283    0.784855    
19          117         2.56        0           0.764469    0.803081    0.48541     0.410058    
19          118         1.92        60          0.233347    0.626142    0.914181    0.663988    
19          119         3.84        330         0.291919    0.555534    0.800741    0.589031    
19          120         1.92        90          0.011522    0.623902    0.968941    0.701526    
19          121         3.84        240         0.0304111   0.734286    0.927757    0.496485    
19          122         1.92        60          0.349169    0.730576    0.855569    0.609978    
19          123         7.68        120         0.319711    1           0.824199    0.228258    
19          124         1.92        60          0.150434    0.677354    0.921439    0.669129    
19          125         2.56        240         0.0311339   0.620897    0.968556    0.644333    
19          126         1.92        300         0.225622    0.345232    0.929202    0.732941    
19          127         2.56        150         0.339215    0.860777    0.818147    0.443302    
19          128         2.56        30          0.606288    0.761122    0.785498    0.500828    
19          129         2.56        270         0.192862    0.130803    0.883923    0.862036    
19          130         2.56        30          0.755485    0.817042    0.698149    0.454508    
19          131         2.56        90          0.554027    0.669525    0.620117    0.575412    
19          132         3.84        120         0.726352    0.748539    0.698928    0.404124    
19          133         3.84        240         0.271233    0.659337    0.753515    0.478732    
19          134         2.56        0           0.305463    0.875623    0.847921    0.451708    
19          135         3.84        240         0.207425    0.448307    0.964221    0.643594    
19          136         1.28        120         0.284966    0.456782    0.859864    0.729896    
19          137         2.56        30          0.787454    0.463768    0.697073    0.520746    
19          138         3.84        270         0.372493    0.790235    0.735594    0.477474    
19          139         1.92        270         0.105233    0.66889     0.978505    0.646326    
19          140         3.84        240         0.265846    0.558094    0.97057     0.641458    
19          141         1.28        120         0.206339    0.196713    0.857829    0.828853    
19          142         2.56        90          0.145147    0.748518    0.897219    0.537083    
19          143         1.92        270         0.0262418   0.721178    0.914504    0.619544    
19          144         1.92        120         0.249099    0.464167    0.882239    0.721637    
19          145         2.56        270         0.00214533  0.707559    0.95        0.630862    
19          146         3.84        330         0.123532    0.487699    0.960878    0.684112    
19          147         3.84        240         0.110204    0.60513     0.964691    0.6162      
19          148         2.56        270         0.135787    0.802403    0.976174    0.530908    
19          149         2.56        270         0.457737    0.967795    0.731772    0.463074    
19          150         2.56        90          0.102432    0.733999    0.924128    0.590969    
19          151         3.84        90          0.428924    0.695453    0.793888    0.428113    
19          152         3.84        240         0.124975    0.709042    0.991862    0.534817    
19          153         2.56        90          0.0309427   0.814037    0.960662    0.518976    
19          154         2.56        270         0.135681    0.698593    0.919651    0.64634     
19          155         1.28        120         0.171656    0.420052    0.938651    0.79648     
19          156         1.92        270         0.073254    0.812935    0.917485    0.57442     
19          157         2.56        90          0.241928    0.895299    0.83327     0.495033    
19          158         1.92        270         0.115544    0.618826    0.964837    0.699854    
19          159         2.56        270         0.0868782   1           0.918183    0.280968    
19          160         2.56        270         0.22018     0.422507    0.948233    0.781271    
19          161         3.84        330         0.198713    0.518251    0.893454    0.650855    
19          162         2.56        120         0.4085      0.559505    0.776969    0.655523    
19          163         2.56        90          0.173354    0.952425    0.845436    0.376573    
19          164         1.92        60          0.370918    0.59787     0.797479    0.659773    
19          165         2.56        180         0.547516    0.292364    0.789682    0.781052    
19          166         1.92        300         0.188253    0.723597    0.827527    0.42607     
19          167         2.56        270         0.342209    1           0.800021    0.328304    
19          168         3.84        240         0.244266    0.970307    0.948195    0.37985     
19          169         3.84        270         0.12364     0.937666    0.795481    0.256777    
19          170         2.56        270         0.0318552   0.894484    0.955018    0.421412    
19          171         3.84        240         0.14825     0.707863    0.946569    0.495916    
19          172         1.28        0           0.0819909   0.478637    0.980535    0.653724    
19          173         3.84        240         0.355674    0.885427    0.934782    0.371301    
19          174         2.56        30          0.0549268   0.858219    0.920227    0.544423    
19          175         0.96        270         0.370887    0.757323    0.805957    0.720252    
19          176         0.96        270         1           0.0386309   0.785044    0.865608    
19          177         2.56        270         0.0474749   1           0.855311    0.374775    
19          178         2.56        270         0.0467632   0.97583     0.972979    0.386611    
19          179         1.92        90          0.022112    0.300556    0.91061     0.869083    
19          180         2.56        300         0.443266    0.762938    0.816424    0.443552    
19          181         1.92        60          0.123458    0.892105    0.928752    0.483117    
19          182         5.12        330         1           0.57244     0.274678    0.632282    
19          183         3.84        240         0.358496    0.916231    0.817138    0.394417    
19          184         2.56        240         0.254018    0.930285    0.767566    0.477065    
19          185         1.92        210         0.340043    1           0.606473    0.5568      
19          186         2.56        270         0.0406447   0.863097    0.974473    0.459746    
19          187         0.96        300         0.410228    0.330088    0.744809    0.730763    
19          188         1.92        300         0.500239    0.458704    0.752895    0.706564    
19          189         2.56        300         0.259332    0.355785    0.802264    0.718039    
20          0           2.56        240         0.0611394   0.344099    0.901501    0.811291    
20          1           1.92        270         0.329082    0.43048     0.855472    0.776568    
20          2           1.92        300         0.0980827   0.45542     0.942568    0.73586     
20          3           2.56        330         0.151723    0.485502    0.93875     0.658507    
20          4           1.28        330         0.19104     0.564593    0.820891    0.615565    
20          5           2.56        0           0.38699     0.647419    0.774919    0.60632     
20          6           2.56        330         0.421985    0.6365      0.770875    0.535714    
20          7           1.92        270         0.276511    0.271245    0.884425    0.853332    
20          8           1.92        30          0.58239     0.283721    0.714746    0.856124    
20          9           1.92        270         0.254483    0.271948    0.894025    0.87654     
20          10          1.28        120         0.598957    0.485436    0.725017    0.74418     
20          11          2.56        330         0.160786    0.33407     0.929076    0.780934    
20          12          1.92        300         0.115395    0.491137    0.907192    0.662236    
20          13          3.84        210         0.205743    0.787204    0.904337    0.534662    
20          14          2.56        330         0.0458698   0.36794     0.978419    0.798451    
20          15          2.56        0           0.132199    0.469042    0.958507    0.783774    
20          16          2.56        180         0.116729    0.265538    0.949914    0.86279     
20          17          1.28        120         0.561072    0.456337    0.744574    0.685658    
20          18          2.56        330         0.0259532   0.193682    0.943741    0.869889    
20          19          1.28        120         0.244893    0.379649    0.889731    0.791075    
20          20          2.56        330         0.0717151   0.360281    0.967928    0.800476    
20          21          0.96        330         0.0967845   0.462715    0.942294    0.765534    
20          22          0.96        330         0.229176    0.455247    0.876575    0.74563     
20          23          2.56        180         0.0626983   0.378925    0.968486    0.759988    
20          24          2.56        330         0.0526415   0.316905    0.95534     0.815561    
20          25          3.84        0           0.0213458   0.733551    0.956719    0.534879    
20          26          1.92        150         0.239889    0.495959    0.890742    0.770281    
20          27          0.96        330         0.0395419   0.38107     0.933463    0.797064    
20          28          3.84        0           0.113452    0.779907    0.904504    0.459439    
20          29          2.56        330         0.362093    0.565384    0.831253    0.644617    
20          30          2.56        0           0.0137081   0.479731    0.978307    0.75852     
20          31          2.56        0           0.0598911   0.469006    0.974359    0.76625     
20          32          0.96        330         0.0791993   0.445635    0.866821    0.749177    
20          33          2.56        330         0.185828    0.504515    0.936545    0.695419    
20          34          2.56        330         0.158001    0.575316    0.930815    0.670019    
20          35          2.56        0           0.0207933   0.560109    0.93786     0.6709      
20          36          2.56        330         0.188365    0.594312    0.883999    0.648636    
20          37          2.56        330         0.108573    0.554985    0.963825    0.673617    
20          38          3.84        0           0.093578    0.77853     0.967258    0.486031    
20          39          2.56        180         0.042783    0.629543    0.917725    0.625179    
20          40          2.56        180         0.0556141   0.738878    0.9801      0.544494    
20          41          3.84        180         0.140418    0.819636    0.953072    0.464923    
20          42          1.92        180         0.352848    0.495967    0.851834    0.697531    
20          43          2.56        330         0.095052    0.657005    0.922469    0.602721    
20          44          2.56        330         0.127418    0.587049    0.934095    0.657747    
20          45          2.56        330         0.158986    0.610263    0.924998    0.6258      
20          46          2.56        330         0.140026    0.568739    0.939046    0.650652    
20          47          2.56        150         0.427245    0.378567    0.902759    0.685405    
20          48          1.92        0           0.127486    0.644612    0.928565    0.592023    
20          49          2.56        0           0.0370177   0.644674    0.958332    0.685586    
20          50          2.56        180         0.0639471   0.639163    0.874658    0.660905    
20          51          2.56        0           0.261742    0.828071    0.943992    0.569077    
20          52          2.56        330         0.209488    0.656384    0.915999    0.575018    
20          53          2.56        180         0.205715    0.69309     0.828034    0.532247    
20          54          2.56        180         0.0739873   0.764529    0.95042     0.512257    
20          55          2.56        150         0.0354224   0.704347    0.921923    0.53858     
20          56          3.84        330         0.266918    0.849963    0.853408    0.431523    
20          57          2.56        150         0.123409    0.77067     0.875839    0.488414    
20          58          3.84        180         0.0934454   0.877781    0.94547     0.457327    
20          59          2.56        330         0.0187496   0.703477    0.964479    0.559166    
20          60          2.56        150         0.0490678   0.707997    0.950833    0.566795    
20          61          2.56        330         0.273828    0.715981    0.929445    0.592532    
20          62          2.56        330         0.0830576   0.79725     0.984667    0.458859    
20          63          3.84        180         0.164988    0.788483    0.93572     0.57126     
20          64          1.28        330         0.136205    0.60989     0.892684    0.69256     
20          65          2.56        330         0.141693    0.62277     0.941213    0.587967    
20          66          3.84        180         0.149101    0.812275    0.94496     0.440244    
20          67          2.56        180         0.10404     0.574192    0.932943    0.652493    
20          68          3.84        0           0.150982    0.867604    0.929652    0.473433    
20          69          2.56        330         0.150465    0.704904    0.972185    0.555172    
20          70          3.84        180         0.12489     0.694532    0.947471    0.569494    
20          71          2.56        180         0.00221198  0.632775    0.966945    0.596688    
20          72          1.92        150         0.21482     0.499186    0.830025    0.74475     
20          73          2.56        330         0.091261    0.556255    0.980558    0.66354     
20          74          5.12        150         0.360913    0.78215     0.81716     0.438976    
20          75          2.56        210         0.0750913   0.762277    0.919803    0.561059    
20          76          3.84        180         0.38822     0.852134    0.741753    0.446638    
20          77          2.56        330         0.0956464   0.527742    0.944691    0.671623    
20          78          2.56        210         0.0829264   0.498857    0.924589    0.704817    
20          79          2.56        150         0.156598    0.637705    0.869584    0.642938    
20          80          2.56        330         0.225167    0.512629    0.954829    0.614635    
20          81          3.84        150         0.0960899   0.776131    0.960341    0.46161     
20          82          2.56        180         0.281596    0.801841    0.718053    0.519671    
20          83          2.56        210         0.0609205   0.53134     0.933888    0.724655    
20          84          2.56        330         0.029044    0.560413    0.978346    0.637373    
20          85          3.84        150         0.115197    0.689138    0.949492    0.498503    
20          86          3.84        180         0.215819    0.816769    0.796543    0.468317    
20          87          3.84        180         0.549814    0.827438    0.630766    0.364624    
20          88          2.56        30          0.100904    0.343619    0.954792    0.849723    
20          89          3.84        150         0.217448    0.727291    0.874719    0.497632    
20          90          1.92        150         0.169537    0.636182    0.922736    0.654712    
20          91          1.92        210         0.0185633   0.503869    0.970752    0.74725     
20          92          5.12        150         0.763739    1           0.404876    0.185471    
20          93          1.92        150         0.234393    0.691522    0.799859    0.652391    
20          94          1.92        120         0.187852    0.297756    0.922429    0.842812    
20          95          2.56        180         0.183398    0.746183    0.854852    0.571792    
20          96          2.56        60          0.115399    0.201229    0.989303    0.869197    
20          97          3.84        180         0.16061     0.833799    0.840043    0.49541     
20          98          2.56        60          0.0723623   0.448082    0.979898    0.717665    
20          99          1.92        30          0.0333096   0.422575    0.9612      0.719336    
20          100         2.56        90          0.120121    0.185681    0.942258    0.894868    
20          101         2.56        330         0.344722    0.750115    0.750675    0.437225    
20          102         1.92        210         0.188006    0.342256    0.843699    0.757089    
20          103         2.56        150         0.160875    0.634836    0.902311    0.653975    
20          104         2.56        60          0.117077    0.566175    0.949221    0.674757    
20          105         1.28        120         0.496686    0.273621    0.815248    0.876976    
20          106         1.92        240         0.0720649   0.573358    0.936578    0.691841    
20          107         1.28        120         0.562299    0.59051     0.782606    0.778768    
20          108         1.92        150         0.330036    0.82151     0.810666    0.515525    
20          109         2.56        180         0.25351     0.589903    0.810213    0.647952    
20          110         1.92        150         0.264884    0.779271    0.853095    0.576375    
20          111         2.56        120         0.342815    0.682818    0.859161    0.592273    
20          112         2.56        180         0.105959    0.664179    0.818839    0.56576     
20          113         1.92        240         0.289702    0.762351    0.755211    0.537227    
20          114         3.84        120         0.693183    0.661443    0.629247    0.50405     
20          115         2.56        330         0.378119    0.765837    0.717172    0.449838    
20          116         2.56        60          0.0377425   0.368015    0.953567    0.787411    
20          117         1.92        120         0.278898    0.528076    0.884316    0.698155    
20          118         2.56        150         0.0277355   0.864721    0.901326    0.569505    
20          119         3.84        270         0.551186    0.830659    0.729214    0.469804    
20          120         2.56        60          0.0293653   0.577436    0.943095    0.662587    
20          121         2.56        60          0.313998    0.513214    0.820317    0.677113    
20          122         1.28        120         0.549788    0.267181    0.739435    0.857063    
20          123         1.92        270         0.0604053   0.540606    0.966701    0.710632    
20          124         2.56        180         0.0660923   0.722493    0.938109    0.561883    
20          125         1.92        270         0.412582    0.408305    0.943021    0.78835     
20          126         3.84        90          0.319575    0.979428    0.885605    0.352618    
20          127         2.56        240         0.10358     0.582187    0.948642    0.637269    
20          128         2.56        240         0.0676467   0.519196    0.953122    0.700968    
20          129         1.28        120         0.452763    0.210744    0.800465    0.858475    
20          130         1.28        60          0.361803    0.297359    0.837571    0.882707    
20          131         1.92        0           0.192127    0.522028    0.969759    0.646096    
20          132         1.92        270         0.148265    0.59056     0.871956    0.70867     
20          133         2.56        240         0.0642838   0.607901    0.917184    0.677524    
20          134         1.92        270         0.275576    0.454877    0.849336    0.737338    
20          135         1.28        90          0.237479    0.571478    0.867709    0.6763      
20          136         2.56        0           0.0212321   0.650522    0.939325    0.64792     
20          137         2.56        120         0.424027    0.604988    0.7492      0.629626    
20          138         1.92        270         0.339156    0.256806    0.911862    0.879064    
20          139         2.56        180         0.185486    0.55448     0.879505    0.684615    
20          140         2.56        150         0.097233    0.514785    0.849284    0.685815    
20          141         1.92        60          0.138751    0.755732    0.880802    0.552458    
20          142         1.92        60          0.309302    0.480554    0.821237    0.750999    
20          143         2.56        180         0.123469    0.238484    0.908161    0.909572    
20          144         1.28        120         0.45277     0.355059    0.803004    0.775733    
20          145         2.56        0           0.0716669   0.787918    0.971731    0.588728    
20          146         1.92        270         0.129729    0.619827    0.897567    0.665153    
20          147         3.84        270         0.341868    0.95552     0.785473    0.273181    
20          148         0.96        150         0.0991376   0.767525    0.916364    0.700776    
20          149         2.56        210         0.0162247   0.722126    0.955505    0.633613    
20          150         3.84        0           0.272254    0.442444    0.847491    0.790295    
20          151         1.92        270         0.250921    0.467862    0.936197    0.819106    
20          152         1.28        330         0.205693    0.504023    0.844879    0.704092    
20          153         2.56        0           0.0298378   0.670426    0.939147    0.61174     
20          154         1.28        90          0.305521    0.363006    0.873138    0.81605     
20          155         1.92        270         0.48172     0.454718    0.814947    0.823516    
20          156         1.92        270         0.189934    0.723227    0.896833    0.618945    
20          157         1.28        60          0.115658    0.177169    0.943763    0.889229    
20          158         2.56        300         0.175495    0.812422    0.92668     0.517479    
20          159         1.28        60          0.223288    0.606118    0.85965     0.696553    
20          160         2.56        240         0.0385684   0.688373    0.865864    0.642092    
20          161         2.56        240         0.115772    0.812299    0.860616    0.5476      
20          162         3.84        300         0.522712    0.651537    0.790665    0.877642    
20          163         2.56        240         0.116858    0.863928    0.892053    0.474763    
20          164         2.56        270         0.117288    0.643826    0.929147    0.583365    
20          165         2.56        210         0.720311    0.437211    0.785637    0.762861    
20          166         1.92        270         0.44251     0.43171     0.748802    0.799733    
20          167         2.56        300         0.361935    0.750249    0.688056    0.572892    
20          168         1.92        270         0.571321    0.707521    0.827852    0.756817    
20          169         1.92        270         0.215566    0.277888    0.898332    0.823129    
20          170         1.92        270         0.234446    0.798836    0.855646    0.569423    
20          171         2.56        210         1           0.418791    0.78321     0.627546    
21          0           3.84        210         0.13305     0.560606    0.858784    0.652919    
21          1           1.92        300         0.100119    0.563721    0.925288    0.706773    
21          2           1.92        330         0.180419    0.307757    0.919845    0.808643    
21          3           2.56        270         0.2592      0.446327    0.898074    0.776735    
21          4           1.92        330         0.123191    0.493696    0.941654    0.670798    
21          5           1.28        300         0.228852    0.597651    0.825134    0.691849    
21          6           2.56        0           0.213785    0.503043    0.863915    0.714143    
21          7           2.56        240         0.14021     0.134971    0.930171    0.908957    
21          8           2.56        120         0.198796    0.693365    0.912545    0.627914    
21          9           1.92        330         0.170114    0.287073    0.912965    0.813616    
21          10          1.92        330         0.156741    0.272991    0.905834    0.825451    
21          11          1.92        330         0.107259    0.352443    0.885125    0.775553    
21          12          1.92        330         0.217178    0.424513    0.889525    0.740909    
21          13          1.92        0           0.0873108   0.381242    0.940105    0.809605    
21          14          1.92        330         0.108169    0.366216    0.938184    0.817815    
21          15          1.92        330         0.129796    0.176847    0.938987    0.844386    
21          16          3.84        0           0.125688    0.696164    0.941574    0.581328    
21          17          2.56        150         0.0358732   0.405617    0.973547    0.77032     
21          18          1.92        330         0.0886176   0.37645     0.939716    0.780143    
21          19          2.56        180         0.0134416   0.366264    0.920548    0.81358     
21          20          1.92        330         0.129053    0.269089    0.950467    0.831458    
21          21          2.56        180         0.0871939   0.515543    0.979491    0.725002    
21          22          1.92        0           0.148877    0.513265    0.92341     0.741042    
21          23          2.56        330         0.270799    0.451158    0.863171    0.772982    
21          24          1.92        330         0.195398    0.476946    0.877267    0.717203    
21          25          1.92        330         0.1552      0.360095    0.879277    0.781111    
21          26          1.92        330         0.26581     0.45675     0.889678    0.74524     
21          27          2.56        30          0.295144    0.263662    0.931896    0.768528    
21          28          1.92        330         0.193828    0.421903    0.873888    0.749457    
21          29          2.56        30          0.184136    0.384097    0.981557    0.763058    
21          30          3.84        0           0.0748166   0.896305    0.97777     0.427081    
21          31          2.56        150         0.141172    0.369833    0.961212    0.800462    
21          32          3.84        0           0.0154123   0.827031    0.958458    0.498183    
21          33          2.56        330         0.0797207   0.50322     0.937818    0.722923    
21          34          1.92        330         0.0928454   0.362655    0.949814    0.79181     
21          35          1.92        180         0.0160681   0.470677    0.970709    0.747101    
21          36          1.92        0           0.171483    0.558851    0.892741    0.659186    
21          37          2.56        0           0.0748479   0.363959    0.975884    0.788101    
21          38          2.56        0           0.0525824   0.598989    0.947068    0.661096    
21          39          2.56        30          0.423969    0.279355    0.893733    0.824902    
21          40          2.56        150         0.190654    0.474241    0.90581     0.72254     
21          41          2.56        330         0.114088    0.511784    0.938667    0.745521    
21          42          2.56        30          0.274016    0.262713    0.949614    0.79486     
21          43          2.56        180         0.0458123   0.649439    0.986807    0.639343    
21          44          3.84        330         0.138801    0.728691    0.896531    0.523026    
21          45          2.56        330         0.0533359   0.449193    0.956866    0.721381    
21          46          2.56        150         0.0359724   0.618114    0.996261    0.635145    
21          47          3.84        330         0.15623     0.715002    0.89946     0.547261    
21          48          2.56        180         0.0588963   0.65813     0.990768    0.632897    
21          49          3.84        0           0.328001    0.840503    0.865554    0.48149     
21          50          3.84        150         0.418245    0.646266    0.836235    0.544871    
21          51          2.56        0           0.0584092   0.526072    0.948054    0.678688    
21          52          2.56        30          0.118931    0.447113    0.978634    0.686002    
21          53          3.84        330         0.0595107   0.760849    0.94615     0.512716    
21          54          3.84        0           0.0719592   0.843154    0.981278    0.523832    
21          55          2.56        180         0.0679185   0.590537    0.978513    0.690065    
21          56          3.84        30          0.441129    0.729773    0.822478    0.499322    
21          57          3.84        330         0.125764    0.71729     0.898872    0.562327    
21          58          2.56        180         0.127902    0.666751    0.970533    0.628834    
21          59          2.56        180         0.067614    0.531394    0.985057    0.715998    
21          60          1.92        330         0.113693    0.367997    0.916554    0.724429    
21          61          2.56        180         0.0716976   0.474001    0.997987    0.721476    
21          62          3.84        180         0.133227    0.710388    0.867327    0.564653    
21          63          2.56        30          0.0950405   0.431989    0.997154    0.729998    
21          64          3.84        150         0.0765733   0.649976    0.948747    0.620013    
21          65          5.12        180         0.428117    0.832337    0.648724    0.355659    
21          66          3.84        180         0.0757441   0.749639    0.905836    0.565057    
21          67          3.84        210         0.144862    0.774187    0.859603    0.486488    
21          68          2.56        210         0.0252377   0.428475    0.96389     0.736886    
21          69          3.84        210         0.119766    0.684503    0.92962     0.581062    
21          70          3.84        150         0.0799842   0.734193    0.998629    0.546565    
21          71          2.56        180         0.0883776   0.766004    0.964786    0.619926    
21          72          3.84        150         0.22017     0.77434     0.883842    0.511158    
21          73          3.84        150         0.286819    0.635724    0.843454    0.528008    
21          74          3.84        150         0.0634528   0.568198    0.925865    0.687778    
21          75          3.84        150         0.134604    0.728054    0.933509    0.525671    
21          76          3.84        150         0.0959113   0.784383    0.954943    0.50833     
21          77          3.84        330         0.014619    0.415624    0.965351    0.77681     
21          78          3.84        210         0.0993916   0.648825    0.940633    0.64327     
21          79          3.84        150         0.301725    0.586125    0.8248      0.539943    
21          80          3.84        210         0.110239    0.395865    0.951512    0.807353    
21          81          3.84        150         0.129894    0.745172    0.965142    0.538478    
21          82          2.56        120         0.17625     0.549152    0.946883    0.723261    
21          83          2.56        180         0.116748    0.686654    0.972568    0.632319    
21          84          3.84        150         0.0741006   0.850331    0.922448    0.510511    
21          85          3.84        150         0.595492    0.724365    0.71119     0.434489    
21          86          3.84        150         0.0313232   0.644659    0.934709    0.555158    
21          87          3.84        150         0.217822    0.802228    0.905013    0.502901    
21          88          3.84        150         0.0576914   0.677736    0.948042    0.604475    
21          89          2.56        240         0.0328975   0.304316    0.970121    0.832735    
21          90          2.56        240         0.0188533   0.382833    0.992637    0.792918    
21          91          3.84        150         0.142347    0.719009    0.957079    0.444569    
21          92          2.56        120         0.217669    0.241584    0.982693    0.819474    
21          93          2.56        120         0.171437    0.385107    0.903244    0.797076    
21          94          2.56        180         0.131353    0.56052     0.981439    0.722201    
21          95          2.56        60          0.00756545  0.476765    0.984793    0.739386    
21          96          2.56        120         0.209362    0.52213     0.945022    0.747846    
21          97          3.84        150         0.175185    0.625901    0.882913    0.541667    
21          98          3.84        150         0.164455    0.660094    0.870454    0.598793    
21          99          2.56        240         0.0722974   0.585033    0.946346    0.658405    
21          100         2.56        120         0.171792    0.413525    0.905554    0.781013    
21          101         2.56        240         0.0198642   0.472721    0.950648    0.725554    
21          102         2.56        240         0.0238363   0.512473    0.97183     0.723479    
21          103         2.56        330         0.083104    0.552586    0.913994    0.677336    
21          104         3.84        270         0.370912    0.607298    0.848205    0.670076    
21          105         3.84        180         0.180957    0.501569    0.862213    0.634673    
21          106         2.56        60          0.00476825  0.671542    0.9793      0.629516    
21          107         2.56        120         0.198788    0.238875    0.947526    0.76324     
21          108         2.56        0           0.304957    0.789206    0.764238    0.472266    
21          109         2.56        120         0.223901    0.268314    0.930684    0.845539    
21          110         3.84        240         0.15157     0.593966    0.91923     0.613491    
21          111         2.56        240         0.0821836   0.588907    0.918666    0.617309    
21          112         2.56        120         0.149189    0.24814     0.961577    0.869022    
21          113         2.56        60          0.122478    0.358081    0.930991    0.707713    
21          114         3.84        90          0.352142    0.772574    0.909901    0.551752    
21          115         2.56        240         0.0680917   0.530194    0.962282    0.612417    
21          116         2.56        90          0.0401939   0.533078    0.971963    0.717848    
21          117         2.56        270         0.0833521   0.665471    0.978473    0.633602    
21          118         1.92        330         0.0516053   0.228495    0.968709    0.755868    
21          119         2.56        0           0.437099    0.774156    0.672748    0.510754    
21          120         2.56        240         0.113866    0.365991    0.980157    0.745189    
21          121         2.56        240         0.0430443   0.461135    0.959587    0.748828    
21          122         2.56        120         0.194832    0.456935    0.938852    0.646284    
21          123         1.92        90          0.173286    0.774731    0.936718    0.585213    
21          124         2.56        180         0.185198    0.837701    0.996042    0.474677    
21          125         2.56        240         0.0852973   0.564436    0.931889    0.707643    
21          126         3.84        0           0.126291    0.708482    0.915427    0.483695    
21          127         2.56        120         0.427598    0.549423    0.827357    0.744457    
21          128         2.56        240         0.0532204   0.754337    0.937844    0.555353    
21          129         2.56        120         0.0152124   0.186541    0.98553     0.925617    
21          130         2.56        0           0.148231    0.432917    0.813745    0.636715    
21          131         3.84        0           0.151904    0.944771    0.967353    0.224348    
21          132         2.56        270         0.000888679 0.719493    0.954713    0.590946    
21          133         2.56        30          0.315934    0.0529262   0.992193    0.837838    
21          134         0.96        120         0.407376    0.0243615   0.907011    0.989822    
21          135         3.84        30          0.0797253   0.574924    0.939052    0.671564    
21          136         2.56        240         0.0200595   0.657829    0.949367    0.602449    
21          137         2.56        120         0.0805713   0.65361     0.974642    0.602014    
21          138         2.56        270         0.0587965   0.733603    0.981303    0.564148    
21          139         2.56        240         0.144764    0.558872    0.929876    0.709875    
21          140         2.56        240         0.0146535   0.689124    0.977974    0.648385    
21          141         2.56        270         0.131617    0.750906    0.959853    0.556986    
21          142         2.56        270         0.15117     0.07301     0.910847    0.931777    
21          143         2.56        270         0.0761498   0.694618    0.978243    0.603215    
21          144         3.84        120         0.294423    0.730139    0.895105    0.487611    
21          145         2.56        240         0.612034    0.546161    0.608102    0.643059    
21          146         2.56        270         0.0831668   0.698861    0.952803    0.600383    
21          147         2.56        240         0.0787856   0.705025    0.990789    0.513653    
21          148         2.56        240         0.0999392   0.590144    0.89553     0.654965    
21          149         2.56        270         0.181212    0.764487    0.938281    0.607357    
21          150         2.56        240         0.189946    0.795769    0.854203    0.525322    
22          0           3.84        60          0.0898896   0.587299    0.962645    0.668294    
22          1           2.56        330         0.0698909   0.469925    0.893296    0.696407    
22          2           1.92        300         0.0708242   0.538768    0.924443    0.708075    
22          3           2.56        0           0.243982    0.532809    0.863189    0.702121    
22          4           1.92        210         0.114059    0.416799    0.935142    0.77825     
22          5           2.56        270         0.302009    0.135796    0.861607    0.912401    
22          6           2.56        0           0.169366    0.224425    0.89236     0.853323    
22          7           2.56        120         0.0759416   0.536766    0.958594    0.679287    
22          8           1.28        330         0.155055    0.285592    0.897724    0.880873    
22          9           1.92        210         0.0374459   0.211935    0.964276    0.896455    
22          10          1.92        330         0.0290361   0.111197    0.945202    0.934073    
22          11          1.28        330         0.0752618   0.370843    0.957092    0.821268    
22          12          2.56        30          0.211233    0.405454    0.929889    0.71896     
22          13          1.92        150         0.138931    0.347258    0.939342    0.821677    
22          14          2.56        330         0.0959953   0.384182    0.908303    0.80424     
22          15          1.92        0           0.053159    0.335125    0.973204    0.845423    
22          16          1.92        150         0.0836346   0.322716    0.96421     0.826009    
22          17          3.84        0           0.123008    0.605686    0.939718    0.628728    
22          18          2.56        330         0.218738    0.47746     0.889827    0.752415    
22          19          1.92        180         0.150851    0.285894    0.972404    0.856031    
22          20          2.56        0           0.108597    0.391847    0.925735    0.766519    
22          21          2.56        330         0.120401    0.405209    0.90772     0.766072    
22          22          1.92        180         0.00597394  0.422375    0.985355    0.790752    
22          23          2.56        0           0.00567589  0.437775    0.987174    0.754093    
22          24          2.56        0           0.109481    0.511392    0.926028    0.713775    
22          25          2.56        330         0.0628953   0.509309    0.932891    0.724645    
22          26          2.56        330         0.123887    0.61585     0.917923    0.700675    
22          27          2.56        330         0.0491068   0.551907    0.924053    0.722623    
22          28          2.56        300         0.62565     0.0473513   0.825826    0.83831     
22          29          1.92        210         0.0255793   0.333424    0.969766    0.791704    
22          30          5.12        0           0.362604    0.704206    0.825211    0.588456    
22          31          5.12        0           0.105807    0.907612    0.91185     0.352938    
22          32          2.56        330         0.0316817   0.60009     0.929122    0.689481    
22          33          1.92        210         0.357721    0.412555    0.751662    0.788956    
22          34          1.92        180         0.105566    0.305344    0.973323    0.838508    
22          35          1.92        150         0.150221    0.338233    0.950169    0.764758    
22          36          3.84        0           0.0784132   0.720291    0.94886     0.571398    
22          37          1.92        0           0.0597305   0.519982    0.976507    0.726187    
22          38          1.92        180         0.126503    0.415054    0.959489    0.826478    
22          39          2.56        330         0.1055      0.599412    0.918115    0.681508    
22          40          1.92        150         0.299755    0.426162    0.876329    0.724087    
22          41          3.84        0           0.0857689   0.721908    0.969736    0.523699    
22          42          1.92        180         0.0672433   0.431717    0.947948    0.771458    
22          43          2.56        180         0.290933    0.713992    0.856626    0.585059    
22          44          2.56        0           0.105196    0.464492    0.940608    0.679888    
22          45          2.56        330         0.210151    0.703525    0.852582    0.591447    
22          46          2.56        180         0.346165    0.885689    0.795359    0.639968    
22          47          2.56        180         0.015547    0.69532     0.970682    0.601553    
22          48          2.56        330         0.165346    0.704756    0.904923    0.620513    
22          49          3.84        0           0.224368    0.673724    0.895292    0.576879    
22          50          3.84        330         0.0444075   0.756261    0.992713    0.530977    
22          51          2.56        330         0.0796223   0.776838    0.940794    0.549599    
22          52          5.12        0           0.0996081   0.871934    0.936081    0.39976     
22          53          3.84        150         0.025717    0.658821    0.985717    0.555202    
22          54          2.56        150         0.226775    0.654442    0.931169    0.652418    
22          55          5.12        0           0.0692835   0.928154    0.926659    0.425219    
22          56          3.84        0           0.0305015   0.767056    0.990988    0.533144    
22          57          2.56        0           0.0518227   0.564739    0.951161    0.615406    
22          58          3.84        330         0.178158    0.804583    0.861495    0.471257    
22          59          2.56        30          0.101708    0.623237    0.950786    0.643158    
22          60          2.56        150         0.100934    0.594975    0.96844     0.609868    
22          61          3.84        0           0.243003    0.713777    0.918334    0.593267    
22          62          3.84        150         0.0278836   0.759025    0.978548    0.495608    
22          63          3.84        330         0.0975262   0.736711    0.887007    0.523126    
22          64          2.56        330         0.0663533   0.770274    0.945226    0.566166    
22          65          3.84        180         0.00823576  0.71771     0.971419    0.584768    
22          66          2.56        0           0.0980545   0.564536    0.895213    0.663329    
22          67          1.92        210         0.0944881   0.583857    0.960184    0.642523    
22          68          2.56        330         0.0143816   0.532694    0.930356    0.698678    
22          69          3.84        150         0.228691    0.496077    0.936881    0.653147    
22          70          3.84        180         0.105887    0.609342    0.951733    0.694906    
22          71          5.12        180         0.210732    0.807611    0.85697     0.57631     
22          72          3.84        180         0.0543067   0.69365     0.933674    0.597114    
22          73          3.84        150         0.11651     0.740525    0.961921    0.544694    
22          74          5.12        180         0.161789    0.839669    0.890086    0.527669    
22          75          1.92        210         0.121795    0.486393    0.940884    0.740665    
22          76          3.84        150         0.161555    0.611424    0.94244     0.611577    
22          77          3.84        150         0.332211    0.488141    0.857478    0.646746    
22          78          1.92        180         0.112907    0.599288    0.921958    0.645036    
22          79          3.84        150         0.0769477   0.615896    0.976312    0.598453    
22          80          2.56        180         0.0965852   0.691881    0.900032    0.555302    
22          81          3.84        150         0.187014    0.258944    0.961918    0.801095    
22          82          3.84        150         0.114746    0.683599    0.989851    0.563326    
22          83          2.56        330         0.0685056   0.209772    0.966752    0.891281    
22          84          3.84        150         0.333246    0.715276    0.840409    0.492425    
22          85          3.84        150         0.0907727   0.519014    0.963584    0.636795    
22          86          1.92        210         0.0795373   0.286231    0.975586    0.860608    
22          87          3.84        180         0.115804    0.655238    0.877205    0.640075    
22          88          3.84        150         0.104941    0.472742    0.97721     0.683334    
22          89          1.92        120         0.132359    0.171071    0.935608    0.91132     
22          90          3.84        150         0.0454813   0.653673    0.928663    0.626743    
22          91          3.84        150         0.115172    0.63165     0.958674    0.595974    
22          92          1.92        60          0.100573    0.331224    0.98637     0.806165    
22          93          2.56        150         0.0883227   0.627749    0.955456    0.640876    
22          94          3.84        150         0.553437    0.775109    0.745682    0.461903    
22          95          1.92        210         0.0864535   0.336638    0.990571    0.782795    
22          96          5.12        150         0.177344    0.847875    0.908233    0.36691     
22          97          1.92        60          0.045105    0.446395    0.956131    0.769792    
22          98          3.84        150         0.489229    0.754255    0.794002    0.481915    
22          99          3.84        60          0.139889    0.383376    0.985392    0.817831    
22          100         1.92        90          0.0208456   0.361129    0.982343    0.821473    
22          101         1.92        90          0.149892    0.274629    0.954719    0.863716    
22          102         3.84        180         0.0218363   0.633163    0.904605    0.643939    
22          103         1.92        60          0.00684058  0.472917    0.954018    0.750326    
22          104         3.84        150         0.278417    0.585517    0.910805    0.5953      
22          105         2.56        120         0.0215924   0.53402     0.960092    0.737131    
22          106         2.56        240         0.162775    0.579566    0.924258    0.672402    
22          107         2.56        120         0.0197947   0.603056    0.979836    0.718505    
22          108         3.84        60          0.107988    0.70255     0.948933    0.634487    
22          109         3.84        150         0.242358    0.599685    0.926521    0.634612    
22          110         2.56        0           0.131309    0.690207    0.91356     0.574237    
22          111         2.56        240         0.0523628   0.534696    0.958531    0.708508    
22          112         3.84        60          0.122425    0.542591    0.966573    0.689866    
22          113         3.84        120         0.196693    0.641255    0.891237    0.698518    
22          114         3.84        60          0.0847219   0.436786    0.967191    0.742086    
22          115         1.92        60          0.054403    0.481365    0.992188    0.741437    
22          116         3.84        120         0.23508     0.619652    0.851925    0.651736    
22          117         3.84        150         0.227171    0.55721     0.91979     0.663969    
22          118         3.84        60          0.0928156   0.630075    0.987852    0.621972    
22          119         1.92        270         0.0929735   0.403738    0.970246    0.75801     
22          120         2.56        240         0.133223    0.620778    0.897584    0.641613    
22          121         3.84        0           0.0210176   0.772915    0.916557    0.521455    
22          122         1.92        270         0.0570503   0.490101    0.957332    0.745656    
22          123         2.56        180         0.0355982   0.467548    0.937424    0.740245    
22          124         3.84        120         0.0490736   0.470717    0.957716    0.795129    
22          125         3.84        300         0.0896965   0.763023    0.96348     0.600301    
22          126         2.56        330         0.00392351  0.545781    0.965626    0.741543    
22          127         2.56        120         0.04212     0.389673    0.985307    0.803228    
22          128         2.56        0           0.179191    0.79192     0.931931    0.485263    
22          129         2.56        180         0.102216    0.674273    0.877405    0.636793    
22          130         3.84        60          0.0414713   0.700605    0.942121    0.573921    
22          131         1.92        300         0.00203973  0.188848    0.98338     0.9071      
22          132         3.84        150         0.206957    0.340533    0.939325    0.757391    
22          133         2.56        270         0.0754155   0.587752    0.945546    0.659305    
22          134         2.56        240         0.22662     0.732947    0.822224    0.498386    
22          135         1.92        120         0.116056    0.252588    0.932636    0.830967    
22          136         2.56        180         0.205287    0.784008    0.877445    0.50493     
22          137         3.84        150         0.350892    0.320732    0.896352    0.785197    
22          138         1.92        0           0.239524    0.504222    0.895217    0.696839    
22          139         1.92        120         0.0883705   0.0835453   0.939164    0.953926    
22          140         1.92        60          0.0851263   0.317486    0.94918     0.834997    
22          141         3.84        60          0.167785    0.306856    0.945026    0.822293    
22          142         3.84        60          0.0516355   0.669188    0.977048    0.681053    
22          143         0.96        60          0.183449    0.213857    0.920525    0.92474     
22          144         3.84        270         0.130695    0.729923    0.956536    0.485881    
22          145         3.84        60          0.0891455   0.7485      0.99092     0.591641    
22          146         2.56        0           0.114033    0.411752    0.919348    0.659409    
22          147         1.92        270         0.0423086   0.560327    0.973035    0.699314    
22          148         2.56        0           0.0487515   0.578602    0.97205     0.650377    
22          149         2.56        0           0.132095    0.913371    0.898219    0.374945    
22          150         3.84        60          0.0528153   0.886699    0.970305    0.461941    
22          151         1.92        120         0.248239    0.256024    0.880326    0.916986    
22          152         2.56        300         0.0144986   0.9194      0.863831    0.314738    
22          153         3.84        270         0.125938    0.708795    0.965524    0.499066    
22          154         3.84        240         0.0922393   0.850268    0.858392    0.433429    
22          155         2.56        0           0.0279837   0.684107    0.933602    0.549603    
22          156         2.56        270         0.340232    0.297041    0.921089    0.822088    
22          157         1.92        270         0.0815118   0.626589    0.972391    0.653189    
22          158         2.56        270         0.186175    0.291697    0.950272    0.820769    
22          159         3.84        60          0.0819272   0.782       0.989981    0.608341    
22          160         5.12        0           0.383428    0.918371    0.913258    0.504293    
22          161         3.84        60          0.136998    0.886214    0.963641    0.43271     
22          162         3.84        60          0.0686227   0.871081    0.966199    0.431883    
22          163         3.84        300         0.263872    0.607465    0.862464    0.721004    
22          164         3.84        60          0.138804    0.847081    0.99142     0.4614      
22          165         1.92        60          0.123557    0.504258    0.948217    0.73675     
22          166         3.84        270         0.0190729   0.74624     0.949237    0.557207    
22          167         3.84        60          0.0701494   0.952328    0.948733    0.342115    
22          168         2.56        240         0.232588    0.49857     0.909401    0.746997    
22          169         2.56        270         0.21639     0.476838    0.837875    0.715035    
22          170         2.56        0           0.192748    0.453674    0.885626    0.689531    
22          171         2.56        240         0.129409    0.722351    0.897483    0.577254    
22          172         2.56        270         0.106646    0.733528    0.896123    0.554932    
22          173         2.56        270         0.0995518   0.618973    0.940827    0.602461    
22          174         2.56        300         0.117481    0.633042    0.916882    0.612293    
22          175         2.56        240         0.597642    0.504943    0.545153    0.663946    
22          176         2.56        240         0.289283    0.628402    0.773986    0.612911    
22          177         2.56        270         0.117131    0.538816    0.9081      0.644327    
22          178         2.56        270         0.376071    0.418347    0.824527    0.72987     
22          179         2.56        300         0.0251378   0.714139    0.965545    0.5857      
22          180         3.84        60          0.0905103   0.774501    0.963176    0.521239    
24          0           3.84        120         0.0609412   0.864538    0.985088    0.392094    
24          1           3.84        180         0.0158388   0.772395    0.953264    0.501191    
24          2           2.56        300         0.164874    0.962947    0.807799    0.247692    
24          3           3.84        330         0.0894269   0.881892    0.935135    0.398778    
24          4           3.84        120         0.107446    0.428172    0.987531    0.735049    
24          5           1.92        60          0.109451    0.980461    0.924915    0.263096    
24          6           3.84        180         0.0135114   0.911824    0.936427    0.347375    
24          7           2.56        210         0.175145    0.986022    0.913623    0.215386    
24          8           1.92        240         0.281424    0.87977     0.859447    0.39572     
24          9           1.92        270         0.117517    0.820221    0.856895    0.42787     
24          10          2.56        300         0.140596    0.541696    0.946111    0.678748    
24          11          3.84        330         0.0356434   0.592447    0.959015    0.699853    
24          12          3.84        180         0.150748    0.853927    0.934823    0.362858    
24          13          3.84        30          0.229962    0.914156    0.961009    0.363024    
24          14          1.92        240         0.496432    0.392754    0.687528    0.838732    
24          15          1.92        270         0.108086    0.330215    0.930326    0.79192     
24          16          5.12        210         0.0778001   0.956792    0.885473    0.251655    
24          17          1.92        90          0.195962    0.692888    0.907923    0.527215    
24          18          1.92        300         0.200588    0.558321    0.906804    0.666095    
24          19          2.56        210         0.0634862   0.705089    0.890799    0.528608    
24          20          2.56        210         0.152672    0.8203      0.904126    0.49125     
24          21          1.92        240         0.338064    0.240812    0.924626    0.806057    
24          22          2.56        300         0.0927346   0.259274    0.94207     0.847785    
24          23          3.84        180         0.0122298   0.53158     0.965659    0.695023    
24          24          1.28        180         0.268433    -0.0263586  0.864254    0.946386    
24          25          7.68        210         0.0595625   0.680357    0.870845    0.50937     
24          26          3.84        180         0.0601539   0.721332    0.935092    0.551079    
24          27          3.84        0           0.0191549   0.480937    0.935292    0.74249     
24          28          1.92        300         0.134104    0.189387    0.885248    0.935275    
24          29          3.84        0           0.0154632   0.793389    0.92737     0.521741    
24          30          3.84        180         0.0441544   0.642033    0.971105    0.701789    
24          31          2.56        210         0.023862    0.638469    0.979493    0.592637    
24          32          2.56        30          0.147975    0.904569    0.90346     0.376709    
24          33          1.28        150         0.23212     0.863149    0.556321    0.334319    
24          34          1.92        300         0.151011    0.358331    0.908883    0.808964    
24          35          3.84        30          0.154372    0.348831    0.936794    0.796822    
24          36          2.56        30          0.154796    0.883213    0.893787    0.475653    
24          37          3.84        0           0.0741672   0.433015    0.957085    0.720386    
24          38          1.92        270         0.269114    0.195685    0.82744     0.929653    
24          39          3.84        180         0.318166    0.877077    0.859118    0.274266    
24          40          3.84        30          0.180598    0.383116    0.94986     0.733412    
24          41          2.56        300         0.0669211   0.0498505   0.94324     0.969147    
24          42          2.56        210         0.242499    0.224486    0.92892     0.945806    
24          43          1.92        330         0.041936    0.331525    0.959859    0.815467    
24          44          2.56        330         0.0576502   0.203881    0.942524    0.900963    
24          45          1.92        0           0.044207    0.367289    0.909836    0.804217    
24          46          1.92        180         0.21787     0.43408     0.980671    0.748044    
24          47          0.96        180         0.773882    0.436022    0.572752    0.737322    
24          48          3.84        180         0.376974    0.792403    0.855679    0.401482    
24          49          2.56        210         0.331091    0.757974    0.847311    0.585962    
24          50          1.28        0           0.332117    0.798719    0.734242    0.385956    
24          51          2.56        210         0.295093    0.201714    0.884742    0.915156    
24          52          1.92        330         0.23465     0.388791    0.879384    0.789059    
24          53          3.84        30          0.211025    0.390296    0.946969    0.795292    
24          54          3.84        30          0.385615    0.280119    0.95906     0.802794    
24          55          2.56        210         0.155166    0.647934    0.921745    0.68687     
24          56          3.84        180         0.272334    0.847918    0.867348    0.276001    
24          57          3.84        0           0.057676    0.566703    0.887254    0.738086    
24          58          5.12        0           0.275365    0.721557    0.88677     0.599978    
24          59          3.84        30          0.261628    0.272583    0.959075    0.858175    
24          60          3.84        180         0.199691    0.585998    0.939794    0.639618    
24          61          3.84        180         0.563385    0.660247    0.881542    0.602268    
24          62          3.84        30          0.38772     0.485849    0.905521    0.691642    
24          63          2.56        60          0.10825     0.184027    0.940564    0.898883    
24          64          2.56        330         0.191996    0.422711    0.880896    0.774062    
24          65          3.84        0           0.234145    0.377805    0.897247    0.769965    
24          66          5.12        0           0.414159    1           0.642576    0.117706    
24          67          5.12        330         0.0396352   0.976697    0.948066    0.23781     
24          68          1.92        330         0.260618    0.966773    0.806347    0.20041     
24          69          1.92        0           0.707322    1           0.305465    0.177435    
24          70          3.84        30          0.11548     0.604553    0.936845    0.71764     
24          71          2.56        210         0.310953    0.653745    0.81007     0.663052    
24          72          2.56        330         0.122291    0.946024    0.894619    0.240187    
24          73          2.56        210         0.201493    0.69001     0.888733    0.723953    
24          74          3.84        180         0.0679158   0.742341    0.95748     0.432979    
24          75          3.84        180         0.253657    0.270055    0.966745    0.823395    
24          76          3.84        180         0.349664    0.745572    0.815716    0.394655    
24          77          2.56        210         0.154013    0.453392    0.980253    0.755235    
24          78          3.84        180         0.175601    0.968864    0.911709    0.184526    
24          79          1.92        330         0.114979    0.62126     0.941975    0.65308     
24          80          5.12        150         0.105618    0.938619    0.889957    0.421476    
24          81          2.56        330         0.195192    0.610454    0.913318    0.613208    
24          82          3.84        30          0.168817    0.628048    0.943023    0.589973    
24          83          3.84        330         0.0241337   0.568047    0.896154    0.677082    
24          84          3.84        330         0.089316    0.85942     0.942987    0.407205    
24          85          1.92        330         0.0628455   0.848475    0.824807    0.397121    
24          86          5.12        0           0.306436    0.635044    0.94311     0.540796    
24          87          1.92        180         0.424728    0.463025    0.853939    0.827896    
24          88          5.12        0           0.739737    0.629775    0.868354    0.544895    
24          89          3.84        180         0.406489    0.745571    0.939849    0.438321    
24          90          7.68        330         0.0401002   0.886872    0.910698    0.152813    
24          91          10.24       0           0.11734     0.831019    0.856641    0.271041    
24          92          3.84        150         0.412847    0.547501    0.703138    0.608264    
24          93          5.12        0           0.224003    0.812885    0.972342    0.502152    
24          94          7.68        330         0.240958    0.800184    0.890763    0.346545    
24          95          3.84        330         0.304242    0.907338    0.908188    0.299828    
24          96          3.84        30          0.312783    0.39205     0.901864    0.608415    
24          97          3.84        330         0.207228    0.35019     0.960501    0.747161    
24          98          7.68        330         0.0712969   0.861365    0.967956    0.328855    
24          99          2.56        180         0.0450078   0.522347    0.916262    0.892373    
24          100         7.68        330         0.186       1           0.763111    0.122771    
24          101         3.84        30          0.123655    0.848161    0.971549    0.409902    
24          102         3.84        330         0.225195    0.801356    0.969008    0.41748     
24          103         10.24       150         0.234905    0.79319     0.819471    0.327322    
24          104         10.24       150         0.154648    0.929785    0.891932    0.201493    
24          105         5.12        0           0.229998    0.720517    0.896493    0.613882    
24          106         0.64        90          1           1           0.547216    0.423455    
24          107         3.84        180         0.269152    0.794974    0.926868    0.472279    
24          108         3.84        330         0.107715    0.471173    0.927407    0.772553    
24          109         0.96        30          0.768413    0.167989    0.552356    0.730035    
24          110         2.56        30          0.106019    0.458468    0.831629    0.752217    
24          111         10.24       330         0.000602322 0.965201    0.940276    0.235554    
24          112         10.24       150         0.0681401   0.920068    0.952004    0.268009    
24          113         3.84        120         0.20547     0.455716    0.961936    0.693473    
24          114         1.92        300         0.35707     0.0856889   0.883505    0.890895    
24          115         2.56        240         0.537125    0.188067    0.799511    0.796958    
24          116         10.24       150         0.123368    0.960119    0.809053    0.224451    
24          117         3.84        120         0.171585    0.0555472   0.971009    0.934918    
24          118         10.24       180         0.182824    0.605549    0.928695    0.654808    
24          119         3.84        240         0.231952    0.717174    0.907039    0.536655    
24          120         3.84        120         0.140204    0.572975    0.884877    0.635354    
24          121         2.56        90          0.273628    0.565964    0.880975    0.723315    
24          122         10.24       150         0.0148974   0.577754    0.860199    0.648187    
24          123         1.92        300         0.285024    0.666278    0.748036    0.499932    
24          124         10.24       180         0.553188    0.687179    0.763715    0.30141     
24          125         5.12        240         0.164644    0.920179    0.928793    0.337737    
24          126         2.56        210         0.294654    0.962406    0.686941    0.222538    
24          127         0.64        210         0.29107     0.360717    0.758385    0.703459    
24          128         3.84        270         0.569403    0.82998     0.682112    0.417284    
24          129         5.12        240         0.447248    1           0.869348    0.3197      
24          130         2.56        300         0.505455    0.664495    0.792838    0.576577    
24          131         3.84        30          0.149105    0.720223    0.871291    0.550558    
24          132         5.12        270         0.553473    0.944162    0.580419    0.271897    
24          133         3.84        240         0.233657    0.724305    0.883043    0.531859    
24          134         10.24       180         0.405711    0.694508    0.686664    0.452695    
24          135         3.84        270         0.511279    0.79728     0.697859    0.462334    
24          136         10.24       210         0.495169    0.81392     0.807498    0.591735    
24          137         10.24       180         0.183247    0.53799     0.676341    0.586811    
24          138         10.24       210         0.447373    0.855067    0.740965    0.844421    
24          139         3.84        240         0.232967    0.810504    0.917104    0.47108     
24          140         7.68        90          0.226751    0.989846    0.758806    0.249606    
24          141         5.12        240         0.276405    0.940126    0.819905    0.231952    
24          142         3.84        270         0.111315    0.775341    0.897367    0.456518    
24          143         3.84        60          0.031105    1           0.981212    0.105061    
24          144         10.24       150         0.23706     0.110445    0.940123    0.858023    
24          145         5.12        240         1           0.699188    0.522166    0.518941    
24          146         10.24       180         0.0993052   0.334957    0.708262    0.700353    
24          147         10.24       180         0.338102    0.508493    0.848026    0.836763    
24          148         5.12        240         0.124721    0.799781    0.858997    0.450326    
24          149         10.24       210         0.55661     0.877291    0.727753    0.599341    
24          150         5.12        180         0.580922    0.469883    0.753557    0.744103    
24          151         7.68        150         0.664047    0.898627    0.334346    0.554063    
24          152         3.84        150         0.428504    0.372629    0.774028    0.787518    
24          153         3.84        30          1           -0.126707   0.732218    0.893138    
24          154         5.12        240         0.429171    1           0.84747     0.252694    
24          155         10.24       0           0.146199    0.807153    0.728876    0.646245    
24          156         5.12        150         0.500776    0.659694    0.764868    0.646368    
24          157         10.24       90          1           0.759266    0.718499    0.692741    
25          0           1.92        300         0.222875    0.66683     0.880752    0.527974    
25          1           3.84        330         0.353085    0.979055    0.801041    0.41521     
25          2           5.12        0           0.0103723   0.972177    0.966898    0.213952    
25          3           2.56        300         0.168935    0.737184    0.921899    0.521322    
25          4           3.84        120         0.0393133   0.42566     0.940849    0.66245     
25          5           3.84        330         0.23857     0.705296    0.874228    0.587181    
25          6           2.56        330         0.12513     0.350108    0.968746    0.74356     
25          7           2.56        300         0.165003    0.752469    0.88091     0.466334    
25          8           3.84        300         0.050409    0.879363    0.822637    0.295728    
25          9           2.56        210         0.120243    1           0.872668    0.221732    
25          10          2.56        300         0.275167    0.769164    0.93763     0.49203     
25          11          2.56        240         0.148418    0.56628     0.887163    0.700633    
25          12          2.56        300         0.166058    0.517651    0.893026    0.679308    
25          13          0.64        120         0.865849    0.766103    0.375074    0.521593    
25          14          1.92        300         0.215062    0.157121    0.934682    0.875801    
25          15          2.56        300         0.0600966   0.423355    0.978484    0.763964    
25          16          2.56        240         0.13609     0.407336    0.9362      0.802597    
25          17          3.84        300         0.376281    0.108416    0.931455    0.877044    
25          18          0.96        240         0.234852    0.622954    0.945244    0.639519    
25          19          7.68        30          0.241779    0.526398    0.909374    0.658858    
25          20          3.84        30          0.192354    0.486794    0.948923    0.754318    
25          21          3.84        180         0.189836    0.282836    0.972512    0.864941    
25          22          1.92        210         0.150949    0.361435    0.880497    0.75908     
25          23          2.56        30          0.270747    0.750416    0.89733     0.598174    
25          24          1.28        330         0.195913    0.0898814   0.941996    0.936901    
25          25          10.24       150         0.442906    1           0.544951    0.12708     
25          26          3.84        30          0.0613357   0.400543    0.954324    0.743848    
25          27          3.84        210         0.247969    0.447154    0.863973    0.800737    
25          28          3.84        210         0.0635668   1           0.918199    0.177714    
25          29          3.84        210         0.232763    0.416416    0.902615    0.827552    
25          30          2.56        300         0.110111    0.221891    0.948874    0.868792    
25          31          2.56        150         0.72581     0.911967    0.50767     0.347542    
25          32          0.96        30          0.134731    0.315154    0.928957    0.791623    
25          33          3.84        330         0.215024    0.118327    0.947565    0.88545     
25          34          3.84        210         0.248819    0.996647    0.753289    0.1158      
25          35          0.96        240         0.0651344   0.313159    0.937888    0.846048    
25          36          0.96        150         0.658756    0.343322    0.637373    0.733362    
25          37          2.56        30          0.331004    0.0772702   0.92152     0.923346    
25          38          3.84        30          0.132703    0.516169    0.969023    0.684322    
25          39          3.84        30          0.332764    0.380563    0.947584    0.796947    
25          40          3.84        180         0.0798399   0.267818    0.978987    0.791599    
25          41          1.28        90          0.279207    0.391383    0.750124    0.78557     
25          42          1.28        30          0.175936    0.566804    0.935858    0.560926    
25          43          3.84        30          0.233812    0.672743    0.899133    0.599768    
25          44          3.84        180         0.100552    0.290864    0.952598    0.861902    
25          45          3.84        30          0.144877    0.35483     0.958656    0.840306    
25          46          3.84        0           0.105831    0.217278    0.91668     0.869605    
25          47          0.96        330         0.256498    0.620503    0.780521    0.69218     
25          48          3.84        180         0.155325    0.872105    0.904451    0.357114    
25          49          3.84        30          0.260694    0.669263    0.925952    0.618787    
25          50          1.92        210         0.237794    0.156254    0.892757    0.887423    
25          51          3.84        30          0.235718    0.357046    0.953052    0.788977    
25          52          3.84        180         0.0602104   0.936636    0.969956    0.459142    
25          53          3.84        330         0.285525    0.533094    0.928955    0.674861    
25          54          2.56        240         0.249286    0.471873    0.903929    0.735416    
25          55          3.84        30          0.282559    0.241874    0.881468    0.879029    
25          56          2.56        330         0.232727    0.671552    0.827463    0.558372    
25          57          2.56        330         0.137161    0.440718    0.959721    0.742492    
25          58          3.84        30          0.224291    0.650865    0.962442    0.613493    
25          59          3.84        0           0.0762795   0.97269     0.886817    0.315973    
25          60          2.56        330         0.142315    0.839977    0.88938     0.358404    
25          61          1.28        180         0.544927    0.586619    0.779005    0.724797    
25          62          3.84        150         0.194995    1           0.864695    0.346759    
25          63          5.12        210         0.16749     0.80718     0.913891    0.513166    
25          64          3.84        150         0.0317073   0.864624    0.975815    0.400986    
25          65          3.84        0           0.129016    1           0.884341    0.435255    
25          66          3.84        0           0.177074    0.362832    0.88899     0.809428    
25          67          3.84        180         0.113023    0.884836    0.991717    0.399907    
25          68          3.84        180         0.0708357   0.864196    0.978959    0.506926    
25          69          5.12        150         0.07398     0.765669    0.955902    0.558584    
25          70          5.12        150         0.0577935   0.954916    0.903714    0.315097    
25          71          3.84        30          0.155552    0.856207    0.966021    0.448188    
25          72          3.84        330         0.047281    0.873438    0.950396    0.372706    
25          73          3.84        330         0.152884    0.909417    0.90702     0.329118    
25          74          3.84        30          0.132936    0.735323    0.93994     0.586987    
25          75          3.84        30          0.143217    0.444617    0.88917     0.686296    
25          76          5.12        210         0.483337    0.836689    0.660695    0.418726    
25          77          3.84        180         0.0683486   0.83624     0.949045    0.376975    
25          78          3.84        330         0.168731    0.690434    0.951363    0.573403    
25          79          3.84        180         0.0518808   0.940841    0.923863    0.342049    
25          80          3.84        30          0.0805525   0.925702    0.92274     0.406653    
25          81          10.24       150         0.177732    0.988303    0.814338    0.203717    
25          82          10.24       150         0.206294    1           0.788629    0.101861    
25          83          3.84        30          0.0403637   0.808963    0.9333      0.579607    
25          84          10.24       150         0.249697    1           0.73683     0.187682    
25          85          3.84        330         0.208468    0.845296    0.808242    0.321777    
25          86          10.24       150         0.101131    1           0.892233    0.114133    
25          87          3.84        30          0.15587     0.801276    0.957206    0.554069    
25          88          2.56        30          1           0.597737    0.804419    0.855441    
25          89          3.84        330         0.24936     0.63358     0.898716    0.581156    
25          90          5.12        210         0.193666    0.616293    0.921374    0.683286    
25          91          7.68        150         0.123821    0.91556     0.90227     0.302539    
25          92          5.12        0           0.590028    0.665989    0.812055    0.567692    
25          93          5.12        0           0.483422    0.359488    0.860483    0.670066    
25          94          10.24       150         0.0465172   1           0.926348    0.240731    
25          95          10.24       180         0.0614971   0.94788     0.854689    0.190642    
25          96          3.84        180         0.142379    0.599682    0.918924    0.610435    
25          97          3.84        0           0.0529229   0.469175    0.938824    0.74009     
25          98          2.56        120         0.511591    0.926592    0.562421    0.271822    
25          99          3.84        30          0.339091    0.440054    0.884052    0.74342     
25          100         5.12        210         0.215094    0.625345    0.948815    0.667247    
25          101         3.84        330         0.271966    0.338012    0.909489    0.821204    
25          102         10.24       150         0.08616     0.957839    0.922747    0.224008    
25          103         3.84        180         0.0947562   0.265873    0.9046      0.827189    
25          104         3.84        30          0.0696311   0.721919    0.91628     0.68555     
25          105         10.24       150         0.271142    1           0.850635    0.389465    
25          106         3.84        180         0.711995    0.867532    0.678809    0.42996     
25          107         5.12        30          0.123678    0.75016     0.898337    0.495424    
25          108         10.24       150         0.20501     0.955676    0.804953    0.169971    
25          109         3.84        30          0.0743234   0.907628    0.904334    0.452413    
25          110         3.84        270         0.172933    0.549401    0.923728    0.768278    
25          111         3.84        120         0.179854    0.103912    0.961595    0.860371    
25          112         7.68        300         0.281314    0.92138     0.888256    0.214904    
25          113         3.84        300         0.405211    0.193437    0.944792    0.813742    
25          114         10.24       120         0.999325    0.723667    0.575106    0.527558    
25          115         10.24       330         0.0217329   1           0.945361    0.243998    
25          116         3.84        270         0.191773    0.369536    0.910853    0.759709    
25          117         10.24       150         0.148862    0.895389    0.836807    0.330368    
25          118         1.92        240         0.0455617   0.977252    0.993012    0.239514    
25          119         10.24       150         0.246935    0.76525     0.815594    0.598025    
25          120         10.24       150         0.0552301   0.78838     0.91338     0.371262    
25          121         10.24       150         0.352841    0.781215    0.851195    0.588505    
25          122         5.12        210         0.316581    0.767344    0.854265    0.563383    
25          123         3.84        270         0.324862    0.613615    0.799933    0.648992    
25          124         3.84        330         0.583974    0.683104    0.708278    0.641541    
25          125         5.12        60          0.0893829   0.96492     0.860685    0.388621    
25          126         3.84        240         0.0547721   0.824815    0.938406    0.397902    
25          127         3.84        60          0.0219244   0.929137    0.852438    0.401777    
25          128         3.84        60          0.00223216  0.677628    0.851453    0.462501    
25          129         5.12        240         0.0984191   0.700125    0.906128    0.486237    
25          130         10.24       150         0.245564    0.775645    0.800041    0.492257    
25          131         2.56        60          0.226363    0.980047    0.847763    0.246295    
25          132         10.24       150         0.107776    0.945713    0.764785    0.578765    
25          133         10.24       270         0.153489    0.590566    0.846813    0.795146    
25          134         1.28        210         0.617471    0.811418    0.637363    0.551496    
25          135         10.24       150         0.140511    0.821061    0.898184    0.44537     
25          136         7.68        240         0.433544    0.790594    0.701327    0.470174    
25          137         3.84        240         0.0310794   0.846949    0.942724    0.518017    
25          138         7.68        240         0.188583    0.937319    0.937368    0.494724    
25          139         5.12        60          0.383058    0.29558     0.813257    0.848479    
25          140         10.24       30          0.390524    0.425726    0.919959    0.869743    
25          141         3.84        60          0.0950288   1           0.929757    0.214329    
25          142         7.68        240         0.261843    1           0.874129    0.659609    
26          0           5.12        330         0.327938    0.908537    0.807569    0.31037     
26          1           2.56        300         0.23183     0.82246     0.893679    0.623722    
26          2           3.84        0           0.0578598   0.885414    0.944375    0.33999     
26          3           2.56        300         0.0787806   0.813656    0.911799    0.543301    
26          4           3.84        120         0.0291362   0.53613     0.909741    0.640791    
26          5           3.84        300         0.0696634   0.670845    0.983034    0.543823    
26          6           5.12        0           0.124884    0.871875    0.814244    0.425682    
26          7           3.84        120         0.0959033   0.848698    0.959678    0.316328    
26          8           3.84        240         0.183314    0.985944    0.814999    0.256974    
26          9           0.96        330         0.716732    0.710769    0.551104    0.551391    
26          10          5.12        330         0.243646    0.767101    0.911696    0.564823    
26          11          1.92        210         0.187006    0.710037    0.860294    0.581179    
26          12          3.84        30          0.290178    1           0.680848    0.168405    
26          13          1.92        300         0.25808     0.156854    0.951555    0.860111    
26          14          5.12        0           0.0890984   1           0.851405    0.452043    
26          15          3.84        240         0.421773    0.91229     0.679249    0.406728    
26          16          1.92        210         0.173952    0.419649    0.924671    0.736419    
26          17          1.28        30          0.440336    0.360197    0.810509    0.758277    
26          18          1.28        30          0.373919    0.0364469   0.946703    0.965964    
26          19          1.28        150         0.116786    0.311575    0.949623    0.787653    
26          20          3.84        210         0.234959    0.931422    0.823532    0.337274    
26          21          5.12        0           0.142108    0.479303    0.872566    0.738325    
26          22          1.28        30          0.144674    0.0731403   0.982915    0.959011    
26          23          1.92        330         0.11075     0.148127    0.894412    0.865422    
26          24          1.92        30          0.141731    0.113807    0.959338    0.913593    
26          25          3.84        210         0.337925    0.469336    0.88074     0.764763    
26          26          5.12        180         0.00593224  0.627645    0.899432    0.743784    
26          27          3.84        330         0.112133    0.341352    0.961132    0.764934    
26          28          3.84        210         0.0413436   0.924657    0.927869    0.277992    
26          29          2.56        330         0.106035    0.328819    0.889978    0.925545    
26          30          1.28        30          0.382537    0.387152    0.871456    0.79113     
26          31          1.28        150         0.160308    0.277792    0.934195    0.822627    
26          32          3.84        210         0.182358    0.0641707   0.888972    0.960617    
26          33          3.84        150         0.15916     0.197878    0.931603    0.861227    
26          34          1.92        150         0.390275    0.764375    0.670745    0.524262    
26          35          1.28        30          0.154317    0.2878      0.996316    0.843033    
26          36          1.92        180         0.350489    0.414575    0.846066    0.721977    
26          37          1.28        30          0.288007    0.453521    0.863937    0.735283    
26          38          3.84        210         0.128963    0.578192    0.977165    0.656205    
26          39          1.92        270         0.642586    0.342582    0.718706    0.808746    
26          40          3.84        180         0.0216234   0.27246     0.909528    0.845037    
26          41          3.84        30          0.0713669   0.514711    0.991718    0.69322     
26          42          1.92        210         0.304745    0.21076     0.879331    0.86762     
26          43          2.56        330         0.501939    0.271152    0.657914    0.809704    
26          44          3.84        210         0.258022    0.296942    0.924498    0.848024    
26          45          1.92        0           0.105199    0.44278     0.959485    0.765521    
26          46          2.56        0           0.0543734   0.800439    0.929337    0.53243     
26          47          1.92        210         0.316807    0.14087     0.895255    0.90203     
26          48          10.24       0           0.193181    0.834191    0.790525    0.264278    
26          49          3.84        210         0.192779    0.53421     0.92932     0.722068    
26          50          1.92        210         0.263269    0.0640795   0.882174    0.854035    
26          51          1.92        210         0.176043    0.349945    0.915214    0.823897    
26          52          2.56        0           0.0898427   0.817447    0.941124    0.492582    
26          53          2.56        330         0.102678    0.790177    0.907075    0.498556    
26          54          3.84        210         0.17675     0.80592     0.884674    0.51454     
26          55          3.84        210         0.024417    0.559024    0.918929    0.74413     
26          56          5.12        0           0.120892    0.968456    0.82046     0.291923    
26          57          5.12        330         0.226728    0.88043     0.888386    0.417613    
26          58          2.56        330         0.208436    0.257066    0.91286     0.894559    
26          59          5.12        330         0.343945    0.934674    0.79227     0.468226    
26          60          3.84        30          0.306359    0.454474    0.906835    0.804054    
26          61          1.28        150         0.392689    0.389119    0.821773    0.784094    
26          62          2.56        150         0.273721    0.858617    0.904085    0.412198    
26          63          2.56        330         0.304977    1           0.722852    0.466944    
26          64          5.12        330         0.376651    0.345856    0.897476    0.764081    
26          65          5.12        0           0.0774008   0.550633    0.927221    0.700958    
26          66          5.12        330         0.147501    0.845248    0.884542    0.375186    
26          67          3.84        150         0.202429    0.973969    0.85895     0.285308    
26          68          5.12        330         0.29492     0.962712    0.833375    0.270819    
26          69          3.84        150         0.203707    0.845739    0.89401     0.421136    
26          70          3.84        210         0.334972    0.564693    0.790418    0.757886    
26          71          3.84        180         0.00461536  0.903969    0.932931    0.354307    
26          72          5.12        120         0.188279    1           0.920534    0.17286     
26          73          3.84        120         0.326389    -0.0370397  0.861732    0.787936    
26          74          3.84        150         0.286454    0.905259    0.812207    0.386628    
26          75          3.84        210         0.196197    0.850733    0.862148    0.403324    
26          76          5.12        330         0.390019    0.570453    0.856979    0.592754    
26          77          5.12        330         0.211391    0.947936    0.904998    0.301433    
26          78          5.12        330         0.470733    0.511685    0.895903    0.543216    
26          79          5.12        330         0.19218     0.561006    0.92409     0.558169    
26          80          3.84        210         0.243167    0.471456    0.763732    0.847664    
26          81          5.12        330         0.255765    0.931588    0.891927    0.29787     
26          82          3.84        210         0.0634291   0.859821    0.841951    0.548747    
26          83          5.12        210         0.208619    0.542089    0.778054    0.725698    
26          84          5.12        330         0.250423    0.85944     0.863735    0.379924    
26          85          10.24       330         0.0977299   1           0.919018    0.213451    
26          86          3.84        0           0.215542    0.799529    0.841573    0.405748    
26          87          10.24       0           0.0561602   0.85299     0.93514     0.218974    
26          88          1.92        0           0.471891    0.436279    0.853359    0.776285    
26          89          7.68        180         0.170372    0.804523    0.954035    0.417048    
26          90          1.92        150         0.543505    4.92865e-05 0.853087    0.951032    
26          91          10.24       330         0.119688    0.875044    0.87614     0.26747     
26          92          3.84        30          0.146656    0.479874    0.770554    0.679027    
26          93          3.84        210         0.161278    0.622774    0.767316    0.581196    
26          94          10.24       0           0.255692    0.859655    0.861915    0.260017    
26          95          5.12        330         0.255689    0.660256    0.826175    0.651967    
26          96          7.68        180         0.324926    0.705848    0.804796    0.426456    
26          97          3.84        210         0.0769583   0.425882    0.68227     0.712407    
26          98          7.68        180         0.193106    0.982396    0.931987    0.208019    
26          99          3.84        30          0.0954681   0.381898    0.959163    0.683992    
26          100         10.24       0           0.0852502   0.787237    0.846466    0.280433    
26          101         10.24       0           0.2251      0.786868    0.822814    0.442978    
26          102         2.56        30          0.1469      0.896565    0.948397    0.329039    
26          103         10.24       330         0.0365904   0.990215    0.943969    0.153854    
26          104         10.24       150         0.0945825   0.824466    0.936855    0.324113    
26          105         7.68        180         0.514412    0.524483    0.824545    0.487163    
26          106         10.24       330         0.0417776   0.95234     0.94133     0.244113    
26          107         2.56        270         0.013794    0.739902    0.907894    0.492941    
26          108         5.12        240         0.360044    0.946074    0.836697    0.354974    
26          109         3.84        210         0.235072    0.885154    0.925209    0.381355    
26          110         5.12        240         0.442216    0.859613    0.826292    0.600505    
26          111         10.24       330         0.0289493   0.764204    0.898628    0.524638    
26          112         5.12        300         0.0761818   0.551779    0.884081    0.694661    
26          113         10.24       330         0.108142    0.972318    0.89095     0.314697    
26          114         5.12        330         0.728289    0.685917    0.648157    0.614716    
26          115         3.84        240         0.00321676  0.848802    0.898999    0.423529    
26          116         7.68        0           0.00672525  0.705574    0.932868    0.49245     
26          117         10.24       150         0.26266     0.510825    0.682384    0.670463    
26          118         5.12        240         0.235682    0.961697    0.842502    0.33369     
26          119         10.24       300         0.42303     0.91651     0.747078    0.380185    
26          120         3.84        180         0.0478293   0.688077    0.871922    0.552592    
26          121         5.12        240         0.262012    0.500292    0.879394    0.675478    
26          122         3.84        240         0.0664994   0.915761    0.875765    0.458143    
26          123         5.12        240         0.31738     0.828866    0.81502     0.541317    
26          124         10.24       300         0.763715    0.660123    0.794581    0.603554    
26          125         2.56        60          0.307016    0.984036    0.840874    0.250517    
26          126         10.24       270         0.264977    0.61031     0.864943    0.657039    
26          127         2.56        240         0.0405977   0.563649    0.864462    0.642429    
26          128         10.24       330         0.0354182   0.69448     0.900005    0.597854    
26          129         10.24       330         0.274835    0.684853    0.890466    0.418012    
26          130         3.84        60          0.0792895   0.711981    0.986535    0.634874    
26          131         10.24       0           0.224023    0.605774    0.954833    0.507852    
26          132         5.12        240         0.23077     0.96778     0.828661    0.315497    
26          133         10.24       180         0.222937    0.0120717   0.938612    0.879992    
26          134         2.56        240         0.791691    1           0.255936    0.15838     
26          135         5.12        330         0.376152    0.647309    0.821579    0.526973    
26          136         7.68        60          0.188986    0.99656     0.918998    0.234103    
26          137         7.68        60          0.357439    0.410041    0.90209     0.74129     
26          138         7.68        60          0.148262    0.992413    0.925697    0.23338     
26          139         7.68        60          0.272046    1           0.831957    0.21308     
26          140         7.68        60          0.340013    0.917699    0.812662    0.214763    
26          141         0.64        90          1           0.564142    0.777026    0.759546    
27          0           2.56        240         0.178999    0.639008    0.863726    0.41776     
27          1           2.56        300         0.1807      0.762353    0.910254    0.518441    
27          2           3.84        330         0.190617    0.764164    0.920815    0.569186    
27          3           2.56        240         0.173812    0.676335    0.807708    0.432336    
27          4           3.84        120         0.0770074   0.536656    0.948408    0.589847    
27          5           3.84        300         0.0449865   0.677293    0.951325    0.659394    
27          6           2.56        300         0.169947    0.674032    0.962954    0.582972    
27          7           1.92        120         0.118838    0.500369    0.980664    0.690609    
27          8           3.84        330         0.277907    0.842942    0.907585    0.502783    
27          9           3.84        330         0.395518    0.847309    0.856357    0.487834    
27          10          0.64        300         0.730401    0.857773    0.44132     0.521169    
27          11          2.56        240         0.326267    0.45178     0.813614    0.74087     
27          12          3.84        0           0.084151    0.533953    0.905301    0.742445    
27          13          0.96        210         0.20944     0.477915    0.817762    0.641197    
27          14          1.92        300         0.141621    0.288813    0.952327    0.81919     
27          15          2.56        300         0.204367    0.179975    0.917157    0.902651    
27          16          3.84        30          0.206637    1           0.942206    0.354275    
27          17          7.68        30          0.0316357   0.782019    0.95975     0.402956    
27          18          0.96        210         0.280136    0.827988    0.677724    0.467596    
27          19          0.96        210         0.114138    0.141295    0.934556    0.898259    
27          20          5.12        150         0.342127    0.859533    0.907188    0.436819    
27          21          5.12        210         0.276874    0.939285    0.815454    0.24301     
27          22          0.96        210         0.0584395   0.278317    0.9248      0.814795    
27          23          3.84        210         0.126622    0.495449    0.93188     0.807692    
27          24          3.84        180         0.00644518  0.982948    0.943903    0.246212    
27          25          5.12        210         0.196544    0.830983    0.841914    0.36223     
27          26          1.92        150         0.429322    0.922756    0.839065    0.377967    
27          27          1.92        0           0.493765    0.747023    0.78446     0.564614    
27          28          0.96        30          0.118857    0.394701    0.938837    0.774072    
27          29          3.84        30          0.119716    0.315345    0.98329     0.752764    
27          30          2.56        210         0.0772725   0.419293    0.891944    0.808413    
27          31          3.84        0           0.0142281   0.951654    0.95757     0.402761    
27          32          3.84        0           0.17954     0.175798    0.945647    0.886859    
27          33          1.92        30          0.232275    0.582645    0.916331    0.688297    
27          34          1.92        30          0.0453391   0.199531    0.969042    0.831928    
27          35          0.96        180         0.433626    0.577664    0.738449    0.772846    
27          36          5.12        210         0.264555    0.903997    0.904502    0.407873    
27          37          2.56        90          0.547486    0.0699041   0.929355    0.940573    
27          38          3.84        30          0.42255     0.344663    0.778872    0.700152    
27          39          0.96        330         0.471465    0.284271    0.897011    0.837743    
27          40          3.84        210         0.0967174   0.53636     0.839035    0.709572    
27          41          5.12        0           0.236997    1           0.903599    0.131205    
27          42          1.92        150         0.0788728   0.716053    0.907175    0.615312    
27          43          3.84        0           0.0255      0.61695     0.965097    0.602044    
27          44          3.84        30          0.114203    0.370403    0.934611    0.746035    
27          45          5.12        150         0.281665    0.80167     0.890057    0.372496    
27          46          3.84        180         0.0305477   0.923774    0.953782    0.282702    
27          47          5.12        210         0.190892    0.763634    0.894402    0.557667    
27          48          3.84        0           0.689854    0.447044    0.672497    0.746721    
27          49          3.84        180         0.0367986   0.930844    0.94393     0.343737    
27          50          3.84        0           0.219079    0.688062    0.814603    0.645269    
27          51          5.12        150         0.192505    0.927438    0.903062    0.358752    
27          52          3.84        0           0.159004    0.764851    0.865788    0.654494    
27          53          10.24       0           0.16551     0.988717    0.782614    0.194948    
27          54          5.12        0           0.170853    0.808797    0.946735    0.469635    
27          55          3.84        180         0.0989509   0.843231    0.978874    0.541622    
27          56          5.12        330         0.302422    0.995496    0.723781    0.176104    
27          57          3.84        330         0.272482    0.940797    0.795451    0.404699    
27          58          5.12        0           0.501553    0.732867    0.859504    0.521827    
27          59          5.12        210         0.501725    0.612968    0.743515    0.627091    
27          60          10.24       180         0.297011    0.824951    0.781532    0.376526    
27          61          7.68        330         0.143934    1           0.880872    0.117848    
27          62          5.12        150         0.27646     0.971374    0.8333      0.275042    
27          63          5.12        210         0.221758    0.665353    0.858478    0.537614    
27          64          5.12        150         0.084263    0.997398    0.923624    0.288035    
27          65          5.12        0           0.132251    0.604997    0.916969    0.638027    
27          66          5.12        210         0.384343    0.774295    0.821953    0.464093    
27          67          5.12        210         0.493819    0.796551    0.67556     0.521882    
27          68          3.84        30          0.0764021   0.665442    0.965192    0.497989    
27          69          7.68        330         0.069246    1           0.948151    0.154027    
27          70          5.12        0           0.191904    0.742656    0.958064    0.560491    
27          71          5.12        0           0.217008    0.802945    0.979305    0.447079    
27          72          7.68        330         0.371381    0.99814     0.784658    0.159563    
27          73          5.12        210         0.356785    0.94724     0.842015    0.474805    
27          74          2.56        330         0.0998931   0.286389    0.755475    0.828298    
27          75          5.12        210         0.177534    0.829803    0.913752    0.455705    
27          76          5.12        210         0.32882     1           0.8396      0.235315    
27          77          10.24       150         0.175256    0.525681    0.949739    0.554109    
27          78          7.68        150         0.0265133   1           0.937669    0.199353    
27          79          5.12        30          0.0386321   0.7894      0.861025    0.455187    
27          80          3.84        210         0.04325     0.87131     0.972859    0.334071    
27          81          10.24       0           0.207152    0.602084    0.904373    0.485987    
27          82          5.12        120         0.227666    0.594365    0.818079    0.563874    
27          83          3.84        30          0.272505    0.187608    0.865976    0.85117     
27          84          10.24       150         0.0134352   0.981429    0.938616    0.278451    
27          85          7.68        330         0.0330762   0.948525    0.937119    0.486625    
27          86          10.24       150         0.0403122   0.993986    0.868958    0.204934    
27          87          5.12        210         0.306602    0.846995    0.755821    0.374979    
27          88          3.84        240         0.36117     0.695722    0.913418    0.54055     
27          89          5.12        210         0.533904    0.671736    0.634576    0.459631    
27          90          5.12        210         0.172243    0.956781    0.813405    0.351601    
27          91          7.68        60          0.398652    0.209851    0.891995    0.76803     
27          92          5.12        210         0.398902    0.96895     0.628731    0.202972    
27          93          2.56        90          0.184444    0.302234    0.946757    0.929393    
27          94          10.24       330         0.181034    0.62223     0.886004    0.6543      
27          95          10.24       0           0.127021    0.958419    0.942856    0.203917    
27          96          3.84        240         0.146733    0.958423    0.900323    0.340269    
27          97          5.12        240         0.413095    1           0.758706    0.373444    
27          98          7.68        60          0.414704    0.833433    0.761474    0.317244    
27          99          0.64        300         0.345392    0.323726    0.836112    0.838498    
27          100         7.68        150         0.173448    0.775541    0.945735    0.507658    
27          101         5.12        240         0.468891    0.869223    0.732652    0.490994    
27          102         10.24       0           0.173663    0.744141    0.88025     0.547215    
27          103         10.24       0           0.134294    0.690272    0.887775    0.433233    
27          104         10.24       180         0.00550719  0.441676    0.989395    0.711293    
27          105         5.12        210         0.965536    0.345575    0.668395    0.816571    
27          106         3.84        240         0.279736    0.705386    0.892528    0.521761    
27          107         3.84        30          0.492658    0.676092    0.683549    0.581458    
27          108         5.12        240         0.600812    1           0.602898    0.285086    
27          109         7.68        270         0.23361     0.0285257   0.96282     0.931484    
27          110         2.56        60          0.952679    0.0912417   0.874708    0.936754    
27          111         2.56        240         0.241362    0.331728    0.914433    0.81883     
27          112         0.64        90          0.498262    0.780833    0.507647    0.314628    
27          113         7.68        330         0.241582    0.763286    0.823844    0.366484    
27          114         7.68        60          0.417024    1           0.752122    0.206758    
27          115         10.24       0           0.249985    0.932915    0.952191    0.39686     
27          116         10.24       210         0.535268    0.330163    0.761436    0.83649     
27          117         10.24       180         0.0652499   0.808087    0.91267     0.486549    
27          118         7.68        60          0.2335      0.920474    0.901977    0.295746    
27          119         10.24       180         0.0552768   0.581865    0.972342    0.497935    
27          120         7.68        60          0.18673     0.464915    0.89505     0.759402    
27          121         5.12        240         0.29898     0.915565    0.783942    0.428021    
27          122         7.68        60          0.210438    0.930704    0.923652    0.344118    
27          123         7.68        270         0.440698    -0.059871   0.914292    0.869506    
27          124         0.64        0           1           0.119818    0.623003    0.687997    
27          125         7.68        60          0.233949    0.959224    0.883159    0.348656    
27          126         7.68        60          0.297284    0.946485    0.851126    0.352938    
28          0           3.84        240         0.465035    0.990218    0.654443    0.247094    
28          1           2.56        240         0.318922    0.995495    0.801005    0.339698    
28          2           5.12        330         0.26364     0.867225    0.917552    0.442944    
28          3           3.84        150         0.0979187   0.97995     0.965906    0.296423    
28          4           5.12        0           0.258721    0.934502    0.793233    0.406008    
28          5           3.84        180         0.135673    0.707592    0.912196    0.59837     
28          6           3.84        180         0.0576479   0.6384      0.921661    0.547186    
28          7           2.56        330         0.211994    0.898223    0.872039    0.325608    
28          8           2.56        240         0.561461    1           0.70683     0.111351    
28          9           2.56        330         0.280696    0.505961    0.947948    0.691319    
28          10          10.24       330         0.136164    1           0.700205    0.225474    
28          11          1.92        270         0.339346    0.551336    0.914805    0.649094    
28          12          5.12        180         0.0726891   0.916444    0.939233    0.341057    
28          13          3.84        150         0.0650049   0.43007     0.941436    0.765912    
28          14          5.12        180         0.0894346   0.922085    0.967988    0.376942    
28          15          5.12        210         0.301574    0.913739    0.687562    0.273311    
28          16          5.12        210         0.436063    1           0.506423    0.16492     
28          17          3.84        210         0.0178549   0.212072    0.956972    0.947125    
28          18          5.12        240         0.631186    0.312239    0.801899    0.944317    
28          19          2.56        240         0.340342    0.145059    0.902894    0.963088    
28          20          0.96        120         0.198759    0.212872    0.943291    0.858346    
28          21          5.12        210         0.251943    1           0.705216    0.143489    
28          22          7.68        180         0.220996    0.353088    0.889901    0.754279    
28          23          3.84        120         0.151361    0.32921     0.924536    0.830681    
28          24          2.56        240         0.259425    0.216837    0.832535    0.850732    
28          25          7.68        210         0.0320207   0.332335    0.895838    0.785128    
28          26          3.84        120         0.341718    0.163339    0.890989    0.880748    
28          27          0.96        210         0.494187    0.694255    0.597675    0.499467    
28          28          2.56        120         0.660627    0.4114      0.744507    0.696729    
28          29          2.56        210         0.249569    0.515055    0.983694    0.764987    
28          30          2.56        0           0.0891482   0.688       0.875768    0.728183    
28          31          7.68        180         0.244632    0.65477     0.82915     0.536097    
28          32          1.28        210         0.501879    0.136306    0.871206    0.913592    
28          33          0.96        0           0.154822    0.400575    0.87205     0.788311    
28          34          3.84        120         0.243899    0.0679795   0.907192    0.913733    
28          35          7.68        180         0.458542    0.751405    0.873257    0.472545    
28          36          2.56        240         0.456006    -0.0805914  0.885403    0.922859    
28          37          2.56        210         0.183658    0.501213    0.871039    0.798078    
28          38          2.56        210         0.00950577  0.788296    0.941461    0.48083     
28          39          2.56        240         0.432271    0.0213863   0.892048    0.942476    
28          40          2.56        0           0.610553    0.644091    0.747763    0.695168    
28          41          3.84        150         0.102364    0.359215    0.930816    0.842091    
28          42          2.56        210         0.0163387   0.276892    0.963868    0.822298    
28          43          1.28        210         0.202172    0.241483    0.915837    0.875938    
28          44          2.56        30          0.00749866  0.313751    0.90589     0.855433    
28          45          2.56        180         0.224637    0.971376    0.928202    0.276361    
28          46          1.92        330         0.104819    0.273912    0.917842    0.882705    
28          47          3.84        210         0.147611    0.28177     0.943287    0.855171    
28          48          7.68        180         0.518463    0.516816    0.862104    0.637122    
28          49          2.56        240         0.586935    0.182751    0.829588    0.838409    
28          50          5.12        210         0.441916    0.63611     0.739085    0.62928     
28          51          7.68        180         0.309426    0.957238    0.944176    0.392384    
28          52          5.12        210         0.311604    0.524393    0.853065    0.696136    
28          53          2.56        210         0.279988    0.772606    0.805815    0.505488    
28          54          3.84        150         0.0364269   0.900583    0.960166    0.390775    
28          55          5.12        180         0.110199    0.554002    0.896644    0.705081    
28          56          7.68        330         0.444894    0.917405    0.703386    0.331788    
28          57          2.56        0           0.0596024   0.628036    0.89929     0.698834    
28          58          1.92        150         0.229097    1           0.802107    0.140683    
28          59          5.12        210         0.428171    0.722461    0.747626    0.574295    
28          60          5.12        180         0.257424    0.941843    0.787315    0.364692    
28          61          7.68        330         0.336454    0.946178    0.842729    0.292959    
28          62          7.68        180         0.256896    1           0.833542    0.321688    
28          63          7.68        180         0.25654     0.937636    0.945495    0.300744    
28          64          5.12        210         0.484694    0.937876    0.595322    0.397619    
28          65          7.68        180         0.260296    0.925839    0.823445    0.490721    
28          66          5.12        330         0.0889656   0.844907    0.980889    0.418244    
28          67          7.68        330         0.173014    0.965735    0.89836     0.198301    
28          68          5.12        330         0.144612    0.782064    0.897428    0.501923    
28          69          3.84        150         0.10158     0.975838    0.909059    0.358907    
28          70          7.68        180         0.208674    0.584313    0.889067    0.576616    
28          71          7.68        180         0.446373    1           0.779355    0.338901    
28          72          2.56        330         0.547136    0.935742    0.606459    0.230635    
28          73          7.68        180         0.33839     0.984227    0.9347      0.388975    
28          74          7.68        180         0.166372    0.772531    0.95373     0.417495    
28          75          7.68        180         0.539417    1           0.793726    0.242841    
28          76          7.68        330         0.189952    1           0.878526    0.119558    
28          77          5.12        210         0.254084    1           0.779751    0.362714    
28          78          7.68        180         0.359357    0.766917    0.91341     0.505552    
28          79          7.68        180         0.198868    0.976318    0.925244    0.315784    
28          80          5.12        210         0.368505    0.885076    0.802133    0.439499    
28          81          5.12        210         0.400015    0.704103    0.884       0.494581    
28          82          10.24       150         0.124774    0.925737    0.935059    0.250092    
28          83          10.24       150         0.0699265   1           0.9689      0.162042    
28          84          10.24       150         0.105942    0.955628    0.953093    0.217925    
28          85          10.24       150         0.0148417   1           0.961142    0.159829    
28          86          7.68        330         0.182006    0.548006    0.910667    0.604868    
28          87          5.12        210         0.0232547   0.852342    0.907067    0.476751    
28          88          7.68        180         0.285613    0.591896    0.90709     0.637521    
28          89          5.12        210         0.311476    0.611641    0.718525    0.636379    
28          90          7.68        180         0.223945    1           0.862986    0.323085    
28          91          3.84        120         0.187345    0.0335313   0.929383    0.934495    
28          92          10.24       150         0.150537    0.795254    0.855246    0.360212    
28          93          5.12        210         0.21263     0.25784     0.924341    0.871422    
28          94          3.84        60          0.0272572   0.582967    0.907063    0.62185     
28          95          3.84        90          0.430722    0.811862    0.900944    0.576322    
28          96          1.92        90          0.774692    0.944705    0.567747    0.291942    
28          97          7.68        180         0.263693    0.719393    0.964101    0.550287    
28          98          3.84        300         0.0396477   0.851713    0.953308    0.552568    
28          99          3.84        210         0.565298    0.854388    0.804153    0.391213    
28          100         7.68        180         0.571487    0.831189    0.883265    0.534779    
28          101         2.56        60          0.122528    0.589569    0.981084    0.683595    
28          102         5.12        210         0.455432    0.937685    0.532085    0.241763    
28          103         1.92        240         0.440844    0.872617    0.565785    0.47412     
28          104         10.24       150         0.691394    1           0.78498     0.215389    
28          105         10.24       150         0.224008    0.749795    0.9174      0.475985    
28          106         10.24       150         0.275317    1           0.827166    0.201939    
28          107         7.68        180         0.585637    0.87708     0.615338    0.452212    
28          108         0.96        180         0.775398    0.179607    0.699812    0.956903    
28          109         7.68        330         0.317858    0.983271    0.684638    0.444833    
28          110         10.24       300         0.076193    0.556882    0.91385     0.734763    
28          111         7.68        180         0.41577     1           0.687048    0.320612    
28          112         10.24       150         0.277386    0.575637    0.896238    0.597965    
28          113         7.68        240         0.144048    0.804144    0.876354    0.446854    
28          114         10.24       150         0.393409    0.499108    0.888334    0.722406    
28          115         7.68        180         0.577396    0.834581    0.689383    0.378091    
28          116         10.24       150         0.0560297   0.563718    0.812216    0.673556    
28          117         5.12        240         0.702256    0.919973    0.506892    0.371691    
28          118         7.68        210         0.401233    0.949697    0.717487    0.315372    
28          119         3.84        240         0.178506    1           0.615888    0.290302    
29          0           5.12        180         0.329793    1           0.859052    0.228307    
29          1           5.12        180         0.296099    0.871298    0.814162    0.392389    
29          2           0.96        0           0.789845    0.918264    0.260525    0.395948    
29          3           3.84        0           0.0660934   0.833765    0.981986    0.483055    
29          4           5.12        180         0.44098     1           0.692104    0.243406    
29          5           3.84        240         0.228395    1           0.814945    0.277188    
29          6           2.56        300         0.29361     0.730082    0.886564    0.526289    
29          7           2.56        300         0.317919    0.550818    0.872228    0.627371    
29          8           2.56        330         0.247818    0.848411    0.835049    0.379978    
29          9           2.56        300         0.181249    0.539158    0.925653    0.666951    
29          10          2.56        120         0.0913696   0.578197    0.955276    0.628622    
29          11          2.56        120         0.0526068   0.624986    0.942398    0.659016    
29          12          2.56        330         0.450871    0.0765852   0.812229    0.927534    
29          13          2.56        30          0.0914343   0.924473    0.951181    0.268691    
29          14          1.28        270         0.233038    0.410738    0.888128    0.762748    
29          15          2.56        330         0.0748083   0.50578     0.985567    0.730552    
29          16          1.28        120         0.35651     0.402011    0.866047    0.794268    
29          17          3.84        240         0.195401    0.178524    0.887996    0.961172    
29          18          5.12        30          0.281621    0.908395    0.917624    0.419671    
29          19          5.12        150         0.406114    0.676052    0.861883    0.657272    
29          20          3.84        330         0.119111    0.490531    0.971195    0.64738     
29          21          1.92        300         0.63857     0.735106    0.591846    0.536368    
29          22          5.12        150         0.83126     0.707823    0.82103     0.744949    
29          23          5.12        120         0.173543    0.24013     0.908894    0.876697    
29          24          2.56        210         0.0970836   0.942576    0.933662    0.387364    
29          25          5.12        150         0.446743    0.696672    0.852153    0.528613    
29          26          2.56        0           0.0747568   0.58459     0.990799    0.714162    
29          27          2.56        120         0.178329    0.160364    0.903575    0.865925    
29          28          1.92        240         0.057365    0.13675     0.959528    0.899282    
29          29          1.28        210         0.363872    0.709953    0.702785    0.521791    
29          30          0.96        180         0.362032    0.163707    0.912688    0.932199    
29          31          0.64        210         0.72948     0.496976    0.519597    0.695251    
29          32          2.56        180         0.461373    0.0560735   0.831533    0.922221    
29          33          1.92        30          0.155469    0.148506    0.912208    0.948998    
29          34          2.56        210         0.408056    0.365828    0.945241    0.63698     
29          35          1.28        210         0.343685    0.34624     0.822308    0.844571    
29          36          2.56        210         0.274413    0.0976936   0.976091    0.848987    
29          37          0.96        180         0.449921    0.127024    0.861086    0.858873    
29          38          0.96        180         0.337075    0.330584    0.902843    0.824457    
29          39          5.12        180         0.187377    0.347561    0.918744    0.728662    
29          40          2.56        180         0.0503281   0.895863    0.916663    0.411991    
29          41          2.56        0           0.331969    0.869902    0.80147     0.421564    
29          42          5.12        120         0.94304     0.711532    0.57987     0.605772    
29          43          3.84        330         0.0264984   0.184953    0.988156    0.872013    
29          44          1.92        30          0.45222     0.186767    0.809179    0.914961    
29          45          3.84        0           0.133386    0.66903     0.887612    0.68782     
29          46          1.92        30          0.247718    0.351388    0.904699    0.772077    
29          47          3.84        0           0.0873948   0.845842    0.976765    0.470707    
29          48          2.56        210         0.447169    0.221662    0.956266    0.825961    
29          49          2.56        210         0.157115    0.0969058   0.929812    0.825799    
29          50          2.56        210         0.290441    0.159869    0.952142    0.825425    
29          51          5.12        180         0.198038    1           0.884234    0.266224    
29          52          3.84        330         0.0630044   0.35358     0.987569    0.768879    
29          53          3.84        0           0.128317    1           0.952837    0.28108     
29          54          3.84        0           0.236467    0.9414      0.830282    0.25666     
29          55          10.24       300         0.182868    0.0635241   0.790168    0.887515    
29          56          2.56        60          0.390013    0.217434    0.903038    0.919425    
29          57          1.92        30          0.656398    0.542875    0.696265    0.554811    
29          58          2.56        0           0.15301     0.307792    0.96333     0.908871    
29          59          2.56        0           0.0903761   0.840256    0.950415    0.435199    
29          60          10.24       180         0.0185634   1           0.894586    0.279984    
29          61          2.56        210         0.125653    0.619427    0.924001    0.625506    
29          62          2.56        210         0.0849379   0.0282141   0.929266    0.86357     
29          63          3.84        330         0.210857    0.862618    0.912846    0.45556     
29          64          1.92        30          0.89653     0.359569    0.66895     0.615538    
29          65          3.84        330         0.0992343   0.172546    0.947663    0.897532    
29          66          2.56        210         0.111618    0.399118    0.925336    0.661993    
29          67          3.84        330         0.107669    0.534559    0.977788    0.618781    
29          68          3.84        0           0.0192571   0.884479    0.968908    0.418956    
29          69          7.68        0           0.399209    0.862607    0.690685    0.204475    
29          70          3.84        330         0.249719    0.856636    0.870771    0.363445    
29          71          3.84        150         0.000972352 0.890236    0.935304    0.291138    
29          72          1.92        150         0.262613    1           0.825967    0.154783    
29          73          5.12        150         0.194802    0.524085    0.866938    0.620228    
29          74          3.84        150         0.045387    1           0.958759    0.288129    
29          75          5.12        30          0.0924557   0.658592    0.917334    0.626733    
29          76          5.12        150         0.54571     0.476625    0.817136    0.699084    
29          77          5.12        180         0.428008    0.569179    0.800608    0.643208    
29          78          5.12        180         0.124893    0.990142    0.900015    0.317531    
29          79          3.84        330         0.149081    0.606698    0.906081    0.549304    
29          80          10.24       330         0.130253    0.988927    0.841888    0.217261    
29          81          2.56        180         0.100339    0.239857    0.982222    0.839294    
29          82          3.84        330         0.0631192   0.71525     0.889149    0.501871    
29          83          7.68        150         0.316078    0.965523    0.791105    0.277684    
29          84          7.68        180         0.0218357   0.86313     0.812056    0.287146    
29          85          0.96        180         0.662531    0.488502    0.492222    0.626581    
29          86          5.12        150         0.275294    0.967829    0.756207    0.272745    
29          87          3.84        210         0.388974    0.887173    0.794286    0.479162    
29          88          5.12        180         0.275999    0.626054    0.81848     0.630532    
29          89          7.68        0           0.135751    0.782829    0.910543    0.547341    
29          90          5.12        210         0.288779    0.544394    0.736382    0.519351    
29          91          5.12        150         0.409466    0.549075    0.764479    0.661264    
29          92          5.12        30          0.279259    1           0.868626    0.317247    
29          93          10.24       330         0.0914855   0.962956    0.888922    0.207837    
29          94          10.24       150         0.0008782   0.951808    0.952873    0.193182    
29          95          10.24       330         0.0838366   1           0.920032    0.239648    
29          96          3.84        150         0.148696    0.810606    0.892296    0.418479    
29          97          10.24       180         0.127347    0.584226    0.842502    0.61744     
29          98          10.24       330         0.0235731   0.899735    0.922547    0.221876    
29          99          1.28        60          0.107074    0.993183    0.899727    0.277308    
29          100         5.12        150         0.391741    0.830158    0.862585    0.77114     
29          101         10.24       330         0.0117739   0.847019    0.87657     0.242847    
29          102         2.56        30          0.0224809   0.364154    0.92171     0.764744    
29          103         3.84        60          0.621481    -0.0594751  0.668299    0.823019    
29          104         10.24       150         0.0953461   1           0.968609    0.182382    
29          105         5.12        30          0.220955    0.874638    0.97412     0.443406    
29          106         3.84        210         0.12834     0.483042    0.900234    0.68182     
29          107         5.12        120         0.528097    0.0330805   0.876979    0.686949    
29          108         10.24       330         0.0422307   1           0.967219    0.17803     
29          109         3.84        240         0.212445    0.365403    0.945576    0.667811    
29          110         10.24       330         0.0198239   0.999243    0.94534     0.281092    
29          111         10.24       330         0.00770541  0.741524    0.929006    0.425874    
29          112         7.68        90          1           0.00705973  0.571146    0.826997    
29          113         1.92        240         0.412972    0.825907    0.745104    0.291111    
29          114         3.84        240         0.255312    0.920155    0.815666    0.342313    
29          115         10.24       330         0.256048    0.775254    0.92979     0.439503    
29          116         2.56        120         0.175025    0.0890937   0.921719    0.912922    
29          117         2.56        60          0.456723    0.736893    0.818447    0.535127    
29          118         10.24       330         0.146975    0.785615    0.926961    0.502485    
29          119         10.24       150         0.160348    0.615487    0.790267    0.625517    
29          120         10.24       150         0.0390905   0.890124    0.979908    0.403956    
29          121         10.24       180         0.273798    0.783314    0.825652    0.48271     
29          122         3.84        330         0.0393298   0.595147    0.791947    0.559372    
29          123         3.84        240         0.296914    0.818908    0.815483    0.576881    
29          124         10.24       120         0.382977    0.580806    0.805314    0.489967    
29          125         0.64        120         0.949944    0.289036    0.8698      0.765656    
29          126         10.24       180         0.413153    0.437253    0.725282    0.461929    
29          127         3.84        150         0.182991    0.656327    0.844722    0.614883    
29          128         10.24       150         0.0392241   0.737351    0.922669    0.480859    
29          129         10.24       150         0.0583684   0.666077    0.919181    0.481539    
29          130         10.24       150         0.317067    0.406041    0.939723    0.603837    
29          131         5.12        270         0.636066    0.611536    0.767748    0.663199    
29          132         5.12        240         0.23009     1           0.786813    0.321       
29          133         10.24       150         0.29806     0.993957    0.607067    0.478002    
29          134         10.24       330         0.0348757   0.661844    0.887296    0.64217     
29          135         10.24       330         0.00882575  0.836522    0.944098    0.470731    
29          136         10.24       330         0.0317046   0.337064    0.957672    0.788582    
29          137         3.84        240         0.554021    0.128026    0.876979    0.829367    
29          138         10.24       240         0.583249    0.293474    0.91348     0.747973    
29          139         5.12        240         0.510349    0.984135    0.531734    0.270215    
30          0           3.84        270         0.333139    0.759918    0.779868    0.599195    
30          1           2.56        0           0.217801    0.799491    0.844963    0.511776    
30          2           10.24       0           0.135367    1           0.817915    0.200955    
30          3           5.12        330         0.0160588   0.80369     0.922271    0.331212    
30          4           2.56        0           0.163976    0.800978    0.850523    0.541781    
30          5           5.12        180         0.157648    0.720221    0.924929    0.630224    
30          6           2.56        0           0.19109     0.934372    0.901419    0.364857    
30          7           2.56        180         0.0197954   0.673621    0.945798    0.622528    
30          8           3.84        210         0.447771    0.647305    0.690817    0.460526    
30          9           1.92        60          0.122359    0.463181    0.916929    0.714115    
30          10          1.28        120         0.565014    0.875111    0.765115    0.427835    
30          11          2.56        300         0.483543    0.308708    0.898779    0.782661    
30          12          2.56        300         0.151234    0.324403    0.923263    0.855244    
30          13          3.84        210         0.287235    0.841304    0.707956    0.36098     
30          14          3.84        210         0.343674    0.961566    0.698279    0.226465    
30          15          1.92        240         0.038024    0.359661    0.911573    0.727062    
30          16          0.96        120         0.133041    0.466672    0.961012    0.770356    
30          17          2.56        120         0.0745071   0.394822    0.943624    0.820399    
30          18          2.56        0           0.257007    0.448661    0.857734    0.792847    
30          19          1.92        300         0.298632    0.601799    0.777532    0.664812    
30          20          3.84        210         0.94341     0.90992     0.352098    0.22249     
30          21          7.68        210         0.132373    0.664231    0.934207    0.539787    
30          22          3.84        300         0.385065    0.508419    0.716924    0.659203    
30          23          1.92        240         0.0695198   0.500526    0.897862    0.777392    
30          24          5.12        180         0.429929    0.443491    0.763964    0.78786     
30          25          5.12        180         0.252212    0.634887    0.853717    0.611267    
30          26          2.56        300         0.107378    0.301953    0.942614    0.815559    
30          27          3.84        210         0.370965    0.12085     0.871165    0.954905    
30          28          2.56        180         0.0739361   0.36083     0.853031    0.821634    
30          29          0.96        210         0.417435    0.658986    0.632684    0.502523    
30          30          5.12        180         0.230382    0.420931    0.783963    0.712251    
30          31          0.64        210         0.8449      0.54482     0.41376     0.549392    
30          32          0.96        90          0.408188    0.0374234   0.933926    0.907976    
30          33          2.56        0           0.38456     0.85315     0.753153    0.569188    
30          34          2.56        180         0.0864207   0.943517    0.985947    0.392818    
30          35          2.56        30          0.44298     0.374984    0.791317    0.764607    
30          36          1.28        180         0.329591    0.251699    0.946233    0.852834    
30          37          2.56        300         0.323669    -0.119637   0.950651    0.882328    
30          38          5.12        180         0.248308    0.438609    0.91803     0.703732    
30          39          5.12        180         0.184319    0.552068    0.922392    0.684949    
30          40          3.84        210         0.373006    0.778535    0.774754    0.46333     
30          41          5.12        180         0.0234987   0.838369    0.917728    0.393087    
30          42          2.56        330         0.204822    0.617007    0.914738    0.475994    
30          43          2.56        180         0.243635    0.391299    0.908115    0.828919    
30          44          5.12        180         0.0384569   0.857432    0.827331    0.364183    
30          45          2.56        30          0.186501    0.170502    0.858599    0.762966    
30          46          2.56        330         0.451569    0.346898    0.87795     0.772969    
30          47          3.84        30          0.108673    0.251312    0.898569    0.869009    
30          48          1.28        150         0.0522979   0.969276    0.931449    0.271843    
30          49          2.56        300         0.314612    0.0521111   0.905864    0.893627    
30          50          3.84        0           0.203371    0.918012    0.830034    0.506103    
30          51          5.12        330         0.247087    0.929546    0.806858    0.237403    
30          52          2.56        330         0.570388    0.606725    0.822029    0.612828    
30          53          2.56        180         0.432819    0.625695    0.910941    0.522526    
30          54          2.56        0           0.0120724   0.984681    0.968884    0.35254     
30          55          5.12        90          1           -0.153938   0.573414    0.868483    
30          56          5.12        150         0.22029     0.429569    0.879455    0.603639    
30          57          2.56        330         0.0917796   0.863416    0.899766    0.375566    
30          58          2.56        30          0.526998    0.243064    0.805577    0.64612     
30          59          5.12        180         0.00722146  0.982372    0.887648    0.214577    
30          60          5.12        180         0.177121    0.907495    0.935388    0.319897    
30          61          7.68        30          0.565209    1           0.678469    0.285638    
30          62          10.24       330         0.257206    1           0.838587    0.16602     
30          63          10.24       330         0.485442    0.878769    0.590492    0.297881    
30          64          5.12        150         0.0617951   0.78476     0.903824    0.516464    
30          65          10.24       330         0.287947    0.825346    0.729708    0.28983     
30          66          7.68        30          0.648036    0.749139    0.744612    0.588788    
30          67          5.12        150         0.216812    0.541121    0.839299    0.672875    
30          68          10.24       330         0.384125    0.787078    0.679945    0.342428    
30          69          5.12        180         0.160815    0.795824    0.914753    0.456987    
30          70          2.56        120         0.415873    0.804351    0.835614    0.502081    
30          71          5.12        150         0.380863    0.587255    0.779371    0.486143    
30          72          5.12        210         0.39633     0.98532     0.622284    0.370007    
30          73          10.24       330         0.112688    1           0.79937     0.166737    
30          74          3.84        330         0.464081    0.417515    0.837718    0.775698    
30          75          10.24       330         0.241983    0.557132    0.802176    0.661402    
30          76          3.84        210         0.275074    0.921404    0.788705    0.219324    
30          77          1.28        30          0.719785    0.841155    0.463676    0.311102    
30          78          10.24       330         0.194086    0.971392    0.78353     0.329536    
30          79          10.24       330         0.252195    1           0.837922    0.141545    
30          80          5.12        180         0.0872218   0.413228    0.872869    0.741582    
30          81          10.24       330         0.327477    0.869167    0.801786    0.26388     
30          82          10.24       150         0.00552495  0.907814    0.958815    0.209169    
30          83          10.24       180         0.0803869   0.832236    0.883184    0.409242    
30          84          7.68        330         0.643279    0.0380898   0.883281    0.819691    
30          85          10.24       330         0.330573    0.798302    0.771448    0.458798    
30          86          10.24       330         0.17961     0.977522    0.811629    0.22111     
30          87          5.12        180         0.135752    0.422074    0.959414    0.771529    
30          88          10.24       330         0.119263    0.605299    0.843884    0.507051    
30          89          3.84        210         0.631901    0.464652    0.707998    0.605022    
30          90          3.84        120         0.280176    0.832059    0.906654    0.498582    
30          91          5.12        210         0.453928    0.285515    0.544174    0.852161    
30          92          10.24       330         0.315096    0.389528    0.769048    0.729782    
30          93          10.24       330         0.273759    0.681968    0.721336    0.460291    
30          94          3.84        240         0.282178    1           0.707486    0.353463    
30          95          10.24       0           0.0933766   0.586925    0.844025    0.537159    
30          96          10.24       0           0.10671     0.633456    0.855952    0.648337    
30          97          3.84        120         0.025733    0.342843    0.938542    0.838338    
30          98          10.24       330         0.181461    0.972764    0.855093    0.209893    
30          99          10.24       330         0.326853    0.672625    0.778806    0.432336    
30          100         5.12        240         0.162403    1           0.914918    0.141243    
30          101         7.68        120         0.368685    0.681621    0.8311      0.586049    
30          102         5.12        0           0.246689    0.67087     0.766085    0.555625    
30          103         5.12        0           0.243667    0.40077     0.994756    0.741926    
30          104         10.24       330         0.0614069   0.287133    0.948051    0.829245    
30          105         10.24       330         0.173434    0.54569     0.813803    0.52932     
30          106         10.24       330         0.420167    0.611689    0.854626    0.719623    
30          107         5.12        240         0.143955    1           0.90344     0.363735    
30          108         5.12        0           0.0793287   0.776416    0.946398    0.572643    
30          109         10.24       330         0.232336    0.771531    0.7694      0.458097    
30          110         5.12        0           0.361423    0.685207    0.696956    0.647495    
30          111         10.24       180         0.0646964   0.821988    0.867154    0.445385    
30          112         10.24       330         0.225114    0.616189    0.831284    0.652914    
30          113         5.12        60          0.0625723   1           0.905763    0.274732    
30          114         5.12        180         0.66067     0.347702    0.659409    0.799098    
30          115         1.28        120         1           0.326564    0.512908    0.612515    
30          116         10.24       330         0.393529    0.761879    0.766947    0.415007    
30          117         0.64        120         0.0993853   0.114077    0.950601    0.935158    
30          118         10.24       330         0.505204    0.691512    0.832942    0.389516    
30          119         1.28        30          1           0.548124    0.73314     0.551968    
30          120         0.96        120         0.422762    0.279191    0.86202     0.923301    
30          121         5.12        240         0.0935835   1           0.971713    0.213905    
30          122         5.12        240         0.225692    1           0.856315    0.160634    
30          123         5.12        240         0.114352    0.969464    0.922683    0.268904    
30          124         5.12        240         0.278282    0.964754    0.748564    0.227753    
30          125         5.12        240         0.362171    0.816604    0.821852    0.467473    
30          126         5.12        240         0.17302     1           0.922872    0.18907     
30          127         5.12        180         0.0346861   0.700105    0.878152    0.562765    
30          128         10.24       300         0.335011    0.257365    0.762875    0.674203    
30          129         5.12        180         0.108134    0.605638    0.877332    0.630196    
30          130         10.24       210         0.0932809   0.765462    0.775761    0.558159    
30          131         10.24       240         0.295705    0.365364    0.842102    0.833462    
30          132         10.24       330         0.33711     0.801954    0.771866    0.609262    
38          0           3.84        240         0.145591    1           0.827407    0.577066    
38          1           1.92        300         0.287054    0.74177     0.737968    0.522801    
38          2           1.92        300         0.368164    1           0.707717    0.50266     
38          3           2.56        330         0.3         0.497514    0.880778    0.712943    
38          4           3.84        180         0.238856    0.796884    0.851564    0.460535    
38          5           2.56        330         0.31339     0.958626    0.972532    0.314733    
38          6           3.84        330         0.145605    0.959956    0.946523    0.307817    
38          7           1.92        180         0.40865     0.855063    0.868604    0.424789    
38          8           3.84        330         0.320155    0.712518    0.886304    0.510699    
38          9           3.84        300         0.378142    0.825921    0.820944    0.455877    
38          10          3.84        330         0.324993    1           0.936889    0.303213    
38          11          1.28        300         0.107317    0.82373     0.8413      0.439573    
38          12          1.28        90          0.388662    0.999755    0.719436    0.399739    
38          13          3.84        120         0.707909    0.728393    0.85262     0.544271    
38          14          2.56        270         0.290671    0.261178    0.768871    0.725032    
38          15          3.84        330         0.214763    0.653643    0.845678    0.602669    
38          16          1.28        30          0.596712    0.705415    0.681852    0.603175    
38          17          1.92        300         0.225366    0.313234    0.894326    0.756887    
38          18          7.68        180         0.94434     0.940756    0.125579    0.114013    
38          19          3.84        330         0.2159      0.449359    0.896954    0.654241    
38          20          3.84        330         0.100476    0.557211    0.944596    0.704385    
38          21          1.92        180         0.536454    0.691024    0.703672    0.504939    
38          22          1.28        300         0.0259319   0.191461    0.917786    0.907875    
38          23          0.96        0           0.420266    0.0176971   0.840694    0.911835    
38          24          1.92        30          0.102172    0.531699    0.961064    0.612452    
38          25          2.56        0           0.403586    0.265375    0.90198     0.78305     
38          26          1.92        300         0.342698    0.332736    0.773001    0.819952    
38          27          1.92        0           0.659911    0.786158    0.332778    0.448345    
38          28          0.96        60          0.312642    0.384564    0.814155    0.822399    
38          29          3.84        180         0.140624    0.569665    0.845703    0.672904    
38          30          1.92        180         0.0868142   0.26218     0.828442    0.809065    
38          31          0.96        30          0.267083    0.345221    0.939986    0.824079    
38          32          1.28        300         0.600553    1           0.594955    0.386692    
38          33          2.56        180         0.449473    0.795767    0.78653     0.564551    
38          34          2.56        0           0.527865    0.755067    0.746643    0.486637    
38          35          1.92        210         0.0288118   0.796891    0.972056    0.508602    
38          36          2.56        30          0.392116    0.167006    0.750593    0.764708    
38          37          1.28        90          0.282422    0.157866    0.914424    0.858282    
38          38          2.56        0           0.0209476   0.764184    0.966646    0.57575     
38          39          1.28        330         0.0323361   0.4679      0.817454    0.719424    
38          40          3.84        330         0.908631    0.267386    0.917791    0.86986     
38          41          1.28        0           0.107627    0.826711    0.898878    0.492213    
38          42          1.92        0           0.0959325   0.340871    0.848986    0.807325    
38          43          1.28        330         0.103077    0.608191    0.841599    0.635518    
38          44          3.84        330         0.3024      0.867033    0.757137    0.498397    
38          45          3.84        330         0.510699    0.522072    0.919403    0.729417    
38          46          3.84        180         0.146872    0.927731    0.931545    0.279788    
38          47          1.92        180         0.538364    0.253514    0.788392    0.742446    
38          48          1.28        0           0.664835    0.346456    0.61405     0.712331    
38          49          3.84        330         0.380549    0.383155    0.864355    0.759604    
38          50          3.84        210         0.320774    0.525892    0.927255    0.726979    
38          51          2.56        0           0.218534    0.473505    0.923438    0.73588     
38          52          1.92        300         0.219855    0.487871    0.700534    0.784256    
38          53          2.56        330         0.147405    1           0.893444    0.321958    
38          54          1.28        30          0.978995    1           0.585401    0.642673    
38          55          3.84        180         0.115607    1           0.89141     0.348441    
38          56          2.56        330         0.148127    0.806825    0.92373     0.440636    
38          57          3.84        180         0.179055    0.888223    0.948002    0.270726    
38          58          3.84        180         0.187963    0.247145    0.927862    0.794561    
38          59          2.56        240         0.466763    0.739986    0.882551    0.472242    
38          60          2.56        330         0.0930973   0.499186    0.89042     0.507656    
38          61          5.12        180         0.256668    0.833056    0.785146    0.347303    
38          62          2.56        330         0.052942    0.978437    0.890531    0.197448    
38          63          2.56        330         0.244178    0.886416    0.808663    0.423063    
38          64          2.56        0           0.24882     0.354194    0.863436    0.73745     
38          65          1.92        210         0.498195    0.555447    0.876487    0.676964    
38          66          3.84        210         0.380306    0.408459    0.781945    0.699096    
38          67          2.56        330         0.116174    0.907       0.955886    0.407307    
38          68          3.84        330         0.0436283   0.937405    0.92339     0.617073    
38          69          2.56        0           0.165871    -0.0351192  0.931346    0.879929    
38          70          2.56        0           0.424239    0.443615    0.797559    0.733384    
38          71          3.84        330         0.688693    0.654983    0.496326    0.481694    
38          72          3.84        210         0.315227    0.938254    0.848135    0.446202    
38          73          2.56        0           0.0359268   0.444923    0.883885    0.71003     
38          74          2.56        150         0.0615002   1           0.784863    0.567122    
38          75          2.56        330         0.199485    0.922882    0.850205    0.323047    
38          76          2.56        330         0.253838    0.613758    0.909679    0.623776    
38          77          1.92        300         1           0.643559    0.879367    0.80438     
38          78          2.56        330         0.100399    0.870914    0.876239    0.561276    
38          79          5.12        180         1           0.187029    0.808416    0.676202    
38          80          3.84        150         0.541385    0.282182    0.831657    0.796788    
38          81          1.92        330         0.211368    0.795467    0.656033    0.464214    
38          82          1.92        180         0.226146    0.795718    0.910084    0.521235    
38          83          2.56        0           0.701014    0.687914    0.685515    0.425793    
38          84          3.84        330         0.156505    0.492475    0.93625     0.717113    
38          85          5.12        330         0.717887    0.973652    0.311241    0.292902    
38          86          3.84        330         0.121176    0.568649    0.96057     0.449378    
38          87          2.56        330         0.827853    1           0.645527    0.49017     
38          88          1.92        330         0.764358    1           0.469725    0.352665    
38          89          0.64        240         0.717563    1           0.473083    0.644599    
38          90          3.84        210         0.649892    0.705974    0.681677    0.426459    
38          91          1.92        0           0.73207     0.487717    0.768103    0.673121    
38          92          7.68        180         0.443915    0.916012    0.635216    0.396044    
38          93          10.24       270         0.448401    0.592292    0.96068     0.743878    
38          94          1.92        270         1           0.410724    0.541524    0.877726    
38          95          5.12        330         0.00372586  0.821682    0.762886    0.493956    
38          96          1.28        150         0.634408    0.349706    0.621312    0.586403    
38          97          10.24       270         1           1           0.237867    0.309689    
38          98          0.64        210         0.11946     0.0833639   0.816781    0.957165    
38          99          2.56        120         0.100645    0.407255    0.894686    0.669406    
38          100         3.84        180         1           0.388638    0.602206    0.878198    
38          101         3.84        330         0.595213    1           0.790307    0.254903    
38          102         2.56        0           0.686533    0.37948     0.761847    0.647503    
38          103         7.68        300         0.448755    0.659664    0.902691    0.565808    
38          104         1.28        120         0.628386    0.630811    0.704567    0.676641    
38          105         1.92        60          0.802897    0.223751    0.886388    0.773906    
38          106         3.84        330         0.35903     0.716058    0.874627    0.534802    
38          107         10.24       210         1           0.432556    0.245737    0.584935    
38          108         1.92        60          0.571285    0.393233    0.835029    0.763337    
38          109         5.12        180         0.264514    0.939234    0.80313     0.195472    
38          110         3.84        240         0.549707    0.693123    0.668012    0.689206    
38          111         2.56        210         0.965045    1           0.797454    0.58738     
38          112         2.56        240         0.244481    0.956229    0.827815    0.398419    
38          113         2.56        0           1           0.242167    0.60287     0.848912    
38          114         7.68        210         1           0.745148    0.534441    0.644622    
38          115         3.84        210         1           0.541572    0.426123    0.656583    
38          116         0.64        300         0.539881    1           0.799152    0.758771    
38          117         2.56        240         0.12064     1           0.836887    0.174906    
38          118         7.68        300         0.458238    0.754738    0.838103    0.665681    
38          119         3.84        240         0.703697    1           0.76042     0.283021    
38          120         2.56        240         0.203038    0.916141    0.740512    0.276504    
38          121         7.68        180         1           0.882494    0.781212    0.521282    
38          122         0.96        0           1           0.89015     0.496908    0.60363     
38          123         1.92        210         0.805768    0.745643    0.726931    0.91814     
38          124         7.68        300         1           0.480334    0.53705     0.871838    
38          125         3.84        330         1           0.838712    0.230008    0.63935     
38          126         2.56        240         0.107606    0.792459    0.827144    0.425891    
38          127         1.28        180         1           0.332105    0.469097    0.715438    
38          128         2.56        240         0.494627    0.670929    0.612495    0.455867    
38          129         7.68        240         0.104791    0.749972    0.744698    0.387855    
38          130         1.92        330         0.874209    0.882055    0.51694     0.27902     
38          131         0.64        330         0.837679    0.523088    0.313526    0.477096    
38          132         0.96        0           1           0.730404    0.337401    0.557661    
38          133         3.84        240         0.733453    1           0.381506    0.363099    
