site           roi   direction          sf
------------------------------------------
2.0            0.0       300.0      3.5401
2.0            1.0       300.0      3.6515
2.0            2.0         0.0      3.7664
2.0            3.0         0.0      2.4035
2.0            4.0       180.0      5.3783
2.0            5.0       300.0      3.4857
2.0            6.0        60.0      1.7361
2.0            7.0       300.0      3.2763
2.0            8.0         0.0      3.9455
2.0            9.0       120.0      2.5571
2.0           10.0       270.0       2.597
2.0           11.0         0.0      5.4622
2.0           12.0       300.0      2.7206
2.0           13.0       120.0       1.582
2.0           14.0       150.0      2.7206
2.0           15.0       330.0      2.6376
2.0           16.0       120.0       2.597
2.0           17.0       240.0      3.8252
2.0           18.0       270.0       2.597
2.0           19.0       120.0      2.6376
2.0           20.0       300.0      3.7085
2.0           21.0       270.0      2.6376
2.0           22.0        30.0      1.7632
2.0           23.0       150.0      3.6515
2.0           24.0       270.0      2.5571
2.0           25.0       270.0      0.8919
2.0           26.0         0.0      2.8944
2.0           27.0       330.0      1.7632
2.0           28.0       270.0       2.597
2.0           29.0         0.0      3.2259
2.0           30.0        30.0      3.3274
2.0           31.0        30.0      3.4321
2.0           32.0       300.0      3.5401
2.0           33.0       150.0        7.68
2.0           34.0       270.0      2.5571
2.0           35.0       120.0      4.0071
2.0           36.0       210.0      2.6376
2.0           37.0       330.0      3.8849
2.0           38.0       120.0      2.7206
2.0           39.0       300.0      3.2259
2.0           40.0       120.0       2.763
2.0           41.0         0.0      4.1332
2.0           42.0       330.0      2.5571
2.0           43.0       330.0      2.6376
2.0           44.0       330.0      3.3794
2.0           45.0       330.0       2.441
2.0           46.0        30.0      1.9651
2.0           47.0       270.0        7.68
2.0           48.0       120.0        7.68
2.0           49.0         0.0      3.3274
2.0           50.0        30.0      1.3137
2.0           51.0         0.0      0.8514
2.0           52.0        30.0      3.7085
2.0           53.0       150.0      4.3298
2.0           54.0        30.0      4.0697
2.0           55.0         0.0      5.6341
2.0           56.0       210.0      2.3302
2.0           57.0         0.0      4.0697
2.0           58.0         0.0      3.8849
2.0           59.0       150.0      3.7664
2.0           60.0       210.0      2.0586
2.0           61.0         0.0      4.0071
2.0           62.0       330.0       2.597
2.0           63.0       240.0       2.441
2.0           64.0       210.0      3.8252
2.0           65.0         0.0      4.8256
2.0           66.0         0.0      1.9958
2.0           67.0       180.0      1.1606
2.0           68.0         0.0      4.0071
2.0           69.0        30.0      3.6515
2.0           70.0       330.0      2.9396
2.0           71.0        30.0      3.7664
2.0           72.0       150.0      2.9855
2.0           73.0       150.0      4.3298
2.0           74.0       240.0      1.8759
2.0           75.0       150.0      5.0552
2.0           76.0       150.0      4.6784
2.0           77.0       150.0      2.8062
2.0           78.0       330.0      3.0321
2.0           79.0       330.0      4.1332
2.0           80.0       150.0      4.0071
2.0           81.0       180.0      5.1341
2.0           82.0       330.0        7.68
2.0           83.0       180.0      5.8113
2.0           84.0         0.0      7.1077
2.0           85.0       120.0      3.4857
2.0           86.0       150.0      4.6784
2.0           87.0       150.0      4.9775
2.0           88.0       150.0      6.4769
2.0           89.0       150.0      5.9942
2.0           90.0       330.0        7.68
2.0           91.0       150.0        7.68
2.0           92.0       240.0      3.8252
2.0           93.0        30.0      5.1341
2.0           94.0       150.0      5.8113
2.0           95.0        30.0      4.1332
2.0           96.0       150.0        7.68
2.0           97.0       180.0      6.0878
2.0           98.0       180.0        7.68
2.0           99.0       120.0      4.3974
2.0          100.0       330.0        7.68
2.0          101.0       150.0      5.2142
2.0          102.0        30.0      4.1332
2.0          103.0       330.0        7.68
2.0          104.0       120.0        7.68
2.0          105.0       180.0        7.68
2.0          106.0       330.0        7.68
2.0          107.0       330.0        7.68
2.0          108.0       240.0       4.901
2.0          109.0       330.0        7.68
2.0          110.0       150.0        7.68
2.0          111.0       330.0        7.68
2.0          112.0       120.0        7.68
2.0          113.0       330.0        7.68
2.0          114.0       300.0        7.68
2.0          115.0       150.0        7.68
2.0          116.0       240.0      3.9455
2.0          117.0       240.0        7.68
2.0          118.0       330.0        7.68
2.0          119.0       240.0      3.8849
2.0          120.0       240.0      3.9455
2.0          121.0       240.0      4.1977
2.0          122.0       330.0        7.68
2.0          123.0       120.0        7.68
2.0          124.0       330.0        7.68
2.0          125.0       330.0        7.68
2.0          126.0       120.0        7.68
2.0          127.0        90.0        7.68
2.0          128.0       150.0       4.901
2.0          129.0         0.0        7.68
2.0          130.0       240.0      4.9775
2.0          131.0       330.0        7.68
2.0          132.0       240.0      6.7849
2.0          133.0       240.0      5.8113
2.0          134.0       330.0        7.68
2.0          135.0        90.0      5.6341
2.0          136.0        90.0      3.6515
2.0          137.0       240.0      2.7206
2.0          138.0       240.0      4.7515
2.0          139.0       120.0      3.9455
2.0          140.0       240.0        7.68
2.0          141.0       240.0        7.68
2.0          142.0        90.0        7.68
2.0          143.0       240.0      6.9984
2.0          144.0       210.0        7.68
2.0          145.0       150.0      0.6343
2.0          146.0       300.0      0.8514
3.0            0.0        60.0       3.684
3.0            1.0       270.0      1.6464
3.0            2.0       300.0      2.7026
3.0            3.0         0.0      3.6274
3.0            4.0       300.0      3.2046
3.0            5.0       120.0        0.64
3.0            6.0        60.0      3.6274
3.0            7.0       120.0      4.6476
3.0            8.0       300.0      2.6202
3.0            9.0       150.0      2.3509
3.0           10.0        30.0       1.285
3.0           11.0       330.0      2.5799
3.0           12.0       300.0      2.2442
3.0           13.0       210.0      4.8686
3.0           14.0       240.0      2.2097
3.0           15.0       300.0      2.5403
3.0           16.0       300.0      2.1094
3.0           17.0       330.0       2.045
3.0           18.0       330.0      2.9202
3.0           19.0       270.0       10.24
3.0           20.0       300.0      2.4628
3.0           21.0       300.0      2.7026
3.0           22.0         0.0      1.9222
3.0           23.0       300.0      1.9222
3.0           24.0       300.0      1.9826
3.0           25.0       300.0      2.3148
3.0           26.0       300.0      2.4249
3.0           27.0       330.0      1.3671
3.0           28.0         0.0      2.6202
3.0           29.0       240.0      1.8349
3.0           30.0       210.0      5.1002
3.0           31.0       300.0       2.045
3.0           32.0       300.0       2.045
3.0           33.0       150.0        0.64
3.0           34.0       150.0      0.9282
3.0           35.0       330.0      2.5012
3.0           36.0         0.0      5.1002
3.0           37.0       180.0       7.171
3.0           38.0       150.0      5.1798
3.0           39.0         0.0      1.4545
3.0           40.0       150.0      6.8454
3.0           41.0        30.0      1.4321
3.0           42.0       300.0       10.24
3.0           43.0       150.0      2.5799
3.0           44.0         0.0      4.2351
3.0           45.0       210.0      2.6611
3.0           46.0         0.0      4.5058
3.0           47.0       180.0      2.5799
3.0           48.0       180.0      2.3876
3.0           49.0       210.0      1.8635
3.0           50.0         0.0      4.6476
3.0           51.0         0.0      4.5761
3.0           52.0       210.0      5.3428
3.0           53.0       150.0      5.2607
3.0           54.0         0.0      1.9522
3.0           55.0       240.0      2.2097
3.0           56.0       150.0       3.684
3.0           57.0       180.0      5.3428
3.0           58.0       150.0      2.2792
3.0           59.0       330.0      5.4262
3.0           60.0         0.0      4.4366
3.0           61.0         0.0       10.24
3.0           62.0       330.0      2.7026
3.0           63.0       150.0      3.8593
3.0           64.0       150.0      4.6476
3.0           65.0       150.0      2.1757
3.0           66.0       120.0      2.8754
3.0           67.0       150.0        4.17
3.0           68.0       330.0      5.5969
3.0           69.0       150.0      4.7938
3.0           70.0       150.0      4.9446
3.0           71.0       330.0      6.3353
3.0           72.0       150.0      2.8312
3.0           73.0       330.0      6.9523
3.0           74.0       150.0      2.8754
3.0           75.0       210.0      5.2607
3.0           76.0       210.0      4.7938
3.0           77.0       150.0       10.24
3.0           78.0        30.0      2.9658
3.0           79.0       150.0      5.2607
3.0           80.0       180.0       8.117
3.0           81.0       150.0      3.7415
3.0           82.0       150.0       10.24
3.0           83.0       180.0      7.3966
3.0           84.0         0.0       10.24
3.0           85.0       150.0      4.5058
3.0           86.0       210.0      7.8694
3.0           87.0       120.0       10.24
3.0           88.0       150.0      5.1798
3.0           89.0       150.0       10.24
3.0           90.0       300.0      7.8694
3.0           91.0       300.0       10.24
3.0           92.0         0.0       10.24
3.0           93.0       300.0      3.3571
3.0           94.0       240.0      6.4342
3.0           95.0       150.0       10.24
3.0           96.0        60.0      3.7999
3.0           97.0       150.0      5.2607
3.0           98.0       120.0       10.24
3.0           99.0       150.0      7.7485
3.0          100.0         0.0       10.24
3.0          101.0       210.0      5.5109
3.0          102.0       300.0      9.3312
3.0          103.0       240.0      6.5346
3.0          104.0       210.0      5.0218
3.0          105.0        90.0      5.2607
3.0          106.0       330.0       10.24
3.0          107.0       330.0       10.24
3.0          108.0       150.0      7.9923
3.0          109.0       150.0       10.24
3.0          110.0       240.0      4.0428
3.0          111.0       150.0       10.24
3.0          112.0        60.0      3.7415
3.0          113.0       240.0       7.171
3.0          114.0         0.0       10.24
3.0          115.0       150.0      7.7485
3.0          116.0       240.0       7.283
3.0          117.0       300.0      8.2437
3.0          118.0       210.0       10.24
3.0          119.0        60.0      3.7999
3.0          120.0       300.0       10.24
3.0          121.0         0.0       10.24
3.0          122.0       300.0       10.24
3.0          123.0        90.0      3.7415
3.0          124.0       150.0      7.8694
3.0          125.0         0.0       10.24
3.0          126.0       300.0       10.24
3.0          127.0       240.0       7.283
3.0          128.0       210.0       10.24
3.0          129.0         0.0       10.24
4.0            0.0        60.0      3.4095
4.0            1.0       270.0      3.1069
4.0            2.0       240.0      3.1554
4.0            3.0       270.0      3.3055
4.0            4.0       240.0      3.3055
4.0            5.0       270.0      3.1069
4.0            6.0       180.0      5.2607
4.0            7.0       240.0      3.4627
4.0            8.0       120.0      8.3724
4.0            9.0       240.0      3.1069
4.0           10.0       120.0      2.7026
4.0           11.0       120.0      2.9202
4.0           12.0       330.0      1.9222
4.0           13.0        60.0      1.8349
4.0           14.0       300.0      2.9658
4.0           15.0       180.0      0.9282
4.0           16.0       240.0      3.4627
4.0           17.0       330.0      1.8635
4.0           18.0       150.0      1.8349
4.0           19.0        30.0      2.7876
4.0           20.0         0.0      0.8999
4.0           21.0       240.0      3.3571
4.0           22.0       240.0      3.5716
4.0           23.0       300.0      3.5168
4.0           24.0       240.0      3.0591
4.0           25.0         0.0        0.64
4.0           26.0       240.0      3.2046
4.0           27.0       120.0      2.6611
4.0           28.0        30.0      2.5403
4.0           29.0        60.0      3.4095
4.0           30.0       270.0        0.64
4.0           31.0       150.0      1.8635
4.0           32.0       330.0      2.2097
4.0           33.0       180.0      2.7448
4.0           34.0       120.0      2.6611
4.0           35.0       120.0      2.7448
4.0           36.0       150.0      1.8349
4.0           37.0       240.0      3.5168
4.0           38.0        30.0      3.3571
4.0           39.0       120.0      2.7026
4.0           40.0        30.0      1.4321
4.0           41.0       150.0      1.3671
4.0           42.0        30.0      2.5799
4.0           43.0       300.0      5.9547
4.0           44.0       210.0      1.9222
4.0           45.0        60.0      1.8349
4.0           46.0       240.0       10.24
4.0           47.0       120.0      2.8312
4.0           48.0       240.0      3.6274
4.0           49.0        30.0      2.5799
4.0           50.0       180.0      3.1554
4.0           51.0        30.0      2.7026
4.0           52.0       180.0      3.5716
4.0           53.0       180.0      4.5058
4.0           54.0       330.0      2.5012
4.0           55.0       330.0      1.6721
4.0           56.0       150.0      1.8635
4.0           57.0        30.0      2.7026
4.0           58.0       330.0      4.1059
4.0           59.0        30.0      2.6202
4.0           60.0       180.0      5.1002
4.0           61.0        30.0      2.6611
4.0           62.0         0.0      2.7026
4.0           63.0        30.0      2.6611
4.0           64.0        30.0      2.7448
4.0           65.0       330.0       10.24
4.0           66.0       330.0      5.1002
4.0           67.0       180.0      5.0218
4.0           68.0        60.0      1.8926
4.0           69.0         0.0      2.7876
4.0           70.0         0.0      5.5109
4.0           71.0       330.0      4.7938
4.0           72.0         0.0      2.7448
4.0           73.0         0.0      2.5799
4.0           74.0         0.0      2.7448
4.0           75.0        30.0      2.6202
4.0           76.0       180.0      5.0218
4.0           77.0        60.0      1.7789
4.0           78.0         0.0      3.2046
4.0           79.0       150.0      3.3571
4.0           80.0       120.0      2.7026
4.0           81.0        30.0      2.6611
4.0           82.0       180.0      3.8593
4.0           83.0       330.0      5.2607
4.0           84.0       150.0      1.8349
4.0           85.0       180.0      4.8686
4.0           86.0       330.0      5.1798
4.0           87.0       330.0      4.8686
4.0           88.0       150.0      1.4772
4.0           89.0       150.0      3.7999
4.0           90.0       180.0      5.0218
4.0           91.0       330.0      4.5761
4.0           92.0       330.0      4.5761
4.0           93.0       240.0      3.6274
4.0           94.0       330.0      5.2607
4.0           95.0       180.0      4.9446
4.0           96.0       150.0       3.684
4.0           97.0       330.0      5.2607
4.0           98.0       330.0      4.9446
4.0           99.0       180.0       5.773
4.0          100.0       330.0      5.1798
4.0          101.0       180.0      5.4262
4.0          102.0       330.0      5.2607
4.0          103.0       330.0      5.3428
4.0          104.0       330.0      4.8686
4.0          105.0       180.0      4.8686
4.0          106.0        30.0      5.1002
4.0          107.0       180.0      4.8686
4.0          108.0       150.0       10.24
4.0          109.0        30.0      4.8686
4.0          110.0       330.0       10.24
4.0          111.0       180.0      5.1798
4.0          112.0       180.0      4.9446
4.0          113.0       150.0      3.8593
4.0          114.0         0.0       8.117
4.0          115.0        30.0      5.1002
4.0          116.0       210.0      3.7415
4.0          117.0       180.0       10.24
4.0          118.0       120.0      7.7485
4.0          119.0       330.0       10.24
4.0          120.0       330.0      5.2607
4.0          121.0       330.0       10.24
4.0          122.0       330.0      6.7402
4.0          123.0       240.0      3.6274
4.0          124.0       330.0       10.24
4.0          125.0         0.0       10.24
4.0          126.0       330.0       10.24
4.0          127.0        90.0      2.3509
4.0          128.0         0.0      7.7485
4.0          129.0       150.0       10.24
4.0          130.0        30.0      2.9202
4.0          131.0       330.0       10.24
4.0          132.0         0.0      7.7485
4.0          133.0       120.0      2.3509
4.0          134.0       180.0       10.24
4.0          135.0       330.0       10.24
4.0          136.0       180.0      5.2607
4.0          137.0       240.0       3.684
4.0          138.0        60.0      2.9658
4.0          139.0       240.0      3.5716
4.0          140.0       330.0       10.24
4.0          141.0       240.0      3.8593
4.0          142.0       240.0      3.6274
4.0          143.0       120.0       10.24
4.0          144.0        60.0      3.2547
4.0          145.0       120.0       10.24
4.0          146.0       240.0       3.684
4.0          147.0       240.0      3.7415
4.0          148.0        60.0      3.5168
4.0          149.0       240.0      3.7999
4.0          150.0       240.0       3.684
4.0          151.0       240.0       3.684
4.0          152.0       150.0      3.5716
4.0          153.0       240.0      7.5121
4.0          154.0       330.0       10.24
4.0          155.0        30.0      6.2379
4.0          156.0       240.0      3.7415
4.0          157.0       240.0      3.8593
4.0          158.0        60.0      3.7415
4.0          159.0       240.0      3.5716
5.0            0.0       240.0      3.2046
5.0            1.0       300.0      3.1554
5.0            2.0       240.0      2.5012
5.0            3.0        90.0      2.6611
5.0            4.0        60.0      2.4249
5.0            5.0       270.0      2.6611
5.0            6.0       300.0      3.3055
5.0            7.0       330.0      3.7415
5.0            8.0       300.0      2.5012
5.0            9.0        90.0      1.8926
5.0           10.0        90.0      1.4101
5.0           11.0       300.0      2.7876
5.0           12.0        60.0      2.7026
5.0           13.0       120.0      3.3571
5.0           14.0       210.0      3.4627
5.0           15.0       240.0      3.5716
5.0           16.0       330.0      2.1423
5.0           17.0       180.0      4.8686
5.0           18.0       210.0      2.5403
5.0           19.0       270.0      2.5403
5.0           20.0        60.0      2.5799
5.0           21.0       120.0      1.9522
5.0           22.0       180.0      2.7876
5.0           23.0       180.0      2.6202
5.0           24.0       210.0      1.5237
5.0           25.0       150.0      3.2547
5.0           26.0       210.0      1.5474
5.0           27.0       210.0      2.7448
5.0           28.0         0.0      3.6274
5.0           29.0       180.0      3.7415
5.0           30.0         0.0      4.7201
5.0           31.0        30.0      2.3509
5.0           32.0        30.0      2.7448
5.0           33.0       180.0      3.4095
5.0           34.0       210.0      2.6202
5.0           35.0       180.0      3.1069
5.0           36.0       180.0      3.3055
5.0           37.0       180.0      3.9807
5.0           38.0       210.0      3.3055
5.0           39.0        30.0      1.7516
5.0           40.0       300.0      2.5403
5.0           41.0       210.0      2.5799
5.0           42.0       180.0      3.4627
5.0           43.0       330.0      2.8312
5.0           44.0         0.0      4.9446
5.0           45.0        60.0      2.6611
5.0           46.0         0.0      5.3428
5.0           47.0       210.0      1.3254
5.0           48.0       150.0      3.0121
5.0           49.0       330.0      2.0136
5.0           50.0       210.0      3.4627
5.0           51.0       210.0      5.3428
5.0           52.0         0.0      4.4366
5.0           53.0         0.0      4.4366
5.0           54.0       180.0      3.8593
5.0           55.0       210.0      2.3876
5.0           56.0       210.0      3.5168
5.0           57.0       240.0      2.9202
5.0           58.0         0.0      3.4627
5.0           59.0       330.0      3.6274
5.0           60.0         0.0      4.3684
5.0           61.0       210.0      3.2046
5.0           62.0       330.0      3.4095
5.0           63.0       330.0      2.7448
5.0           64.0       330.0      2.5403
5.0           65.0       180.0      4.5058
5.0           66.0        30.0      2.6611
5.0           67.0       210.0      2.9658
5.0           68.0       330.0      3.6274
5.0           69.0       330.0      2.1094
5.0           70.0       330.0      2.9658
5.0           71.0         0.0        4.17
5.0           72.0         0.0      2.9202
5.0           73.0       180.0      4.6476
5.0           74.0       330.0      3.2547
5.0           75.0       330.0      3.7415
5.0           76.0       180.0      5.0218
5.0           77.0       330.0      3.7999
5.0           78.0       180.0      4.5058
5.0           79.0       180.0      5.0218
5.0           80.0       180.0      2.3509
5.0           81.0       180.0       6.142
5.0           82.0       180.0      4.8686
5.0           83.0       180.0      5.1798
5.0           84.0       180.0      5.0218
5.0           85.0       330.0      2.9202
5.0           86.0       180.0      5.1002
5.0           87.0       180.0      3.5168
5.0           88.0       210.0      2.6611
5.0           89.0       330.0      3.2547
5.0           90.0       150.0      6.3353
5.0           91.0       330.0      3.9807
5.0           92.0       180.0      2.5012
5.0           93.0       180.0      5.1798
5.0           94.0       180.0      5.1798
5.0           95.0       330.0      7.5121
5.0           96.0       180.0      5.1002
5.0           97.0       330.0      6.9523
5.0           98.0       150.0      4.7201
5.0           99.0       180.0       10.24
5.0          100.0       330.0      3.5716
5.0          101.0       330.0      3.8593
5.0          102.0       180.0        0.64
5.0          103.0       330.0       10.24
5.0          104.0       150.0      0.9574
5.0          105.0       210.0      5.0218
5.0          106.0       180.0      6.7402
5.0          107.0       210.0      3.4627
5.0          108.0       210.0      3.5716
5.0          109.0       330.0      3.3055
5.0          110.0       330.0       5.773
5.0          111.0       180.0      2.9658
5.0          112.0        30.0      3.3571
5.0          113.0        90.0      2.5799
5.0          114.0       210.0      3.5716
5.0          115.0       330.0       10.24
5.0          116.0       270.0      2.5403
5.0          117.0       330.0       10.24
5.0          118.0       180.0       10.24
5.0          119.0         0.0        0.64
5.0          120.0       210.0      2.7026
5.0          121.0       240.0      2.6611
5.0          122.0       240.0      2.5403
5.0          123.0       300.0      3.2046
5.0          124.0       240.0      3.1069
5.0          125.0       330.0       10.24
5.0          126.0       180.0      5.3428
5.0          127.0        60.0      3.3055
5.0          128.0       240.0      3.8593
5.0          129.0       240.0      2.9658
5.0          130.0         0.0      5.4262
5.0          131.0         0.0      5.1002
5.0          132.0        30.0      1.3461
5.0          133.0       240.0      3.4095
5.0          134.0       240.0      3.1069
5.0          135.0       240.0      7.5121
5.0          136.0       240.0      3.3055
5.0          137.0        60.0      2.7026
5.0          138.0       150.0      0.9574
5.0          139.0       240.0      3.4095
5.0          140.0       180.0       10.24
5.0          141.0       240.0      3.4627
5.0          142.0       210.0      2.5012
5.0          143.0        60.0      2.6611
5.0          144.0       240.0      3.2046
5.0          145.0       150.0       10.24
5.0          146.0       330.0       10.24
5.0          147.0       210.0      2.7026
5.0          148.0        90.0      2.5799
6.0            0.0       240.0      4.7201
6.0            1.0       330.0      2.5403
6.0            2.0       270.0      2.9202
6.0            3.0       300.0      2.6202
6.0            4.0       210.0      3.2547
6.0            5.0       210.0      3.1069
6.0            6.0         0.0      1.4772
6.0            7.0         0.0      2.7026
6.0            8.0       120.0      2.8312
6.0            9.0       270.0      1.7516
6.0           10.0       120.0      3.0121
6.0           11.0       330.0      4.3684
6.0           12.0       330.0      3.9195
6.0           13.0       330.0      2.6202
6.0           14.0       120.0      3.5168
6.0           15.0       330.0      5.1002
6.0           16.0       240.0      2.4249
6.0           17.0        30.0      4.9446
6.0           18.0       240.0      1.9826
6.0           19.0         0.0       2.045
6.0           20.0       330.0      4.7938
6.0           21.0       300.0      1.9222
6.0           22.0         0.0      4.8686
6.0           23.0       180.0      3.7415
6.0           24.0        30.0      2.7448
6.0           25.0        30.0      1.7247
6.0           26.0         0.0      2.6611
6.0           27.0       270.0      2.3876
6.0           28.0       180.0       10.24
6.0           29.0       210.0      2.6202
6.0           30.0       180.0      3.7999
6.0           31.0       210.0      2.3876
6.0           32.0        30.0      3.7999
6.0           33.0         0.0      2.7448
6.0           34.0       180.0      4.3684
6.0           35.0         0.0      4.7938
6.0           36.0       330.0      5.0218
6.0           37.0       210.0       1.285
6.0           38.0        30.0      3.6274
6.0           39.0         0.0      2.6611
6.0           40.0       180.0      3.6274
6.0           41.0       210.0      2.8312
6.0           42.0         0.0      1.8635
6.0           43.0       180.0      3.9195
6.0           44.0         0.0      2.8312
6.0           45.0         0.0      4.4366
6.0           46.0         0.0      2.8312
6.0           47.0       210.0      2.7026
6.0           48.0        30.0      2.5799
6.0           49.0        90.0      2.9202
6.0           50.0       330.0      2.5012
6.0           51.0       180.0      4.9446
6.0           52.0       330.0      3.3055
6.0           53.0       180.0      5.0218
6.0           54.0       180.0      4.9446
6.0           55.0        30.0      5.5969
6.0           56.0       180.0        4.17
6.0           57.0       180.0      4.3684
6.0           58.0       330.0      3.6274
6.0           59.0       210.0      3.4095
6.0           60.0       180.0      4.3012
6.0           61.0         0.0      2.7876
6.0           62.0       180.0      4.7938
6.0           63.0       150.0       7.171
6.0           64.0       180.0      4.6476
6.0           65.0       330.0      5.1002
6.0           66.0       180.0      4.7938
6.0           67.0       330.0      2.8754
6.0           68.0       330.0      4.3684
6.0           69.0       180.0      5.1798
6.0           70.0       180.0      4.6476
6.0           71.0       150.0      5.5109
6.0           72.0       150.0      5.1002
6.0           73.0       180.0      4.9446
6.0           74.0       180.0       5.773
6.0           75.0       180.0       10.24
6.0           76.0       180.0      4.5761
6.0           77.0       180.0      4.7201
6.0           78.0       330.0       10.24
6.0           79.0       150.0      6.8454
6.0           80.0       180.0       10.24
6.0           81.0       180.0      4.9446
6.0           82.0       180.0      4.3684
6.0           83.0       150.0      8.2437
6.0           84.0       180.0      5.2607
6.0           85.0        30.0      5.1798
6.0           86.0       330.0       10.24
6.0           87.0       330.0       10.24
6.0           88.0       330.0       10.24
6.0           89.0       180.0      1.9222
6.0           90.0       180.0       10.24
6.0           91.0       180.0      5.0218
6.0           92.0       330.0       10.24
6.0           93.0       180.0       10.24
6.0           94.0         0.0       10.24
6.0           95.0       120.0      7.5121
6.0           96.0       330.0       10.24
6.0           97.0       120.0      7.7485
6.0           98.0       180.0       10.24
6.0           99.0       120.0      7.7485
6.0          100.0       330.0       10.24
6.0          101.0       210.0      2.9202
6.0          102.0       210.0      3.0121
6.0          103.0       240.0      3.9807
6.0          104.0       120.0       7.283
6.0          105.0       120.0      8.2437
6.0          106.0       240.0      3.0121
6.0          107.0       210.0      3.3055
6.0          108.0       180.0       10.24
6.0          109.0       240.0      3.0121
6.0          110.0       120.0      7.9923
6.0          111.0       180.0       10.24
6.0          112.0         0.0       6.142
6.0          113.0       210.0      2.8754
6.0          114.0       120.0       6.142
6.0          115.0       240.0      4.5058
6.0          116.0       240.0      4.7201
6.0          117.0        60.0      2.7448
6.0          118.0       120.0      7.7485
6.0          119.0       270.0      5.1798
6.0          120.0       240.0      5.3428
6.0          121.0       180.0       10.24
6.0          122.0       180.0       10.24
6.0          123.0       180.0       10.24
6.0          124.0       240.0      4.7201
6.0          125.0       180.0       10.24
6.0          126.0       330.0       10.24
6.0          127.0       330.0       10.24
6.0          128.0       240.0      2.7448
6.0          129.0       240.0      7.3966
6.0          130.0       240.0      3.0121
6.0          131.0       240.0      5.0218
6.0          132.0       240.0      5.0218
6.0          133.0       330.0       10.24
6.0          134.0       240.0      4.5058
6.0          135.0        60.0      3.6274
6.0          136.0       330.0       10.24
6.0          137.0       330.0       10.24
6.0          138.0       240.0      5.1798
6.0          139.0       180.0       10.24
6.0          140.0         0.0       10.24
6.0          141.0       240.0      3.1069
6.0          142.0       240.0      3.9195
6.0          143.0       240.0      5.0218
6.0          144.0       210.0      7.8694
6.0          145.0       180.0      7.8694
6.0          146.0       240.0      6.0476
6.0          147.0       240.0      4.7938
6.0          148.0       240.0       6.142
6.0          149.0       210.0       10.24
6.0          150.0         0.0      5.5969
6.0          151.0       240.0      2.9202
7.0            0.0        60.0      3.3571
7.0            1.0        60.0      3.4627
7.0            2.0       150.0      3.9807
7.0            3.0       240.0      3.9195
7.0            4.0       270.0      2.9658
7.0            5.0       330.0      2.9658
7.0            6.0       150.0      4.7201
7.0            7.0       300.0      2.5403
7.0            8.0       210.0      3.5716
7.0            9.0       120.0      3.3055
7.0           10.0       300.0      3.2547
7.0           11.0       120.0      3.4627
7.0           12.0       240.0      2.1757
7.0           13.0       270.0      1.9826
7.0           14.0       270.0      2.1757
7.0           15.0       300.0      2.6611
7.0           16.0       180.0      2.6611
7.0           17.0         0.0      3.7415
7.0           18.0       120.0      1.4545
7.0           19.0       300.0      2.4628
7.0           20.0        30.0      3.4095
7.0           21.0       270.0      2.3876
7.0           22.0       270.0      3.4095
7.0           23.0         0.0      3.5168
7.0           24.0        30.0      2.2792
7.0           25.0        30.0      2.6202
7.0           26.0        30.0      3.3571
7.0           27.0         0.0      5.1002
7.0           28.0        30.0      3.4627
7.0           29.0         0.0      2.7448
7.0           30.0         0.0      3.2547
7.0           31.0       330.0      2.4628
7.0           32.0       330.0      2.5012
7.0           33.0        30.0      3.6274
7.0           34.0        30.0      2.9658
7.0           35.0       210.0      2.0136
7.0           36.0       330.0      2.4249
7.0           37.0        30.0      3.0121
7.0           38.0       180.0      3.7999
7.0           39.0         0.0      5.1002
7.0           40.0       210.0      1.3671
7.0           41.0       330.0      2.2442
7.0           42.0         0.0      3.7415
7.0           43.0       330.0      2.7026
7.0           44.0       330.0      3.4095
7.0           45.0        30.0      3.4627
7.0           46.0         0.0      3.2046
7.0           47.0       330.0      2.4628
7.0           48.0         0.0      4.9446
7.0           49.0         0.0      3.7999
7.0           50.0       210.0      3.2046
7.0           51.0         0.0      3.0591
7.0           52.0       210.0      2.7448
7.0           53.0         0.0       3.684
7.0           54.0         0.0      3.7999
7.0           55.0       330.0      3.3055
7.0           56.0         0.0      7.9923
7.0           57.0         0.0      2.9658
7.0           58.0         0.0      3.7415
7.0           59.0         0.0      4.9446
7.0           60.0         0.0      3.5168
7.0           61.0       180.0      4.3684
7.0           62.0       150.0      3.8593
7.0           63.0       150.0        4.17
7.0           64.0         0.0       3.684
7.0           65.0        30.0      3.5716
7.0           66.0       210.0      4.7938
7.0           67.0       150.0      5.0218
7.0           68.0         0.0      3.0121
7.0           69.0       150.0      4.0428
7.0           70.0       180.0      3.8593
7.0           71.0       210.0      4.8686
7.0           72.0         0.0      3.9195
7.0           73.0       150.0      3.2547
7.0           74.0       150.0      5.1002
7.0           75.0       180.0      5.8631
7.0           76.0       180.0        4.17
7.0           77.0       180.0      3.0591
7.0           78.0       330.0      6.4342
7.0           79.0       150.0      6.7402
7.0           80.0       330.0       5.773
7.0           81.0       330.0      2.5799
7.0           82.0       180.0      4.3684
7.0           83.0       180.0      6.5346
7.0           84.0       210.0      4.5058
7.0           85.0       150.0      3.9807
7.0           86.0       330.0      6.8454
7.0           87.0       180.0      6.9523
7.0           88.0       180.0      5.2607
7.0           89.0       180.0      6.5346
7.0           90.0       150.0      3.7999
7.0           91.0        30.0      3.4627
7.0           92.0       180.0      6.4342
7.0           93.0       150.0      7.0608
7.0           94.0       180.0      5.6843
7.0           95.0       150.0      7.0608
7.0           96.0       150.0       7.283
7.0           97.0       180.0      5.8631
7.0           98.0       180.0       7.171
7.0           99.0        30.0      3.3571
7.0          100.0       150.0       7.283
7.0          101.0       330.0      2.6202
7.0          102.0       150.0      7.3966
7.0          103.0       180.0      7.7485
7.0          104.0       210.0      2.4249
7.0          105.0       180.0      6.4342
7.0          106.0       180.0      6.6366
7.0          107.0       150.0      8.2437
7.0          108.0       240.0      2.2097
7.0          109.0       180.0       10.24
7.0          110.0       210.0      3.3055
7.0          111.0       120.0       3.684
7.0          112.0       120.0      3.4627
7.0          113.0       150.0      7.3966
7.0          114.0       210.0      3.4095
7.0          115.0       180.0      7.7485
7.0          116.0       180.0      7.5121
7.0          117.0        30.0      3.1069
7.0          118.0       330.0      9.4769
7.0          119.0       150.0      7.9923
7.0          120.0        30.0      3.1554
7.0          121.0       120.0      3.5168
7.0          122.0       240.0      4.5761
7.0          123.0        30.0      3.5716
7.0          124.0        30.0      3.3055
7.0          125.0       120.0      3.4095
7.0          126.0        60.0      3.4627
7.0          127.0       330.0       10.24
7.0          128.0       240.0      3.9807
7.0          129.0         0.0      6.6366
7.0          130.0       240.0      2.7876
7.0          131.0       210.0      2.6202
7.0          132.0       180.0       10.24
7.0          133.0       150.0      7.3966
7.0          134.0       240.0      5.1002
7.0          135.0        60.0      3.1069
7.0          136.0       270.0      3.2046
7.0          137.0       120.0      3.8593
7.0          138.0       180.0      7.7485
7.0          139.0        60.0      7.6294
7.0          140.0       180.0      7.6294
7.0          141.0       150.0       10.24
7.0          142.0       180.0      7.7485
7.0          143.0       240.0      4.7201
7.0          144.0       180.0      7.6294
7.0          145.0       150.0       10.24
7.0          146.0       150.0       10.24
7.0          147.0       150.0       10.24
7.0          148.0       150.0      7.9923
7.0          149.0       240.0      7.6294
7.0          150.0       240.0      2.8754
7.0          151.0       240.0      4.7201
7.0          152.0       240.0      4.9446
7.0          153.0       240.0      4.8686
7.0          154.0        60.0      3.4627
7.0          155.0       150.0      7.9923
7.0          156.0        60.0      3.4095
7.0          157.0         0.0      5.1798
7.0          158.0       150.0      7.9923
7.0          159.0       240.0      4.6476
7.0          160.0       180.0      7.8694
7.0          161.0       270.0      3.4095
7.0          162.0       150.0       10.24
7.0          163.0       240.0      4.1059
7.0          164.0         0.0      5.3428
7.0          165.0       240.0      4.2351
7.0          166.0       240.0      5.0218
7.0          167.0       330.0      5.3428
7.0          168.0       180.0       7.283
7.0          169.0       240.0      4.8686
7.0          170.0        60.0      7.7485
7.0          171.0       150.0       10.24
7.0          172.0       240.0      6.3353
7.0          173.0       330.0       10.24
7.0          174.0       240.0      5.0218
7.0          175.0       210.0       10.24
7.0          176.0       210.0       10.24
7.0          177.0        60.0      7.8694
7.0          178.0        60.0      7.8694
7.0          179.0       150.0      5.4262
7.0          180.0       240.0      5.0218
7.0          181.0        60.0      7.9923
8.0            0.0        60.0      2.5799
8.0            1.0       330.0      2.1757
8.0            2.0       240.0      3.9195
8.0            3.0       240.0      3.6274
8.0            4.0       180.0      2.7448
8.0            5.0       300.0      2.3148
8.0            6.0       300.0      1.8635
8.0            7.0         0.0      3.1069
8.0            8.0       120.0      2.5012
8.0            9.0       270.0      2.2097
8.0           10.0         0.0      3.3055
8.0           11.0        90.0      1.6982
8.0           12.0       300.0      1.6721
8.0           13.0       150.0      2.4628
8.0           14.0        30.0      2.7448
8.0           15.0       240.0      1.5716
8.0           16.0        30.0      2.7448
8.0           17.0        60.0      2.5403
8.0           18.0       300.0      2.5403
8.0           19.0       270.0      1.9826
8.0           20.0       270.0      2.3148
8.0           21.0        30.0      1.6464
8.0           22.0       300.0        0.64
8.0           23.0        30.0      2.2792
8.0           24.0        30.0      2.1423
8.0           25.0         0.0      2.8312
8.0           26.0       210.0       2.077
8.0           27.0       180.0      1.5237
8.0           28.0       300.0        0.64
8.0           29.0       300.0      2.2097
8.0           30.0       120.0      2.4628
8.0           31.0       300.0      1.3254
8.0           32.0       210.0      1.7516
8.0           33.0         0.0      2.7448
8.0           34.0        30.0      2.5799
8.0           35.0       240.0       1.621
8.0           36.0       330.0      2.2097
8.0           37.0         0.0      3.5716
8.0           38.0       180.0      7.8694
8.0           39.0         0.0      2.5403
8.0           40.0         0.0      2.8312
8.0           41.0       330.0      1.6464
8.0           42.0       150.0      3.5168
8.0           43.0         0.0      2.9658
8.0           44.0         0.0      3.9807
8.0           45.0         0.0      3.5716
8.0           46.0       330.0       2.077
8.0           47.0         0.0      2.7876
8.0           48.0         0.0      2.7026
8.0           49.0         0.0      2.6202
8.0           50.0       150.0      2.6202
8.0           51.0         0.0      2.5403
8.0           52.0         0.0      3.4627
8.0           53.0       330.0      1.9222
8.0           54.0         0.0      3.3055
8.0           55.0         0.0      2.7876
8.0           56.0         0.0       10.24
8.0           57.0         0.0       3.684
8.0           58.0       330.0       2.045
8.0           59.0         0.0      3.1069
8.0           60.0       150.0      3.9807
8.0           61.0       240.0      1.3254
8.0           62.0         0.0      2.7876
8.0           63.0       210.0      3.8593
8.0           64.0         0.0      3.5168
8.0           65.0        90.0      3.6274
8.0           66.0       210.0      3.5168
8.0           67.0         0.0      2.7448
8.0           68.0         0.0      2.9658
8.0           69.0       120.0      3.6274
8.0           70.0       150.0      5.1798
8.0           71.0         0.0      4.2351
8.0           72.0       150.0      5.3428
8.0           73.0         0.0      3.9807
8.0           74.0       210.0      1.3671
8.0           75.0       330.0       2.045
8.0           76.0       180.0      7.5121
8.0           77.0       330.0       2.045
8.0           78.0       180.0       7.283
8.0           79.0       210.0      1.4545
8.0           80.0       150.0       10.24
8.0           81.0       180.0       7.171
8.0           82.0       210.0      4.3012
8.0           83.0       240.0      1.2652
8.0           84.0       150.0       10.24
8.0           85.0         0.0      3.7415
8.0           86.0       330.0      7.5121
8.0           87.0       180.0      7.3966
8.0           88.0       150.0      3.1069
8.0           89.0       150.0      5.5109
8.0           90.0       330.0      7.3966
8.0           91.0       180.0       7.171
8.0           92.0       210.0      3.9195
8.0           93.0       330.0      7.3966
8.0           94.0       330.0      7.6294
8.0           95.0       330.0      7.6294
8.0           96.0       210.0       3.684
8.0           97.0       210.0       3.684
8.0           98.0       120.0      2.5799
8.0           99.0       210.0      1.8926
8.0          100.0       330.0       7.283
8.0          101.0       330.0      7.5121
8.0          102.0       120.0      2.5799
8.0          103.0       150.0       10.24
8.0          104.0       240.0      3.5168
8.0          105.0        60.0      2.5403
8.0          106.0        30.0      2.5012
8.0          107.0       210.0      3.7999
8.0          108.0       120.0      2.6202
8.0          109.0       120.0       10.24
8.0          110.0       270.0      4.8686
8.0          111.0         0.0      6.7402
8.0          112.0       240.0      3.5716
8.0          113.0       240.0      3.5716
8.0          114.0       240.0      3.2046
8.0          115.0         0.0      3.3055
8.0          116.0        90.0      1.2458
8.0          117.0       270.0      4.8686
8.0          118.0       270.0      0.9427
8.0          119.0        60.0      2.6611
8.0          120.0        90.0       10.24
8.0          121.0       240.0       3.684
8.0          122.0       150.0      7.5121
8.0          123.0       150.0      6.7402
8.0          124.0       240.0      3.3055
8.0          125.0       180.0      7.9923
8.0          126.0       150.0       10.24
8.0          127.0        60.0      2.5403
8.0          128.0       240.0      3.5716
8.0          129.0        60.0      2.8312
8.0          130.0       270.0      3.2046
8.0          131.0        90.0       10.24
8.0          132.0       180.0       10.24
8.0          133.0       270.0      3.4627
8.0          134.0       270.0      3.1554
8.0          135.0       180.0       10.24
8.0          136.0       180.0      7.6294
8.0          137.0        60.0      5.5969
8.0          138.0       240.0      3.5168
8.0          139.0        60.0      5.1002
8.0          140.0        60.0      2.7876
8.0          141.0       240.0      6.9523
8.0          142.0        60.0      5.2607
8.0          143.0       150.0       10.24
8.0          144.0       150.0      6.5346
8.0          145.0       180.0      6.9523
8.0          146.0        30.0      5.8631
8.0          147.0        90.0      4.6476
8.0          148.0       180.0      6.2379
8.0          149.0        90.0      2.9658
8.0          150.0       240.0       7.283
9.0            0.0       240.0      1.9826
9.0            1.0       300.0      2.8312
9.0            2.0       330.0      3.4095
9.0            3.0       150.0      4.9446
9.0            4.0         0.0      3.6274
9.0            5.0       240.0      2.7448
9.0            6.0       270.0      2.7876
9.0            7.0       300.0      2.7026
9.0            8.0         0.0      3.4095
9.0            9.0         0.0      3.4095
9.0           10.0       330.0       3.684
9.0           11.0       270.0      2.7876
9.0           12.0       270.0      2.8312
9.0           13.0       270.0      2.6611
9.0           14.0       300.0      1.9826
9.0           15.0       330.0      2.8754
9.0           16.0       270.0      1.9522
9.0           17.0       120.0      2.5012
9.0           18.0       120.0      2.6202
9.0           19.0       300.0      1.7247
9.0           20.0         0.0      3.4627
9.0           21.0       300.0      1.4545
9.0           22.0        30.0      2.8754
9.0           23.0       270.0      2.4628
9.0           24.0       270.0      2.7026
9.0           25.0       150.0      3.3055
9.0           26.0       150.0      3.1554
9.0           27.0       210.0      2.7448
9.0           28.0       150.0      1.5961
9.0           29.0       120.0      2.3148
9.0           30.0       240.0      2.1423
9.0           31.0        90.0      2.9202
9.0           32.0        30.0      2.5799
9.0           33.0       330.0      1.7516
9.0           34.0        30.0      2.5012
9.0           35.0        90.0      2.7026
9.0           36.0       210.0      2.7448
9.0           37.0         0.0      3.9807
9.0           38.0       330.0      2.8754
9.0           39.0        90.0      3.4095
9.0           40.0       210.0      2.5403
9.0           41.0        30.0      2.4249
9.0           42.0        30.0      2.7026
9.0           43.0       120.0      1.0506
9.0           44.0       180.0      3.6274
9.0           45.0       300.0      2.5799
9.0           46.0       330.0      2.6202
9.0           47.0         0.0      2.8754
9.0           48.0       330.0      2.5799
9.0           49.0       120.0      0.7133
9.0           50.0       210.0      2.5799
9.0           51.0       330.0      2.2097
9.0           52.0       240.0      3.3571
9.0           53.0       300.0       1.305
9.0           54.0         0.0      6.5346
9.0           55.0         0.0      3.3571
9.0           56.0        60.0      2.7876
9.0           57.0       240.0      1.8349
9.0           58.0       180.0      7.5121
9.0           59.0        30.0      2.6611
9.0           60.0         0.0      5.3428
9.0           61.0       330.0      2.5799
9.0           62.0       330.0      2.1094
9.0           63.0       210.0      3.2046
9.0           64.0         0.0      5.0218
9.0           65.0       330.0      2.5799
9.0           66.0       150.0      2.6611
9.0           67.0       330.0      2.4628
9.0           68.0       150.0      2.7876
9.0           69.0         0.0        4.17
9.0           70.0         0.0       5.773
9.0           71.0       210.0       3.684
9.0           72.0         0.0      5.1798
9.0           73.0       330.0      2.8312
9.0           74.0         0.0      3.8593
9.0           75.0         0.0      3.4095
9.0           76.0        30.0      2.7026
9.0           77.0       180.0      5.8631
9.0           78.0         0.0      2.9658
9.0           79.0         0.0      5.0218
9.0           80.0       330.0      3.5716
9.0           81.0       330.0      2.7026
9.0           82.0       330.0      2.8312
9.0           83.0       240.0      3.4095
9.0           84.0       330.0      3.2547
9.0           85.0       330.0      2.6611
9.0           86.0       210.0      3.5716
9.0           87.0       330.0      2.7876
9.0           88.0       210.0       3.684
9.0           89.0       180.0      3.9807
9.0           90.0       330.0      2.7448
9.0           91.0         0.0      3.2547
9.0           92.0         0.0      4.7201
9.0           93.0       240.0      2.4249
9.0           94.0       210.0      3.4627
9.0           95.0       330.0      2.8754
9.0           96.0        30.0      3.2547
9.0           97.0       330.0      2.9658
9.0           98.0         0.0      5.3428
9.0           99.0       330.0      3.3571
9.0          100.0       150.0      5.2607
9.0          101.0       180.0      5.1002
9.0          102.0       330.0      3.7999
9.0          103.0       210.0      3.7999
9.0          104.0       180.0      7.0608
9.0          105.0       210.0      3.4627
9.0          106.0       270.0      2.5403
9.0          107.0       180.0      3.9807
9.0          108.0       330.0      3.1069
9.0          109.0         0.0       7.171
9.0          110.0       180.0      7.7485
9.0          111.0       330.0      4.7938
9.0          112.0       180.0       6.142
9.0          113.0       210.0      3.0121
9.0          114.0         0.0      4.2351
9.0          115.0       150.0       10.24
9.0          116.0       150.0       7.283
9.0          117.0       150.0      6.9523
9.0          118.0       180.0      6.5346
9.0          119.0       150.0      3.0121
9.0          120.0       180.0      7.6294
9.0          121.0       210.0       3.684
9.0          122.0       210.0      3.4095
9.0          123.0       330.0       10.24
9.0          124.0       180.0      6.9523
9.0          125.0       180.0      6.7402
9.0          126.0        30.0      2.6202
9.0          127.0       210.0      3.0591
9.0          128.0       120.0      2.6611
9.0          129.0       240.0      7.7485
9.0          130.0       330.0       10.24
9.0          131.0       330.0       10.24
9.0          132.0       240.0      1.8349
9.0          133.0        90.0      3.2547
9.0          134.0       120.0      2.9658
9.0          135.0       120.0      2.7876
9.0          136.0       240.0      3.2046
9.0          137.0       180.0      2.8312
9.0          138.0       210.0      3.4627
9.0          139.0       180.0      7.9923
9.0          140.0       120.0      2.9202
9.0          141.0       270.0      9.1878
9.0          142.0       120.0      2.6202
9.0          143.0       210.0      3.1554
9.0          144.0       240.0      3.7415
9.0          145.0        30.0      2.5799
9.0          146.0        60.0      2.7876
9.0          147.0       240.0      3.4627
9.0          148.0       330.0       10.24
9.0          149.0       240.0       10.24
9.0          150.0       120.0      5.5109
9.0          151.0       330.0      7.8694
9.0          152.0       150.0      7.3966
9.0          153.0       240.0      3.4095
9.0          154.0       240.0      2.2097
9.0          155.0         0.0       7.283
9.0          156.0       270.0      2.8312
9.0          157.0         0.0      7.6294
9.0          158.0       210.0      3.5168
9.0          159.0        90.0      1.3254
9.0          160.0        60.0      3.3055
9.0          161.0         0.0       7.171
9.0          162.0       180.0      7.8694
9.0          163.0        90.0      2.8312
9.0          164.0       270.0       10.24
9.0          165.0         0.0      7.6294
9.0          166.0       240.0      3.3055
9.0          167.0       180.0      5.9547
9.0          168.0        60.0      3.5716
9.0          169.0       330.0       10.24
9.0          170.0        60.0      3.3055
9.0          171.0       180.0      6.8454
9.0          172.0         0.0      7.6294
9.0          173.0         0.0       8.117
9.0          174.0       240.0       10.24
9.0          175.0       330.0       10.24
9.0          176.0       270.0      3.0121
9.0          177.0       240.0      3.6274
9.0          178.0       240.0      3.7999
9.0          179.0       330.0       10.24
9.0          180.0       270.0      3.2547
9.0          181.0       240.0      5.0218
9.0          182.0       210.0      3.3571
9.0          183.0       180.0      8.3724
9.0          184.0       180.0       0.859
9.0          185.0        60.0      2.5799
9.0          186.0       240.0      2.3148
9.0          187.0       180.0       10.24
9.0          188.0        60.0      2.9658
9.0          189.0       240.0       2.077
9.0          190.0       180.0      6.9523
9.0          191.0       240.0      4.1059
9.0          192.0       240.0      3.3571
9.0          193.0       210.0       10.24
9.0          194.0       240.0      5.6843
9.0          195.0        90.0      2.7876
9.0          196.0        90.0      3.1069
9.0          197.0       210.0      3.2547
9.0          198.0       240.0      3.6274
9.0          199.0       240.0      3.7415
9.0          200.0       180.0      7.6294
9.0          201.0       330.0       10.24
9.0          202.0       180.0      8.7706
9.0          203.0        90.0      2.7448
9.0          204.0        90.0      3.1069
9.0          205.0        90.0      3.7415
9.0          206.0        60.0      2.7448
9.0          207.0        30.0      2.8312
10.0           0.0       240.0      3.2547
10.0           1.0       270.0      3.4095
10.0           2.0       270.0      3.4627
10.0           3.0         0.0      4.5761
10.0           4.0       270.0      2.7448
10.0           5.0       330.0      4.0428
10.0           6.0        60.0      2.7876
10.0           7.0       300.0      2.7026
10.0           8.0       330.0      1.2458
10.0           9.0       240.0      3.5168
10.0          10.0       300.0      3.5716
10.0          11.0         0.0       10.24
10.0          12.0       150.0      3.5168
10.0          13.0       270.0      1.5237
10.0          14.0       300.0      2.9202
10.0          15.0        60.0      2.7876
10.0          16.0        60.0      2.7026
10.0          17.0         0.0      2.5012
10.0          18.0        30.0      3.4627
10.0          19.0       270.0      3.5168
10.0          20.0        30.0      3.3055
10.0          21.0       150.0      2.9658
10.0          22.0       270.0       1.621
10.0          23.0        30.0      3.2547
10.0          24.0       240.0      2.6202
10.0          25.0       120.0      1.4101
10.0          26.0       150.0      2.6611
10.0          27.0        30.0      2.0136
10.0          28.0       150.0      2.6202
10.0          29.0         0.0      2.4628
10.0          30.0       300.0      1.5716
10.0          31.0       120.0      1.4545
10.0          32.0       150.0      2.5403
10.0          33.0         0.0      5.2607
10.0          34.0        30.0      3.3571
10.0          35.0       150.0      2.5403
10.0          36.0        30.0      2.8312
10.0          37.0        30.0      2.3876
10.0          38.0         0.0      2.4628
10.0          39.0       330.0      1.8635
10.0          40.0       300.0      1.7247
10.0          41.0         0.0      5.2607
10.0          42.0       150.0      2.4249
10.0          43.0       330.0      1.8926
10.0          44.0       150.0      2.7026
10.0          45.0         0.0      2.5799
10.0          46.0       330.0      1.7789
10.0          47.0       150.0      2.4249
10.0          48.0         0.0      2.5799
10.0          49.0        30.0      3.5168
10.0          50.0       330.0      1.9222
10.0          51.0         0.0      2.5403
10.0          52.0       240.0      3.6274
10.0          53.0        60.0      1.3884
10.0          54.0         0.0       7.171
10.0          55.0       330.0      1.8349
10.0          56.0         0.0      4.8686
10.0          57.0       330.0      1.8926
10.0          58.0        30.0      3.1554
10.0          59.0         0.0      2.5403
10.0          60.0       330.0      1.9222
10.0          61.0       330.0      1.8635
10.0          62.0       210.0      2.4249
10.0          63.0         0.0      2.7026
10.0          64.0       330.0      1.9222
10.0          65.0       210.0      2.5403
10.0          66.0        30.0      3.5168
10.0          67.0       330.0      1.8349
10.0          68.0       180.0      1.9522
10.0          69.0       150.0      3.2547
10.0          70.0         0.0      4.6476
10.0          71.0         0.0      2.7448
10.0          72.0        30.0      3.2046
10.0          73.0       330.0      1.7789
10.0          74.0         0.0      4.5761
10.0          75.0       330.0      4.4366
10.0          76.0       330.0        4.17
10.0          77.0         0.0       2.045
10.0          78.0       330.0      4.7201
10.0          79.0       180.0      4.9446
10.0          80.0         0.0      2.5799
10.0          81.0       120.0       2.077
10.0          82.0         0.0      2.2792
10.0          83.0         0.0      2.7026
10.0          84.0       330.0      1.8067
10.0          85.0         0.0      2.8754
10.0          86.0       330.0      4.4366
10.0          87.0       240.0      3.5716
10.0          88.0        30.0      3.5168
10.0          89.0         0.0      2.3876
10.0          90.0       330.0      4.1059
10.0          91.0       330.0      2.7876
10.0          92.0       330.0      4.1059
10.0          93.0         0.0      3.4095
10.0          94.0       330.0      5.5969
10.0          95.0         0.0      5.1002
10.0          96.0       330.0      1.8635
10.0          97.0       330.0      5.2607
10.0          98.0       150.0      2.7876
10.0          99.0       180.0      4.5761
10.0         100.0       330.0      5.2607
10.0         101.0       330.0      5.5109
10.0         102.0        30.0      3.6274
10.0         103.0         0.0      2.7026
10.0         104.0       330.0      5.9547
10.0         105.0         0.0      2.7876
10.0         106.0       150.0      3.5168
10.0         107.0       150.0      7.5121
10.0         108.0       330.0      5.1002
10.0         109.0       330.0      3.9195
10.0         110.0        30.0      3.2547
10.0         111.0         0.0      4.3684
10.0         112.0         0.0      2.5403
10.0         113.0       180.0       7.283
10.0         114.0       180.0      3.1069
10.0         115.0       150.0      5.1002
10.0         116.0       150.0      7.6294
10.0         117.0       330.0      5.4262
10.0         118.0       150.0      5.3428
10.0         119.0       180.0      4.7938
10.0         120.0       180.0      4.9446
10.0         121.0       330.0      2.1423
10.0         122.0       330.0      5.2607
10.0         123.0       180.0      6.2379
10.0         124.0        30.0      3.2547
10.0         125.0       330.0      4.9446
10.0         126.0       330.0        4.17
10.0         127.0        30.0      3.1069
10.0         128.0       150.0      7.8694
10.0         129.0       180.0      5.4262
10.0         130.0       330.0      4.2351
10.0         131.0       210.0      3.7999
10.0         132.0       150.0      3.8593
10.0         133.0        30.0      3.0591
10.0         134.0       120.0       6.142
10.0         135.0       180.0      5.1002
10.0         136.0       210.0      2.5799
10.0         137.0       330.0      5.5109
10.0         138.0        30.0      3.4095
10.0         139.0       120.0      6.9523
10.0         140.0       330.0      6.5346
10.0         141.0         0.0       3.684
10.0         142.0        30.0      3.4095
10.0         143.0       150.0      3.3055
10.0         144.0       120.0        4.17
10.0         145.0        30.0      3.2547
10.0         146.0       210.0      2.8312
10.0         147.0       330.0      6.7402
10.0         148.0       210.0      3.4095
10.0         149.0        30.0      3.4095
10.0         150.0       120.0      4.5761
10.0         151.0       120.0      2.8754
10.0         152.0       150.0      2.9202
10.0         153.0       210.0      0.9427
10.0         154.0       180.0      6.9523
10.0         155.0       240.0      3.6274
10.0         156.0        30.0      3.3571
10.0         157.0       240.0      3.7415
10.0         158.0       240.0      3.7415
10.0         159.0       330.0      5.3428
10.0         160.0       120.0      5.2607
10.0         161.0        60.0      2.6202
10.0         162.0       210.0       10.24
10.0         163.0        60.0      2.6202
10.0         164.0       240.0      3.3571
10.0         165.0       240.0      3.4095
10.0         166.0       240.0      3.5716
10.0         167.0       240.0      3.7415
10.0         168.0        60.0      2.7876
10.0         169.0       240.0      1.3461
10.0         170.0       150.0       10.24
10.0         171.0        30.0      3.7415
10.0         172.0       180.0      4.1059
10.0         173.0       150.0      7.8694
10.0         174.0       270.0      3.8593
10.0         175.0        60.0      2.6202
10.0         176.0       120.0       5.773
10.0         177.0       150.0      3.7999
10.0         178.0        30.0      3.5168
10.0         179.0        60.0      3.2547
10.0         180.0       240.0      2.9202
10.0         181.0       240.0      2.7448
10.0         182.0       270.0      1.9826
10.0         183.0         0.0       10.24
10.0         184.0       270.0      2.0136
10.0         185.0       240.0      3.6274
10.0         186.0        90.0      2.5799
10.0         187.0       240.0      3.7415
10.0         188.0         0.0       10.24
10.0         189.0         0.0      7.6294
10.0         190.0       180.0      6.6366
10.0         191.0       240.0      5.1798
10.0         192.0        60.0      2.7876
10.0         193.0       240.0      4.5058
10.0         194.0        60.0      2.7448
10.0         195.0       240.0      3.1069
10.0         196.0       240.0      4.3012
10.0         197.0        30.0      3.6274
10.0         198.0       270.0      3.7999
10.0         199.0       240.0      3.9807
10.0         200.0       240.0      5.1002
10.0         201.0       240.0      2.3876
10.0         202.0       210.0       10.24
10.0         203.0       180.0      6.2379
10.0         204.0       240.0      3.7999
10.0         205.0       270.0      4.3012
10.0         206.0       210.0       10.24
10.0         207.0       270.0      3.7999
10.0         208.0       240.0      3.9195
10.0         209.0       240.0      6.2379
10.0         210.0       240.0      3.9195
10.0         211.0       210.0       10.24
10.0         212.0       270.0       3.684
10.0         213.0       270.0      3.7999
10.0         214.0        30.0      3.4095
10.0         215.0       210.0      2.4628
10.0         216.0        60.0      3.1554
10.0         217.0       330.0      5.4262
10.0         218.0        90.0      5.0218
10.0         219.0       270.0       3.684
10.0         220.0        90.0      4.5761
10.0         221.0        90.0      5.1002
10.0         222.0       270.0      3.9195
10.0         223.0         0.0       5.773
10.0         224.0       240.0      4.4366
11.0           0.0       270.0      3.1554
11.0           1.0       300.0      3.9195
11.0           2.0        60.0      2.6202
11.0           3.0       300.0      2.1757
11.0           4.0       330.0      2.1423
11.0           5.0       240.0      4.0428
11.0           6.0       120.0       1.621
11.0           7.0       240.0      2.2792
11.0           8.0       330.0      1.9826
11.0           9.0       330.0      5.1798
11.0          10.0         0.0      3.7415
11.0          11.0       330.0      2.1094
11.0          12.0       270.0      2.4249
11.0          13.0       300.0      1.5002
11.0          14.0       300.0      1.8635
11.0          15.0       330.0      5.1798
11.0          16.0         0.0      5.1798
11.0          17.0       300.0      1.9222
11.0          18.0        30.0      2.3876
11.0          19.0       150.0      3.4627
11.0          20.0         0.0      4.4366
11.0          21.0       300.0      1.7516
11.0          22.0       300.0      2.2097
11.0          23.0       150.0      1.9222
11.0          24.0        30.0      3.0121
11.0          25.0       330.0      3.2547
11.0          26.0       330.0      1.9826
11.0          27.0       300.0      1.7789
11.0          28.0       150.0      1.3254
11.0          29.0       300.0      1.9522
11.0          30.0         0.0      2.6202
11.0          31.0       330.0      2.3876
11.0          32.0       300.0      1.7247
11.0          33.0       330.0      2.3148
11.0          34.0         0.0      2.6611
11.0          35.0       330.0      2.5403
11.0          36.0       210.0      2.6202
11.0          37.0       330.0      2.5799
11.0          38.0       330.0      2.5403
11.0          39.0       330.0      3.4095
11.0          40.0         0.0      1.5716
11.0          41.0         0.0      2.9202
11.0          42.0         0.0      2.7026
11.0          43.0         0.0      2.6202
11.0          44.0        30.0      3.2046
11.0          45.0        60.0      1.1529
11.0          46.0       330.0      2.4249
11.0          47.0       330.0      2.0136
11.0          48.0       330.0      1.8926
11.0          49.0       330.0      2.6611
11.0          50.0       330.0      2.1423
11.0          51.0       330.0      3.0591
11.0          52.0       210.0      4.6476
11.0          53.0         0.0      3.5716
11.0          54.0       180.0      2.3509
11.0          55.0       180.0      5.4262
11.0          56.0       330.0      5.2607
11.0          57.0         0.0      3.8593
11.0          58.0       150.0      1.6721
11.0          59.0       180.0      2.9202
11.0          60.0       330.0      2.2792
11.0          61.0       330.0      5.0218
11.0          62.0       240.0      5.0218
11.0          63.0       330.0      5.1002
11.0          64.0         0.0      3.9195
11.0          65.0       330.0      2.4249
11.0          66.0       330.0      4.8686
11.0          67.0       330.0      4.5058
11.0          68.0       180.0      2.6611
11.0          69.0       330.0      2.5012
11.0          70.0       150.0      3.6274
11.0          71.0       330.0      5.1002
11.0          72.0       210.0      2.7026
11.0          73.0       330.0      5.0218
11.0          74.0       180.0      2.7026
11.0          75.0         0.0      3.2046
11.0          76.0       330.0      4.5058
11.0          77.0         0.0      4.7201
11.0          78.0       150.0      4.6476
11.0          79.0       150.0      4.9446
11.0          80.0       330.0      4.5058
11.0          81.0       180.0      3.6274
11.0          82.0       330.0      5.5109
11.0          83.0       150.0      1.6982
11.0          84.0       180.0      5.5969
11.0          85.0       180.0      5.8631
11.0          86.0       180.0      4.7938
11.0          87.0       180.0      5.5969
11.0          88.0       180.0      5.6843
11.0          89.0       210.0      4.9446
11.0          90.0       210.0      4.5761
11.0          91.0       180.0      6.0476
11.0          92.0       330.0      5.1002
11.0          93.0       330.0      5.5109
11.0          94.0       150.0      5.1798
11.0          95.0       150.0      6.4342
11.0          96.0       330.0      3.7999
11.0          97.0       180.0       7.283
11.0          98.0       150.0      5.3428
11.0          99.0       150.0      5.8631
11.0         100.0       330.0      5.5109
11.0         101.0       330.0      5.1798
11.0         102.0         0.0       3.684
11.0         103.0        60.0      1.8635
11.0         104.0       180.0      7.0608
11.0         105.0       150.0      6.0476
11.0         106.0       210.0      2.6611
11.0         107.0       180.0      6.2379
11.0         108.0         0.0      4.1059
11.0         109.0       210.0      5.0218
11.0         110.0       330.0      4.9446
11.0         111.0       150.0      3.8593
11.0         112.0        30.0      4.5058
11.0         113.0       210.0      5.1002
11.0         114.0       180.0      5.2607
11.0         115.0       180.0      5.8631
11.0         116.0       180.0       7.283
11.0         117.0       330.0      5.1002
11.0         118.0       330.0       5.773
11.0         119.0        60.0      2.5012
11.0         120.0        30.0      3.5716
11.0         121.0       210.0      2.7448
11.0         122.0       330.0      6.5346
11.0         123.0       180.0       7.283
11.0         124.0       330.0      5.5109
11.0         125.0       150.0      5.4262
11.0         126.0       330.0      5.5969
11.0         127.0       180.0       7.171
11.0         128.0       210.0      2.7448
11.0         129.0       330.0      4.7201
11.0         130.0        60.0      2.7876
11.0         131.0       120.0      2.3876
11.0         132.0       150.0      5.8631
11.0         133.0        30.0      2.2792
11.0         134.0       330.0      5.3428
11.0         135.0       180.0      7.3966
11.0         136.0       150.0       7.283
11.0         137.0        60.0      3.0121
11.0         138.0       240.0      4.5761
11.0         139.0       240.0      3.9807
11.0         140.0       180.0      5.3428
11.0         141.0       120.0      5.1798
11.0         142.0       210.0      2.6611
11.0         143.0       150.0      4.5058
11.0         144.0       150.0      6.6366
11.0         145.0        30.0      3.5168
11.0         146.0       150.0      5.1798
11.0         147.0       150.0      4.3012
11.0         148.0       150.0      5.5109
11.0         149.0       330.0      5.5109
11.0         150.0       240.0      2.5012
11.0         151.0       180.0      6.6366
11.0         152.0       150.0      5.4262
11.0         153.0       150.0       10.24
11.0         154.0       240.0      2.7876
11.0         155.0       180.0      7.0608
11.0         156.0       300.0      5.4262
11.0         157.0       330.0      6.4342
11.0         158.0       180.0      5.5969
11.0         159.0       240.0      4.4366
11.0         160.0        60.0      2.7876
11.0         161.0       150.0      6.3353
11.0         162.0       270.0      4.1059
11.0         163.0       180.0      7.5121
11.0         164.0       240.0      4.7201
11.0         165.0         0.0       10.24
11.0         166.0       270.0       10.24
11.0         167.0       180.0      7.8694
11.0         168.0        60.0      2.5403
11.0         169.0        90.0      2.5799
11.0         170.0       240.0      3.4627
11.0         171.0        30.0      3.5168
11.0         172.0        90.0      2.4249
11.0         173.0       240.0      3.5716
11.0         174.0       240.0      4.7201
11.0         175.0        30.0       10.24
11.0         176.0        90.0      5.1002
11.0         177.0        60.0      2.6611
11.0         178.0       240.0      4.9446
11.0         179.0       240.0      3.4627
11.0         180.0       180.0      8.7706
11.0         181.0       180.0      7.5121
11.0         182.0       240.0      4.9446
11.0         183.0       240.0      4.7938
11.0         184.0       240.0      5.1002
11.0         185.0        90.0      2.6202
11.0         186.0        60.0      5.5969
11.0         187.0         0.0      5.4262
11.0         188.0       240.0      4.5761
11.0         189.0        90.0      2.7026
11.0         190.0       240.0      4.0428
11.0         191.0       240.0      4.8686
11.0         192.0       180.0      7.8694
11.0         193.0       240.0      5.3428
11.0         194.0       240.0      5.1798
11.0         195.0       210.0      1.5716
11.0         196.0       240.0      5.1002
11.0         197.0       270.0      5.1798
11.0         198.0        90.0      6.2379
11.0         199.0       240.0      5.1002
11.0         200.0       240.0      5.2607
12.0           0.0       240.0      3.5716
12.0           1.0       270.0      1.9222
12.0           2.0       270.0      1.8067
12.0           3.0         0.0      3.6274
12.0           4.0       330.0      2.1423
12.0           5.0       300.0      1.5237
12.0           6.0       120.0      2.7026
12.0           7.0       330.0      1.9826
12.0           8.0         0.0      3.3571
12.0           9.0       240.0      2.7026
12.0          10.0       300.0      1.5002
12.0          11.0       120.0      2.5403
12.0          12.0       330.0      2.1094
12.0          13.0       120.0      1.0506
12.0          14.0        30.0      2.7026
12.0          15.0        30.0      2.7026
12.0          16.0        30.0      2.4249
12.0          17.0       120.0      0.9427
12.0          18.0       240.0      0.9139
12.0          19.0       330.0       2.077
12.0          20.0       270.0       1.621
12.0          21.0       330.0      2.0136
12.0          22.0         0.0      3.7999
12.0          23.0       300.0      1.3461
12.0          24.0       300.0      1.3461
12.0          25.0       270.0      1.7247
12.0          26.0       300.0      1.2078
12.0          27.0       270.0      1.8635
12.0          28.0       300.0      1.3671
12.0          29.0       300.0      1.4545
12.0          30.0       330.0      2.1757
12.0          31.0       330.0      2.3148
12.0          32.0       270.0      1.5237
12.0          33.0        30.0      2.7026
12.0          34.0       300.0      1.4101
12.0          35.0         0.0      2.7876
12.0          36.0       330.0      2.5012
12.0          37.0         0.0       2.045
12.0          38.0        30.0      2.1757
12.0          39.0       300.0      1.3884
12.0          40.0       300.0      1.3254
12.0          41.0         0.0      0.8724
12.0          42.0       300.0      1.4101
12.0          43.0       300.0        0.64
12.0          44.0        30.0      2.8754
12.0          45.0       240.0       0.886
12.0          46.0       210.0      2.3876
12.0          47.0       210.0      2.3148
12.0          48.0       330.0       2.045
12.0          49.0        30.0      2.7448
12.0          50.0         0.0      1.9826
12.0          51.0       300.0      1.3461
12.0          52.0       300.0       1.305
12.0          53.0         0.0      0.8999
12.0          54.0        30.0        0.64
12.0          55.0         0.0       0.859
12.0          56.0         0.0      3.8593
12.0          57.0       330.0      2.1094
12.0          58.0       330.0       2.077
12.0          59.0         0.0      3.2547
12.0          60.0       210.0      3.5716
12.0          61.0       330.0      1.9222
12.0          62.0       330.0      1.8635
12.0          63.0       150.0      0.8999
12.0          64.0         0.0      0.9427
12.0          65.0       180.0       1.305
12.0          66.0         0.0      3.4095
12.0          67.0       330.0      2.3509
12.0          68.0         0.0      1.9522
12.0          69.0       330.0      2.0136
12.0          70.0        30.0      2.3509
12.0          71.0        30.0      2.8312
12.0          72.0       180.0      1.7247
12.0          73.0       330.0      2.1094
12.0          74.0       180.0      1.3461
12.0          75.0       330.0      2.2792
12.0          76.0         0.0      3.2547
12.0          77.0         0.0      3.0121
12.0          78.0         0.0      1.8349
12.0          79.0       210.0      2.6611
12.0          80.0       330.0      1.9826
12.0          81.0         0.0      2.7876
12.0          82.0       180.0      1.3254
12.0          83.0       330.0      2.1094
12.0          84.0       180.0       1.285
12.0          85.0       330.0       2.045
12.0          86.0       330.0      2.2792
12.0          87.0       150.0      2.0136
12.0          88.0        30.0      3.0121
12.0          89.0       330.0      2.2097
12.0          90.0       330.0      2.1094
12.0          91.0       180.0      1.3671
12.0          92.0       330.0      5.0218
12.0          93.0         0.0      2.2442
12.0          94.0       330.0      3.3571
12.0          95.0         0.0      3.1069
12.0          96.0       330.0      2.1094
12.0          97.0         0.0      3.1069
12.0          98.0       150.0      1.9222
12.0          99.0       150.0      3.4095
12.0         100.0         0.0      3.5716
12.0         101.0         0.0      3.1069
12.0         102.0       210.0      2.8312
12.0         103.0         0.0      3.4627
12.0         104.0       180.0      1.3254
12.0         105.0       210.0      3.8593
12.0         106.0       330.0      3.7415
12.0         107.0         0.0      3.3571
12.0         108.0       330.0      2.2792
12.0         109.0       210.0      2.7026
12.0         110.0         0.0      4.0428
12.0         111.0       210.0      2.5799
12.0         112.0       330.0      2.2792
12.0         113.0         0.0      3.7415
12.0         114.0       330.0       3.684
12.0         115.0         0.0      3.3571
12.0         116.0       330.0      4.4366
12.0         117.0       180.0      1.4772
12.0         118.0         0.0      3.7415
12.0         119.0       330.0      3.8593
12.0         120.0       330.0      4.2351
12.0         121.0         0.0      3.2046
12.0         122.0       330.0      2.1094
12.0         123.0         0.0      1.7789
12.0         124.0       180.0      5.0218
12.0         125.0         0.0      3.3055
12.0         126.0         0.0      1.8926
12.0         127.0         0.0      4.3012
12.0         128.0        30.0      2.4249
12.0         129.0       150.0      3.6274
12.0         130.0       180.0      4.1059
12.0         131.0       330.0      3.5168
12.0         132.0       330.0      4.0428
12.0         133.0       150.0      2.8754
12.0         134.0       180.0      5.2607
12.0         135.0       330.0      3.8593
12.0         136.0       330.0      3.6274
12.0         137.0       210.0      2.5799
12.0         138.0       210.0      2.5799
12.0         139.0        30.0      2.5403
12.0         140.0       180.0      4.7938
12.0         141.0        30.0      3.2547
12.0         142.0       330.0      2.4249
12.0         143.0       270.0      1.7516
12.0         144.0       120.0      2.5403
12.0         145.0       330.0      3.0591
12.0         146.0       150.0        4.17
12.0         147.0       210.0       2.077
12.0         148.0       240.0      0.9875
12.0         149.0       210.0      2.5403
12.0         150.0        90.0      1.1709
12.0         151.0       180.0      3.5716
12.0         152.0       150.0       7.283
12.0         153.0        60.0      1.8926
12.0         154.0       180.0      4.3684
12.0         155.0       240.0      1.7789
12.0         156.0        90.0      1.6464
12.0         157.0       240.0      1.9522
12.0         158.0       330.0       10.24
12.0         159.0       240.0      3.3055
12.0         160.0       330.0       10.24
12.0         161.0       240.0      2.6202
12.0         162.0       150.0      3.7999
12.0         163.0       240.0      0.9427
12.0         164.0         0.0      5.6843
12.0         165.0        60.0      1.8067
12.0         166.0       180.0       6.142
12.0         167.0       120.0       10.24
12.0         168.0        30.0      2.7876
12.0         169.0       240.0      1.9222
12.0         170.0         0.0       7.283
12.0         171.0         0.0      3.7999
12.0         172.0       240.0      3.7999
12.0         173.0       240.0      2.8754
12.0         174.0       240.0      3.6274
12.0         175.0         0.0      3.5716
12.0         176.0        60.0      6.4342
12.0         177.0       150.0      3.9807
12.0         178.0        30.0        0.64
12.0         179.0       180.0      3.9807
12.0         180.0       240.0      3.2547
12.0         181.0        60.0      1.7789
12.0         182.0       120.0        0.64
12.0         183.0         0.0       10.24
12.0         184.0       120.0      2.6611
12.0         185.0       240.0      3.3055
12.0         186.0        90.0      2.1094
12.0         187.0       240.0      3.5168
12.0         188.0         0.0      3.9807
12.0         189.0         0.0       10.24
12.0         190.0       330.0      6.8454
12.0         191.0       240.0      3.7999
12.0         192.0        90.0      2.1423
12.0         193.0         0.0      3.9807
12.0         194.0        90.0      3.4095
12.0         195.0       180.0       10.24
12.0         196.0       330.0       10.24
12.0         197.0       240.0      4.0428
12.0         198.0        60.0      6.2379
12.0         199.0        90.0      2.9202
12.0         200.0        30.0        0.64
12.0         201.0        90.0      2.7876
12.0         202.0        90.0        0.64
12.0         203.0        90.0      3.4627
12.0         204.0       240.0      4.8686
12.0         205.0        60.0      6.3353
12.0         206.0       150.0      7.5121
12.0         207.0         0.0      5.9547
12.0         208.0        90.0      5.4262
12.0         209.0       240.0      4.4366
12.0         210.0       330.0      6.0476
12.0         211.0        30.0        0.64
12.0         212.0        60.0       10.24
12.0         213.0       330.0      3.4095
12.0         214.0        90.0      3.3055
12.0         215.0       240.0      3.8593
12.0         216.0        90.0      3.2547
12.0         217.0       240.0      3.9195
12.0         218.0       240.0      4.7201
14.0           0.0       300.0      2.4249
14.0           1.0       300.0      2.3148
14.0           2.0       330.0      2.9202
14.0           3.0       330.0      2.7448
14.0           4.0         0.0       3.684
14.0           5.0       240.0      2.7026
14.0           6.0       300.0      2.1423
14.0           7.0       300.0      2.4628
14.0           8.0       330.0      2.5799
14.0           9.0       270.0      2.5799
14.0          10.0       120.0      1.5716
14.0          11.0        30.0      2.8754
14.0          12.0        60.0      2.9202
14.0          13.0        60.0      2.5403
14.0          14.0       330.0      2.7026
14.0          15.0       270.0      1.3671
14.0          16.0       330.0      2.7026
14.0          17.0       330.0      2.3876
14.0          18.0       330.0      2.5403
14.0          19.0       270.0       1.285
14.0          20.0       270.0       1.285
14.0          21.0       270.0      2.6202
14.0          22.0       270.0      2.5403
14.0          23.0       300.0      2.4249
14.0          24.0       300.0      2.1757
14.0          25.0       330.0      2.3509
14.0          26.0       120.0      2.5403
14.0          27.0       300.0      2.6202
14.0          28.0        30.0      2.9202
14.0          29.0        30.0       10.24
14.0          30.0       180.0      2.6202
14.0          31.0       180.0      1.2652
14.0          32.0         0.0      2.0136
14.0          33.0       330.0      2.4628
14.0          34.0       330.0      2.2792
14.0          35.0        30.0      2.7876
14.0          36.0         0.0      1.8349
14.0          37.0       330.0      2.3876
14.0          38.0         0.0      3.9807
14.0          39.0       210.0      2.5799
14.0          40.0       330.0      2.5403
14.0          41.0         0.0      4.1059
14.0          42.0       180.0      2.6202
14.0          43.0       330.0      2.4628
14.0          44.0         0.0      3.5168
14.0          45.0         0.0      3.7999
14.0          46.0         0.0      2.2097
14.0          47.0       180.0      2.6611
14.0          48.0         0.0      1.9826
14.0          49.0       330.0      2.4249
14.0          50.0       150.0      2.6611
14.0          51.0         0.0      1.9522
14.0          52.0         0.0      3.7999
14.0          53.0        90.0      1.7516
14.0          54.0         0.0      1.9222
14.0          55.0         0.0      1.9222
14.0          56.0         0.0      4.3012
14.0          57.0       330.0      1.9826
14.0          58.0       330.0      2.3509
14.0          59.0       330.0      1.9826
14.0          60.0         0.0      1.8349
14.0          61.0        30.0      2.7448
14.0          62.0         0.0      3.7999
14.0          63.0         0.0      1.8926
14.0          64.0       330.0       1.285
14.0          65.0       180.0      2.6611
14.0          66.0       180.0      2.5403
14.0          67.0       180.0      2.7876
14.0          68.0       330.0      2.5403
14.0          69.0       180.0      2.5403
14.0          70.0         0.0      3.4095
14.0          71.0       330.0      2.5403
14.0          72.0       180.0      2.7026
14.0          73.0         0.0      2.2442
14.0          74.0       150.0      2.7026
14.0          75.0       330.0      2.6611
14.0          76.0         0.0       2.045
14.0          77.0       330.0      2.8754
14.0          78.0       210.0       10.24
14.0          79.0         0.0      1.9222
14.0          80.0       180.0      3.3571
14.0          81.0         0.0      4.9446
14.0          82.0       180.0      2.8754
14.0          83.0       330.0      2.7876
14.0          84.0       330.0      2.5012
14.0          85.0       330.0      2.3509
14.0          86.0         0.0      3.4627
14.0          87.0       180.0      3.2547
14.0          88.0       330.0      2.8312
14.0          89.0       330.0      2.7026
14.0          90.0         0.0      3.8593
14.0          91.0       210.0      2.6202
14.0          92.0       180.0      2.9202
14.0          93.0         0.0      4.1059
14.0          94.0       180.0      3.4095
14.0          95.0       330.0      3.0121
14.0          96.0       330.0      2.6202
14.0          97.0       180.0      2.6202
14.0          98.0       180.0      2.6611
14.0          99.0       180.0      2.7026
14.0         100.0         0.0      3.7415
14.0         101.0       150.0      4.3012
14.0         102.0       330.0      2.8312
14.0         103.0       330.0      2.6611
14.0         104.0       330.0      2.8754
14.0         105.0       330.0      5.0218
14.0         106.0       120.0      1.6721
14.0         107.0       180.0      2.5403
14.0         108.0       150.0      5.2607
14.0         109.0       210.0      1.9826
14.0         110.0        30.0      2.6202
14.0         111.0       180.0      3.2547
14.0         112.0       330.0      3.0591
14.0         113.0         0.0      3.4095
14.0         114.0       330.0      2.7026
14.0         115.0         0.0      1.7516
14.0         116.0       210.0      4.3684
14.0         117.0       180.0      5.5969
14.0         118.0       210.0      1.7516
14.0         119.0         0.0      4.4366
14.0         120.0         0.0      5.9547
14.0         121.0       210.0      2.4249
14.0         122.0       150.0      3.5716
14.0         123.0       210.0      1.7789
14.0         124.0       180.0      3.9195
14.0         125.0       180.0      2.6611
14.0         126.0       330.0      2.9202
14.0         127.0       150.0      3.7415
14.0         128.0       120.0      4.1059
14.0         129.0       150.0      3.6274
14.0         130.0       180.0      6.3353
14.0         131.0       330.0      3.1554
14.0         132.0       150.0      3.4095
14.0         133.0       330.0      6.7402
14.0         134.0       180.0      3.3055
14.0         135.0       210.0      2.5012
14.0         136.0       210.0      1.9222
14.0         137.0       120.0      2.8312
14.0         138.0       330.0      3.3571
14.0         139.0       210.0      2.6202
14.0         140.0       180.0      2.7876
14.0         141.0       300.0      1.7247
14.0         142.0        60.0      2.7026
14.0         143.0        30.0      2.5799
14.0         144.0        90.0      1.9222
14.0         145.0        30.0      2.5403
14.0         146.0       150.0      3.7999
14.0         147.0       240.0      1.5474
14.0         148.0       150.0      3.7999
14.0         149.0         0.0      5.1798
14.0         150.0        60.0      2.7026
14.0         151.0         0.0      5.6843
14.0         152.0       240.0      1.5002
14.0         153.0       150.0      4.2351
14.0         154.0       120.0      2.7026
14.0         155.0       150.0      3.6274
14.0         156.0        60.0      2.3148
14.0         157.0       120.0      1.4101
14.0         158.0        30.0      3.0591
14.0         159.0       180.0      6.0476
14.0         160.0       270.0      2.1094
14.0         161.0        60.0      2.5799
14.0         162.0         0.0       6.142
14.0         163.0       240.0      3.7415
14.0         164.0       120.0      3.7415
14.0         165.0       120.0      3.6274
14.0         166.0       270.0      1.3461
14.0         167.0       240.0      3.0121
14.0         168.0        90.0      1.5961
14.0         169.0       240.0      2.8754
14.0         170.0       240.0      3.7999
14.0         171.0       270.0       2.077
14.0         172.0        60.0      3.6274
14.0         173.0        60.0      3.5168
14.0         174.0        60.0      2.9202
14.0         175.0         0.0       5.773
14.0         176.0        90.0      3.0121
14.0         177.0       120.0      2.0136
14.0         178.0        60.0      2.7448
14.0         179.0        90.0      2.5012
14.0         180.0       120.0      2.9658
14.0         181.0       240.0      3.2046
14.0         182.0       150.0      5.0218
14.0         183.0       300.0      2.5403
14.0         184.0        60.0      3.3571
14.0         185.0       240.0      3.7999
14.0         186.0       180.0      2.6611
14.0         187.0       240.0      3.3571
14.0         188.0        60.0      3.2046
14.0         189.0       180.0      7.3966
14.0         190.0       120.0      3.0121
14.0         191.0       240.0      3.2046
14.0         192.0        90.0      3.2046
14.0         193.0        90.0      2.5799
14.0         194.0       240.0      3.4095
14.0         195.0       240.0      3.7415
14.0         196.0       240.0      3.5168
14.0         197.0       240.0      4.2351
14.0         198.0       240.0      3.5168
14.0         199.0       270.0      2.8754
14.0         200.0       180.0      2.7448
14.0         201.0       240.0      3.7415
14.0         202.0       120.0      1.9522
14.0         203.0        60.0      3.6274
14.0         204.0       120.0      2.7876
14.0         205.0        60.0      3.0591
14.0         206.0        90.0      3.3055
14.0         207.0       210.0      1.7789
14.0         208.0       330.0      1.9522
14.0         209.0       270.0      2.4628
14.0         210.0        90.0      3.4095
14.0         211.0        90.0      3.4627
14.0         212.0       120.0      2.7448
14.0         213.0       120.0       2.045
14.0         214.0        90.0      2.7876
14.0         215.0       240.0      2.8754
14.0         216.0       180.0      6.8454
14.0         217.0       240.0      4.7938
14.0         218.0       150.0       7.171
14.0         219.0        90.0       3.684
14.0         220.0       240.0      2.9202
14.0         221.0        60.0      3.7999
14.0         222.0        90.0      3.4095
14.0         223.0       270.0       10.24
14.0         224.0       240.0      2.9658
14.0         225.0       180.0      2.7876
14.0         226.0        90.0      3.2046
14.0         227.0       270.0      4.5761
14.0         228.0        90.0      3.5168
14.0         229.0       240.0      3.2547
15.0           0.0       270.0      1.9222
15.0           1.0       300.0      2.3148
15.0           2.0       270.0      2.1094
15.0           3.0         0.0      1.9826
15.0           4.0       150.0      2.5012
15.0           5.0       330.0      2.5403
15.0           6.0         0.0      2.2792
15.0           7.0       120.0      0.9723
15.0           8.0       270.0      1.3671
15.0           9.0       270.0      1.5002
15.0          10.0       300.0      1.9222
15.0          11.0       240.0      1.8635
15.0          12.0       300.0       2.045
15.0          13.0        30.0      2.7448
15.0          14.0       300.0      2.2442
15.0          15.0       300.0      2.0136
15.0          16.0        30.0      2.9202
15.0          17.0       300.0      2.2097
15.0          18.0       210.0      2.9658
15.0          19.0         0.0      1.9826
15.0          20.0       300.0      2.1094
15.0          21.0       180.0       1.067
15.0          22.0       120.0      0.9282
15.0          23.0         0.0      1.8926
15.0          24.0       120.0      0.9574
15.0          25.0        30.0      2.5799
15.0          26.0        30.0      2.9202
15.0          27.0         0.0      2.3509
15.0          28.0       150.0      2.7448
15.0          29.0       210.0      2.7876
15.0          30.0         0.0      2.6202
15.0          31.0       300.0      1.9826
15.0          32.0       330.0      1.5002
15.0          33.0       180.0      4.3684
15.0          34.0       150.0      2.6202
15.0          35.0         0.0      1.9222
15.0          36.0       330.0      2.5012
15.0          37.0       180.0      4.5058
15.0          38.0       180.0      4.6476
15.0          39.0       330.0      2.6611
15.0          40.0         0.0      1.8926
15.0          41.0       180.0      2.2792
15.0          42.0       330.0      2.5012
15.0          43.0         0.0      3.4627
15.0          44.0       330.0      2.6611
15.0          45.0       180.0      2.8312
15.0          46.0         0.0       3.684
15.0          47.0       270.0      1.4101
15.0          48.0       150.0      2.1094
15.0          49.0         0.0      3.1554
15.0          50.0         0.0      2.1094
15.0          51.0       330.0      2.5799
15.0          52.0       150.0      2.5403
15.0          53.0       180.0      2.6611
15.0          54.0       330.0      2.7448
15.0          55.0         0.0      3.2046
15.0          56.0       180.0      3.4095
15.0          57.0       180.0      2.2097
15.0          58.0       150.0      2.7448
15.0          59.0       330.0      2.7876
15.0          60.0       210.0      2.5799
15.0          61.0       330.0      2.7876
15.0          62.0       150.0      2.7026
15.0          63.0       330.0      2.3148
15.0          64.0         0.0      1.9522
15.0          65.0       330.0      3.0591
15.0          66.0       330.0      2.7448
15.0          67.0       330.0      2.6202
15.0          68.0       330.0      2.6611
15.0          69.0         0.0      1.8067
15.0          70.0       180.0      6.4342
15.0          71.0       180.0      2.1423
15.0          72.0       150.0      2.6202
15.0          73.0        30.0      1.6982
15.0          74.0       210.0      2.4628
15.0          75.0       330.0       1.621
15.0          76.0       180.0      2.5799
15.0          77.0       180.0      3.1554
15.0          78.0       180.0      5.2607
15.0          79.0       150.0      5.3428
15.0          80.0       180.0      2.7876
15.0          81.0       330.0      4.9446
15.0          82.0        90.0      1.8349
15.0          83.0       150.0      2.6611
15.0          84.0       180.0      3.3055
15.0          85.0       150.0      3.2046
15.0          86.0       330.0      2.6611
15.0          87.0       180.0      1.8067
15.0          88.0         0.0      1.8349
15.0          89.0       330.0      2.7026
15.0          90.0       330.0      4.8686
15.0          91.0       150.0      2.7448
15.0          92.0       150.0      2.7448
15.0          93.0         0.0      3.9807
15.0          94.0       210.0      2.6202
15.0          95.0         0.0      4.4366
15.0          96.0       210.0      2.5403
15.0          97.0         0.0      1.7789
15.0          98.0        30.0      1.8926
15.0          99.0       330.0      2.9202
15.0         100.0       180.0      5.9547
15.0         101.0       180.0      5.1002
15.0         102.0         0.0      3.9807
15.0         103.0       150.0      2.7026
15.0         104.0       150.0      2.8312
15.0         105.0       180.0      3.7999
15.0         106.0       330.0      5.0218
15.0         107.0       150.0       7.283
15.0         108.0       210.0      1.4101
15.0         109.0       240.0      1.6464
15.0         110.0       150.0      2.8312
15.0         111.0        60.0      2.1757
15.0         112.0         0.0      3.7999
15.0         113.0       240.0      1.6464
15.0         114.0       150.0      1.1006
15.0         115.0        30.0      2.6202
15.0         116.0        60.0       1.285
15.0         117.0        30.0      3.3055
15.0         118.0       150.0      5.4262
15.0         119.0        30.0      2.6202
15.0         120.0       120.0      2.4628
15.0         121.0       330.0      4.7938
15.0         122.0       180.0      3.5716
15.0         123.0       180.0      5.5109
15.0         124.0       150.0      3.1554
15.0         125.0        90.0      2.4628
15.0         126.0       300.0      2.2097
15.0         127.0       150.0      1.3884
15.0         128.0       240.0      1.9222
15.0         129.0       240.0      3.3571
15.0         130.0       120.0      3.5716
15.0         131.0        90.0      1.6464
15.0         132.0       300.0      1.8926
15.0         133.0        90.0       1.621
15.0         134.0        90.0      1.9522
15.0         135.0       180.0      5.3428
15.0         136.0       240.0      3.2547
15.0         137.0       120.0      3.0121
15.0         138.0        60.0      2.7026
15.0         139.0       330.0      2.9202
15.0         140.0       240.0      1.9826
15.0         141.0       240.0      3.5168
15.0         142.0       270.0      1.7516
15.0         143.0       240.0      3.6274
15.0         144.0       300.0      1.8635
15.0         145.0        90.0      2.1094
15.0         146.0        60.0      2.5799
15.0         147.0       180.0       6.142
15.0         148.0        90.0       2.045
15.0         149.0        60.0      3.5716
15.0         150.0       180.0      6.2379
15.0         151.0        90.0      2.8312
15.0         152.0       240.0      3.5716
15.0         153.0       180.0      6.3353
15.0         154.0       240.0       3.684
15.0         155.0        90.0      1.4772
15.0         156.0       240.0      3.6274
15.0         157.0        90.0      2.6611
15.0         158.0       240.0      3.6274
15.0         159.0        90.0      2.0136
15.0         160.0       180.0      5.4262
15.0         161.0       240.0      3.6274
15.0         162.0       240.0      3.7415
15.0         163.0       300.0      2.5799
15.0         164.0        90.0      2.5799
15.0         165.0       240.0      2.9202
15.0         166.0       150.0      5.5969
15.0         167.0       180.0      1.0506
15.0         168.0       240.0      3.1069
15.0         169.0       120.0      3.3055
15.0         170.0       150.0      3.4095
15.0         171.0       240.0      3.6274
15.0         172.0        90.0      2.9658
15.0         173.0       270.0      1.4101
15.0         174.0       330.0      3.0591
15.0         175.0        60.0      2.6202
15.0         176.0       330.0      3.2046
15.0         177.0       240.0      3.7415
15.0         178.0       330.0      2.9202
15.0         179.0       330.0      2.6202
15.0         180.0       240.0      1.8635
15.0         181.0       240.0      3.7415
15.0         182.0        90.0      3.2547
15.0         183.0       300.0      1.8926
15.0         184.0       240.0      1.5961
15.0         185.0        90.0      2.9202
15.0         186.0        90.0      2.9658
15.0         187.0        60.0      0.9282
15.0         188.0       240.0      2.6202
15.0         189.0       240.0      2.3876
15.0         190.0        90.0      3.4095
15.0         191.0       240.0      2.0136
15.0         192.0       120.0      1.8067
16.0           0.0       270.0      2.7026
16.0           1.0       150.0      2.6611
16.0           2.0       330.0      2.9202
16.0           3.0       210.0      2.1423
16.0           4.0         0.0      2.2792
16.0           5.0       300.0      1.8926
16.0           6.0       300.0      2.3148
16.0           7.0       270.0      2.5403
16.0           8.0       270.0      1.8067
16.0           9.0       240.0      4.3012
16.0          10.0         0.0      1.9522
16.0          11.0       300.0      1.8635
16.0          12.0       300.0      0.8999
16.0          13.0       240.0      3.1069
16.0          14.0       300.0      2.1423
16.0          15.0       330.0      2.0136
16.0          16.0         0.0      2.3509
16.0          17.0        30.0      2.5012
16.0          18.0       210.0      2.3876
16.0          19.0       210.0      3.4095
16.0          20.0       300.0      1.8067
16.0          21.0       300.0      1.8349
16.0          22.0       240.0      2.6202
16.0          23.0       240.0      0.9139
16.0          24.0       210.0      2.6611
16.0          25.0         0.0      0.9875
16.0          26.0       330.0      1.9826
16.0          27.0       210.0      2.9658
16.0          28.0       210.0      2.8312
16.0          29.0       210.0      2.8312
16.0          30.0       120.0      0.9875
16.0          31.0       180.0      2.2097
16.0          32.0       300.0      1.9222
16.0          33.0         0.0      2.0136
16.0          34.0       330.0      1.7789
16.0          35.0        30.0      3.1069
16.0          36.0       330.0      1.7247
16.0          37.0         0.0      3.1069
16.0          38.0       330.0      0.9574
16.0          39.0       180.0      1.9522
16.0          40.0       330.0      3.4095
16.0          41.0       330.0      1.3461
16.0          42.0       330.0      3.2046
16.0          43.0       180.0      1.9222
16.0          44.0         0.0      2.8312
16.0          45.0         0.0      2.6202
16.0          46.0       330.0      2.8312
16.0          47.0        30.0      0.8074
16.0          48.0       150.0      2.7026
16.0          49.0        30.0      0.8328
16.0          50.0       180.0      1.8067
16.0          51.0         0.0       3.684
16.0          52.0       150.0      2.7448
16.0          53.0        30.0       0.886
16.0          54.0         0.0      5.1798
16.0          55.0         0.0      3.4095
16.0          56.0       330.0      2.6202
16.0          57.0         0.0      2.3876
16.0          58.0       150.0      2.7026
16.0          59.0         0.0      3.6274
16.0          60.0       330.0      2.8312
16.0          61.0       120.0        0.64
16.0          62.0         0.0      2.0136
16.0          63.0       210.0      3.3571
16.0          64.0       180.0      1.9826
16.0          65.0       330.0      3.1069
16.0          66.0       180.0      3.5168
16.0          67.0       180.0      2.8754
16.0          68.0       180.0      3.5168
16.0          69.0         0.0      3.5168
16.0          70.0         0.0      2.5403
16.0          71.0       180.0      1.7247
16.0          72.0       150.0      2.7876
16.0          73.0       330.0      3.5716
16.0          74.0       180.0      3.4095
16.0          75.0       180.0      3.4627
16.0          76.0       330.0      3.4095
16.0          77.0        30.0      3.5716
16.0          78.0         0.0      3.1069
16.0          79.0       180.0      3.7415
16.0          80.0         0.0      2.1094
16.0          81.0         0.0      1.1529
16.0          82.0        30.0      1.3671
16.0          83.0       210.0      3.1554
16.0          84.0       330.0      3.0121
16.0          85.0       330.0      3.5168
16.0          86.0       330.0      3.0121
16.0          87.0       180.0      2.1423
16.0          88.0       330.0      2.8312
16.0          89.0         0.0      2.8754
16.0          90.0       330.0      1.9222
16.0          91.0       150.0      2.7876
16.0          92.0       150.0      2.7448
16.0          93.0         0.0      2.4628
16.0          94.0       330.0      2.8754
16.0          95.0       180.0      3.8593
16.0          96.0       330.0      2.9658
16.0          97.0       150.0      2.8312
16.0          98.0       330.0      3.4095
16.0          99.0       180.0      3.3055
16.0         100.0       150.0      2.7448
16.0         101.0       330.0      3.0591
16.0         102.0       150.0      2.9658
16.0         103.0       150.0      3.3055
16.0         104.0       180.0      4.9446
16.0         105.0       150.0      3.4627
16.0         106.0       180.0      4.5761
16.0         107.0       210.0      2.7026
16.0         108.0       330.0      2.9658
16.0         109.0       210.0      2.3509
16.0         110.0        30.0      3.4095
16.0         111.0       180.0      3.7415
16.0         112.0       150.0      2.8754
16.0         113.0       150.0      2.9658
16.0         114.0       150.0      3.3055
16.0         115.0       210.0      2.6202
16.0         116.0       150.0      2.7448
16.0         117.0       240.0      2.7876
16.0         118.0       120.0      2.7448
16.0         119.0       150.0       10.24
16.0         120.0       150.0      3.7415
16.0         121.0        90.0      2.3876
16.0         122.0       150.0      2.5403
16.0         123.0        30.0      2.9658
16.0         124.0       210.0      3.5716
16.0         125.0         0.0      5.2607
16.0         126.0         0.0      5.1798
16.0         127.0        90.0      2.2097
16.0         128.0       150.0      2.7448
16.0         129.0       240.0      2.6611
16.0         130.0       180.0      5.9547
16.0         131.0        60.0       2.045
16.0         132.0        60.0      2.3148
16.0         133.0        60.0      2.3876
16.0         134.0         0.0      2.7876
16.0         135.0       180.0      2.4249
16.0         136.0        60.0      2.1757
16.0         137.0       180.0      2.9202
16.0         138.0        60.0      2.7448
16.0         139.0       240.0      4.7201
16.0         140.0       150.0      2.8312
16.0         141.0        60.0      2.2792
16.0         142.0       150.0      2.9202
16.0         143.0       270.0      2.1757
16.0         144.0        90.0      2.5012
16.0         145.0        60.0      2.3148
16.0         146.0       240.0      3.1554
16.0         147.0        60.0      2.6611
16.0         148.0       240.0       3.684
16.0         149.0       330.0      2.5799
16.0         150.0        90.0      0.9139
16.0         151.0       330.0      2.3876
16.0         152.0        30.0       3.684
16.0         153.0       240.0      3.0591
16.0         154.0       150.0      1.3254
16.0         155.0       180.0      4.0428
16.0         156.0       270.0      1.9826
16.0         157.0       240.0      3.4627
16.0         158.0       240.0      2.5799
16.0         159.0       120.0      3.0591
16.0         160.0       240.0      3.5168
16.0         161.0         0.0      2.0136
16.0         162.0       180.0      1.7247
16.0         163.0        90.0      0.9139
16.0         164.0        90.0      3.4627
16.0         165.0       180.0      2.1094
16.0         166.0        90.0      1.9826
16.0         167.0       330.0       3.684
16.0         168.0       120.0      0.8999
16.0         169.0       330.0      3.8593
16.0         170.0       240.0      2.6611
16.0         171.0       270.0      1.8926
16.0         172.0       150.0      1.2458
16.0         173.0       270.0      1.9222
16.0         174.0       330.0      2.5799
16.0         175.0       300.0      3.5716
16.0         176.0       150.0      2.1423
16.0         177.0        90.0      3.5716
16.0         178.0       240.0      2.9202
16.0         179.0       240.0      3.6274
16.0         180.0       210.0      4.9446
16.0         181.0        60.0        0.64
16.0         182.0       270.0      5.0218
16.0         183.0       240.0      3.5716
16.0         184.0       150.0      2.5403
16.0         185.0       330.0      2.7026
16.0         186.0       270.0      1.9826
16.0         187.0       240.0      3.5716
16.0         188.0        30.0      1.9826
16.0         189.0         0.0      5.2607
16.0         190.0        90.0      3.6274
16.0         191.0       240.0      2.8312
16.0         192.0       240.0      3.1554
16.0         193.0        90.0      3.0591
16.0         194.0        60.0      2.7876
16.0         195.0        90.0      3.5716
16.0         196.0         0.0      3.0591
16.0         197.0       240.0      2.9658
16.0         198.0        90.0      0.8724
16.0         199.0       270.0      2.4249
16.0         200.0       300.0      2.7876
16.0         201.0       240.0      2.5799
16.0         202.0       270.0      2.5799
16.0         203.0       330.0      1.9222
16.0         204.0       330.0      3.5168
16.0         205.0       240.0      3.0591
16.0         206.0       150.0      2.7026
17.0           0.0       210.0       2.045
17.0           1.0       270.0      1.8067
17.0           2.0       300.0      1.8926
17.0           3.0       210.0      1.9222
17.0           4.0       270.0      1.9222
17.0           5.0       300.0      1.5961
17.0           6.0       210.0      3.1069
17.0           7.0       180.0       0.859
17.0           8.0       270.0      1.7789
17.0           9.0       300.0      1.8926
17.0          10.0       330.0      1.3884
17.0          11.0       210.0      3.3055
17.0          12.0       300.0      1.8349
17.0          13.0        30.0      3.5716
17.0          14.0       240.0       2.077
17.0          15.0         0.0       2.077
17.0          16.0       180.0      1.9522
17.0          17.0       210.0      3.1554
17.0          18.0         0.0      1.3671
17.0          19.0       300.0      1.8349
17.0          20.0       330.0      1.5961
17.0          21.0       300.0      2.1757
17.0          22.0       240.0      1.8926
17.0          23.0       270.0      1.7247
17.0          24.0         0.0      0.9427
17.0          25.0        60.0      1.0186
17.0          26.0       210.0      3.1554
17.0          27.0       270.0      1.7247
17.0          28.0       120.0      1.4545
17.0          29.0       330.0      1.4101
17.0          30.0         0.0      1.8349
17.0          31.0       210.0      3.4627
17.0          32.0       150.0      1.3461
17.0          33.0       210.0      2.9658
17.0          34.0       120.0       1.305
17.0          35.0         0.0      0.9875
17.0          36.0       330.0      1.5961
17.0          37.0       330.0      1.4772
17.0          38.0       330.0      1.4772
17.0          39.0       180.0      1.6721
17.0          40.0         0.0       2.077
17.0          41.0       330.0      1.5002
17.0          42.0         0.0      0.8999
17.0          43.0       330.0       1.305
17.0          44.0       180.0       1.621
17.0          45.0       300.0      2.7026
17.0          46.0         0.0      3.5168
17.0          47.0       120.0      1.4772
17.0          48.0         0.0      1.8067
17.0          49.0        30.0      1.3254
17.0          50.0       330.0      1.4101
17.0          51.0       330.0      3.1554
17.0          52.0       330.0       1.621
17.0          53.0       330.0      2.5799
17.0          54.0       330.0        0.64
17.0          55.0        90.0        0.64
17.0          56.0         0.0      0.8999
17.0          57.0       330.0      1.8067
17.0          58.0         0.0      1.6721
17.0          59.0       330.0      1.5474
17.0          60.0       180.0      3.5716
17.0          61.0       330.0      1.6982
17.0          62.0         0.0      0.8724
17.0          63.0       330.0      1.5716
17.0          64.0       150.0      2.7876
17.0          65.0       330.0       1.621
17.0          66.0         0.0      0.9427
17.0          67.0         0.0      3.2046
17.0          68.0       330.0      3.0121
17.0          69.0       180.0      2.1423
17.0          70.0       180.0      2.1423
17.0          71.0        30.0      2.7448
17.0          72.0       330.0      3.3055
17.0          73.0       180.0      3.5716
17.0          74.0       180.0      2.5403
17.0          75.0       330.0      3.3055
17.0          76.0       330.0      3.4627
17.0          77.0       330.0      3.4627
17.0          78.0       330.0        0.64
17.0          79.0       150.0      3.2547
17.0          80.0       150.0      3.1554
17.0          81.0       180.0       3.684
17.0          82.0       180.0      2.2097
17.0          83.0       180.0      1.9222
17.0          84.0       330.0      3.0591
17.0          85.0       150.0      3.4095
17.0          86.0       150.0      3.0121
17.0          87.0       330.0      3.1554
17.0          88.0       330.0      3.1554
17.0          89.0       180.0      1.8926
17.0          90.0       180.0      3.5168
17.0          91.0       330.0      2.7876
17.0          92.0       180.0      2.5799
17.0          93.0         0.0      3.5716
17.0          94.0       330.0      3.3055
17.0          95.0       210.0      3.9807
17.0          96.0       330.0      3.3571
17.0          97.0       180.0      3.3055
17.0          98.0       150.0      3.4095
17.0          99.0       330.0      3.4627
17.0         100.0       150.0      1.3461
17.0         101.0       330.0      3.3055
17.0         102.0       150.0       3.684
17.0         103.0       330.0      3.2547
17.0         104.0        30.0      3.3571
17.0         105.0       150.0      3.5716
17.0         106.0       210.0      2.0136
17.0         107.0       180.0      3.7999
17.0         108.0       150.0      3.5168
17.0         109.0        30.0      2.5799
17.0         110.0       210.0      2.6611
17.0         111.0       150.0      3.6274
17.0         112.0        30.0      2.6611
17.0         113.0       150.0      3.5716
17.0         114.0       180.0      3.4627
17.0         115.0       180.0      3.1554
17.0         116.0       180.0      3.6274
17.0         117.0       180.0       2.045
17.0         118.0       150.0      1.3884
17.0         119.0       210.0      2.5799
17.0         120.0       150.0      3.6274
17.0         121.0        30.0      2.5799
17.0         122.0       150.0      3.5168
17.0         123.0       150.0      3.2547
17.0         124.0       150.0      3.5168
17.0         125.0       180.0      2.0136
17.0         126.0       210.0      2.7876
17.0         127.0       210.0      3.0121
17.0         128.0       120.0      2.5012
17.0         129.0        30.0      1.6721
17.0         130.0        30.0      2.7448
17.0         131.0       150.0       3.684
17.0         132.0       210.0      1.3461
17.0         133.0       150.0      3.5168
17.0         134.0       150.0      1.3671
17.0         135.0       150.0      3.2547
17.0         136.0       180.0        4.17
17.0         137.0        60.0      2.5799
17.0         138.0       150.0      3.5716
17.0         139.0        90.0      2.4628
17.0         140.0        30.0      2.3876
17.0         141.0       120.0      1.3884
17.0         142.0       150.0      3.4627
17.0         143.0       240.0      1.8926
17.0         144.0       210.0      2.5403
17.0         145.0        60.0      1.5002
17.0         146.0       120.0      1.3884
17.0         147.0         0.0      3.5716
17.0         148.0       240.0      1.9222
17.0         149.0       120.0      1.8067
17.0         150.0       150.0      1.7247
17.0         151.0        90.0        0.64
17.0         152.0       300.0      2.7876
17.0         153.0       240.0      1.9826
17.0         154.0       150.0      3.7415
17.0         155.0       120.0      3.3055
17.0         156.0       270.0      1.9522
17.0         157.0        90.0      2.5012
17.0         158.0       240.0      1.9222
17.0         159.0       150.0      3.5168
17.0         160.0       270.0      3.5168
17.0         161.0       330.0      1.4545
17.0         162.0       240.0      1.9522
17.0         163.0       240.0      3.5716
17.0         164.0        60.0        0.64
17.0         165.0       270.0      1.8349
17.0         166.0       150.0        0.64
17.0         167.0        90.0      2.5799
17.0         168.0        60.0      2.4249
17.0         169.0        90.0        0.64
17.0         170.0       120.0      2.6202
17.0         171.0       270.0      1.8067
17.0         172.0         0.0      0.8999
17.0         173.0       270.0      1.9222
17.0         174.0        90.0        0.64
17.0         175.0        90.0      2.5012
17.0         176.0        90.0      3.3055
17.0         177.0        90.0        0.64
17.0         178.0       330.0      1.4545
17.0         179.0         0.0      3.7415
17.0         180.0        90.0      2.8312
17.0         181.0        90.0      2.6202
17.0         182.0        90.0        0.64
17.0         183.0       270.0      1.8349
17.0         184.0        60.0      3.0121
17.0         185.0       120.0      1.3254
17.0         186.0       330.0      1.5002
17.0         187.0        90.0      2.7448
17.0         188.0       120.0      3.2547
17.0         189.0       180.0      2.3876
17.0         190.0       240.0      1.9826
17.0         191.0        90.0      2.6611
17.0         192.0       240.0      1.9222
17.0         193.0        60.0       1.285
17.0         194.0       240.0      3.4627
17.0         195.0        90.0      2.5799
17.0         196.0        90.0      2.6202
17.0         197.0        90.0      2.4628
17.0         198.0        60.0       3.684
17.0         199.0        90.0      2.6202
17.0         200.0        60.0      1.2078
17.0         201.0       270.0      1.9826
17.0         202.0        90.0        0.64
17.0         203.0         0.0      1.9222
17.0         204.0       330.0      1.4321
17.0         205.0       270.0      1.5961
17.0         206.0        60.0      1.9522
17.0         207.0        90.0      2.6611
17.0         208.0       270.0      1.8067
17.0         209.0       300.0      2.7026
17.0         210.0        60.0      1.0186
17.0         211.0         0.0        0.64
17.0         212.0       240.0      2.1423
17.0         213.0        90.0        0.64
17.0         214.0       270.0      1.8926
17.0         215.0       240.0      1.8067
17.0         216.0        60.0      2.7448
17.0         217.0       270.0       2.077
17.0         218.0       300.0      2.6202
17.0         219.0        90.0      2.7448
17.0         220.0       270.0      1.8635
17.0         221.0        90.0      2.6202
17.0         222.0       120.0       1.305
17.0         223.0       300.0      1.7247
17.0         224.0       240.0      2.6611
17.0         225.0       120.0      2.3148
17.0         226.0       240.0       2.077
18.0           0.0       210.0      1.6982
18.0           1.0       270.0      2.3509
18.0           2.0       150.0      1.5002
18.0           3.0       240.0      2.7026
18.0           4.0         0.0       2.045
18.0           5.0       270.0      1.5716
18.0           6.0       150.0      1.5237
18.0           7.0       210.0      1.5474
18.0           8.0       270.0      1.5002
18.0           9.0       300.0      2.7876
18.0          10.0       150.0      1.4545
18.0          11.0       300.0      2.7448
18.0          12.0        30.0      3.4095
18.0          13.0       240.0      2.4628
18.0          14.0         0.0      2.4628
18.0          15.0       270.0      1.5237
18.0          16.0       210.0      1.6721
18.0          17.0         0.0      1.9522
18.0          18.0        30.0      2.7026
18.0          19.0       150.0      1.5002
18.0          20.0         0.0       2.077
18.0          21.0       150.0      1.5961
18.0          22.0       270.0      1.8067
18.0          23.0       210.0      1.6721
18.0          24.0       270.0      1.4101
18.0          25.0         0.0      2.6611
18.0          26.0        60.0       1.621
18.0          27.0       150.0      1.3884
18.0          28.0       150.0      1.4321
18.0          29.0       150.0      1.5474
18.0          30.0       210.0      1.8349
18.0          31.0         0.0      1.9522
18.0          32.0       150.0      1.4101
18.0          33.0         0.0      2.5799
18.0          34.0       150.0      1.4545
18.0          35.0         0.0      2.6611
18.0          36.0       150.0      1.4545
18.0          37.0       330.0      2.1423
18.0          38.0       150.0      1.5237
18.0          39.0       330.0      2.8312
18.0          40.0       150.0      1.4321
18.0          41.0         0.0      2.0136
18.0          42.0         0.0      2.6611
18.0          43.0       330.0      1.3884
18.0          44.0       180.0      2.3876
18.0          45.0       300.0      3.0121
18.0          46.0       150.0      1.7247
18.0          47.0       150.0      1.6721
18.0          48.0         0.0      2.2442
18.0          49.0         0.0      2.0136
18.0          50.0       150.0      1.5961
18.0          51.0       330.0      1.9826
18.0          52.0       120.0        0.64
18.0          53.0       150.0      1.4321
18.0          54.0       330.0      1.6982
18.0          55.0       180.0      2.2442
18.0          56.0       150.0      1.4101
18.0          57.0         0.0      1.8635
18.0          58.0         0.0      2.4249
18.0          59.0         0.0      2.3148
18.0          60.0         0.0      3.4095
18.0          61.0       150.0      1.4545
18.0          62.0       150.0      1.5474
18.0          63.0         0.0      3.0591
18.0          64.0         0.0      1.9522
18.0          65.0       330.0      2.5403
18.0          66.0       150.0      2.2097
18.0          67.0       330.0      1.9222
18.0          68.0       150.0      1.8067
18.0          69.0         0.0      1.9522
18.0          70.0         0.0      2.8312
18.0          71.0       330.0      2.6202
18.0          72.0       180.0       2.045
18.0          73.0       150.0      1.5002
18.0          74.0         0.0      2.5799
18.0          75.0       180.0      3.5716
18.0          76.0       180.0      2.7026
18.0          77.0       330.0      1.9522
18.0          78.0       330.0      2.2792
18.0          79.0       330.0      3.4095
18.0          80.0       150.0      1.5237
18.0          81.0       150.0      1.8926
18.0          82.0         0.0       2.045
18.0          83.0         0.0      1.5474
18.0          84.0       180.0      2.4628
18.0          85.0       180.0      2.7876
18.0          86.0       330.0      3.0591
18.0          87.0         0.0      3.0121
18.0          88.0         0.0       2.045
18.0          89.0       180.0      2.6611
18.0          90.0       150.0      2.0136
18.0          91.0       330.0      2.7026
18.0          92.0       330.0      2.8312
18.0          93.0       330.0      2.4628
18.0          94.0       180.0      2.5012
18.0          95.0       180.0      2.7026
18.0          96.0       330.0      2.4628
18.0          97.0       180.0      1.7789
18.0          98.0         0.0      2.8754
18.0          99.0         0.0      2.2097
18.0         100.0       330.0      2.7876
18.0         101.0       330.0      2.5403
18.0         102.0       210.0       3.684
18.0         103.0       180.0      2.7448
18.0         104.0       180.0      2.6202
18.0         105.0       150.0      1.7247
18.0         106.0         0.0      2.6202
18.0         107.0       330.0      2.5403
18.0         108.0       150.0      1.5237
18.0         109.0       330.0      2.5403
18.0         110.0       150.0      1.5716
18.0         111.0       150.0      1.7247
18.0         112.0        30.0      2.7026
18.0         113.0       150.0      2.2792
18.0         114.0       150.0      2.3876
18.0         115.0       150.0      1.5716
18.0         116.0        30.0      2.6202
18.0         117.0       150.0      2.2097
18.0         118.0       180.0      2.5799
18.0         119.0       180.0      2.8312
18.0         120.0       180.0      2.6202
18.0         121.0       180.0      3.4095
18.0         122.0       180.0      3.3055
18.0         123.0       150.0      1.4545
18.0         124.0       180.0      2.5799
18.0         125.0       210.0      1.7516
18.0         126.0       240.0      2.4249
18.0         127.0        30.0       1.305
18.0         128.0       150.0      1.5474
18.0         129.0       120.0      2.3876
18.0         130.0       150.0      2.3509
18.0         131.0       180.0      2.7026
18.0         132.0       180.0      3.0591
18.0         133.0       330.0       7.171
18.0         134.0       150.0      1.4772
18.0         135.0       150.0      2.5799
18.0         136.0       180.0      3.1069
18.0         137.0       150.0      1.4321
18.0         138.0       150.0      1.5002
18.0         139.0       150.0      1.5002
18.0         140.0        60.0      1.3461
18.0         141.0       150.0      1.5716
18.0         142.0       240.0      2.2792
18.0         143.0        60.0      1.4772
18.0         144.0       150.0      1.5474
18.0         145.0       240.0      1.7789
18.0         146.0        60.0      2.4249
18.0         147.0       150.0      1.4545
18.0         148.0       150.0      1.6721
18.0         149.0       300.0      2.8312
18.0         150.0       150.0      1.5002
18.0         151.0       120.0      3.4095
18.0         152.0        90.0      2.5799
18.0         153.0       240.0      2.4628
18.0         154.0       240.0      1.6721
18.0         155.0       180.0      2.5012
18.0         156.0       270.0      3.5168
18.0         157.0        60.0      2.3509
18.0         158.0       330.0      2.4249
18.0         159.0       240.0      2.8754
18.0         160.0        90.0      0.9139
18.0         161.0        90.0      1.8926
18.0         162.0       150.0      1.3671
18.0         163.0       120.0        0.64
18.0         164.0       240.0      2.4628
18.0         165.0       120.0      3.0591
18.0         166.0       270.0      3.6274
18.0         167.0       150.0      1.4772
18.0         168.0       270.0      1.9222
18.0         169.0       150.0      1.4101
18.0         170.0       270.0       2.077
18.0         171.0        90.0      3.4095
18.0         172.0       180.0      2.5403
18.0         173.0       150.0      1.4772
18.0         174.0         0.0      2.5799
18.0         175.0         0.0       3.684
18.0         176.0       150.0      1.4545
18.0         177.0       150.0      1.5237
18.0         178.0       120.0      3.2547
18.0         179.0         0.0      2.2097
18.0         180.0       270.0      2.6611
18.0         181.0       150.0      1.8067
18.0         182.0       240.0      2.5403
18.0         183.0        90.0       2.077
18.0         184.0        60.0      1.6982
18.0         185.0         0.0      2.1094
18.0         186.0       150.0      1.4772
18.0         187.0       150.0      1.5474
18.0         188.0         0.0      2.5799
18.0         189.0       150.0      1.4772
18.0         190.0       210.0      1.5002
18.0         191.0       270.0      3.4627
18.0         192.0       330.0       1.285
18.0         193.0         0.0      2.7026
18.0         194.0       150.0      1.3884
18.0         195.0        30.0      1.5002
18.0         196.0        90.0       2.077
18.0         197.0       150.0      1.4772
18.0         198.0       210.0      1.6721
18.0         199.0       150.0      1.4101
18.0         200.0       300.0      2.9202
18.0         201.0       240.0      2.1423
18.0         202.0         0.0      1.8926
18.0         203.0       240.0      2.5799
18.0         204.0       270.0      1.4772
18.0         205.0       300.0      2.8754
18.0         206.0       330.0      1.2458
18.0         207.0       150.0      1.4321
18.0         208.0        30.0       1.305
18.0         209.0       120.0      2.3148
18.0         210.0       240.0      2.5012
18.0         211.0       270.0      2.3509
18.0         212.0       120.0      0.8724
19.0           0.0       210.0       2.077
19.0           1.0        30.0      2.5012
19.0           2.0       300.0       2.045
19.0           3.0       300.0       2.077
19.0           4.0       120.0      1.4321
19.0           5.0       300.0      2.3876
19.0           6.0         0.0      2.6611
19.0           7.0        30.0      2.4628
19.0           8.0        30.0      2.5012
19.0           9.0       270.0      1.8067
19.0          10.0       300.0      1.9522
19.0          11.0       120.0      1.7516
19.0          12.0       270.0       2.077
19.0          13.0       270.0      2.1757
19.0          14.0       300.0      1.8926
19.0          15.0       300.0      1.8349
19.0          16.0       210.0      2.6611
19.0          17.0       330.0      1.9222
19.0          18.0       120.0      1.7789
19.0          19.0       210.0      2.8312
19.0          20.0       180.0      1.8926
19.0          21.0       300.0      1.9222
19.0          22.0       180.0       2.045
19.0          23.0       300.0      1.9522
19.0          24.0        30.0       2.077
19.0          25.0       300.0      1.8926
19.0          26.0       120.0      1.4321
19.0          27.0        30.0      2.5012
19.0          28.0       120.0      1.4545
19.0          29.0       120.0      1.4772
19.0          30.0       150.0      1.9222
19.0          31.0       300.0      2.3148
19.0          32.0       270.0      2.5799
19.0          33.0         0.0      1.3884
19.0          34.0       180.0      1.9826
19.0          35.0       120.0      1.7247
19.0          36.0       300.0      1.8635
19.0          37.0         0.0      3.0121
19.0          38.0       330.0      1.9826
19.0          39.0        30.0      2.3876
19.0          40.0       330.0      3.4627
19.0          41.0       150.0      1.9222
19.0          42.0       330.0      3.3571
19.0          43.0         0.0      3.1554
19.0          44.0       330.0      1.7516
19.0          45.0       180.0      3.5168
19.0          46.0         0.0      2.9658
19.0          47.0         0.0      3.2547
19.0          48.0        30.0      2.5012
19.0          49.0         0.0      2.9202
19.0          50.0         0.0      2.6202
19.0          51.0         0.0      2.9202
19.0          52.0         0.0      3.3055
19.0          53.0       180.0      1.5716
19.0          54.0       330.0      3.3055
19.0          55.0       330.0      3.5168
19.0          56.0       330.0      3.3571
19.0          57.0       180.0      1.6982
19.0          58.0         0.0      2.9202
19.0          59.0         0.0      2.7876
19.0          60.0       180.0      1.8926
19.0          61.0       180.0      1.5237
19.0          62.0        30.0      2.3876
19.0          63.0       150.0      1.9222
19.0          64.0         0.0      3.3055
19.0          65.0       180.0      0.9282
19.0          66.0         0.0      3.3055
19.0          67.0       180.0      4.6476
19.0          68.0       330.0      3.5716
19.0          69.0         0.0      2.7448
19.0          70.0       330.0      3.5168
19.0          71.0       330.0      3.5716
19.0          72.0       150.0      2.0136
19.0          73.0       330.0      3.3055
19.0          74.0         0.0      2.7876
19.0          75.0        30.0      2.4249
19.0          76.0       300.0      2.2792
19.0          77.0       330.0      3.3571
19.0          78.0         0.0      3.1069
19.0          79.0       330.0      3.2547
19.0          80.0       210.0      2.4628
19.0          81.0         0.0      2.7876
19.0          82.0       330.0      3.5168
19.0          83.0       210.0      2.7876
19.0          84.0         0.0      2.6611
19.0          85.0       180.0      3.6274
19.0          86.0       330.0       3.684
19.0          87.0       330.0      3.6274
19.0          88.0       180.0      1.5237
19.0          89.0       180.0      1.3254
19.0          90.0       150.0      5.8631
19.0          91.0       150.0      5.2607
19.0          92.0       180.0      4.3684
19.0          93.0       210.0      2.5799
19.0          94.0       330.0      3.5716
19.0          95.0        30.0      2.3148
19.0          96.0        30.0      1.9522
19.0          97.0       330.0        4.17
19.0          98.0       120.0      1.3884
19.0          99.0       180.0      2.1757
19.0         100.0       180.0      3.5168
19.0         101.0       330.0      3.5716
19.0         102.0       180.0      3.0121
19.0         103.0         0.0      2.8312
19.0         104.0        30.0      2.3148
19.0         105.0       150.0      3.7415
19.0         106.0       120.0      1.6721
19.0         107.0       210.0      2.8312
19.0         108.0        30.0      2.2792
19.0         109.0       300.0      4.8686
19.0         110.0       120.0      1.8349
19.0         111.0       150.0      4.3012
19.0         112.0       300.0      5.2607
19.0         113.0       330.0      3.3055
19.0         114.0       330.0      3.4627
19.0         115.0       180.0      4.5058
19.0         116.0        30.0      1.8926
19.0         117.0         0.0      3.0591
19.0         118.0        60.0      1.9522
19.0         119.0       330.0      3.6274
19.0         120.0       300.0      1.7516
19.0         121.0       180.0      0.9282
19.0         122.0        60.0      1.8635
19.0         123.0       270.0       1.621
19.0         124.0        60.0      2.0136
19.0         125.0       240.0      3.0591
19.0         126.0       300.0      1.7247
19.0         127.0       150.0      2.5012
19.0         128.0        30.0      2.4628
19.0         129.0         0.0      3.1069
19.0         130.0        30.0      2.4628
19.0         131.0        90.0      2.5799
19.0         132.0       120.0      3.4095
19.0         133.0       240.0      3.2547
19.0         134.0         0.0      2.7448
19.0         135.0       240.0      3.6274
19.0         136.0       120.0      1.5716
19.0         137.0        30.0      2.4249
19.0         138.0       270.0      3.3571
19.0         139.0       270.0      2.2097
19.0         140.0       240.0      3.6274
19.0         141.0       120.0      1.5474
19.0         142.0       240.0      3.3571
19.0         143.0       270.0       2.077
19.0         144.0       120.0      1.7516
19.0         145.0        90.0      2.2792
19.0         146.0       330.0      3.2547
19.0         147.0       240.0      3.5716
19.0         148.0       270.0      2.3876
19.0         149.0       270.0      2.3876
19.0         150.0        90.0      2.6611
19.0         151.0        90.0      3.3055
19.0         152.0       240.0      3.5716
19.0         153.0        90.0      2.5012
19.0         154.0        90.0      1.8349
19.0         155.0        90.0      1.9222
19.0         156.0       270.0      1.9522
19.0         157.0        90.0      2.4628
19.0         158.0       240.0      3.5716
19.0         159.0       270.0      2.5403
19.0         160.0       270.0      2.1757
19.0         161.0       330.0      3.4627
19.0         162.0       120.0      3.2547
19.0         163.0        90.0      2.5403
19.0         164.0        60.0      1.6982
19.0         165.0       300.0      3.2547
19.0         166.0       300.0      1.9522
19.0         167.0       270.0      2.5403
19.0         168.0       240.0      3.5168
19.0         169.0       270.0      3.4095
19.0         170.0       270.0      2.5012
19.0         171.0       240.0      3.4627
19.0         172.0         0.0      1.3884
19.0         173.0        90.0      3.1069
19.0         174.0        30.0      2.5403
19.0         175.0       270.0      0.8724
19.0         176.0       330.0      1.6721
19.0         177.0       270.0      2.5012
19.0         178.0       270.0      2.4249
19.0         179.0       270.0      1.6464
19.0         180.0       300.0      2.5403
19.0         181.0        60.0      1.7789
19.0         182.0       330.0      5.5109
19.0         183.0       240.0      3.5168
19.0         184.0       240.0      2.8754
19.0         185.0       210.0      1.8926
19.0         186.0       270.0      2.3148
19.0         187.0       300.0      2.1423
19.0         188.0       300.0      1.8926
19.0         189.0       300.0      2.5012
20.0           0.0       210.0      3.2547
20.0           1.0       270.0      1.9222
20.0           2.0       300.0      2.2097
20.0           3.0       330.0      2.5012
20.0           4.0       330.0      1.2652
20.0           5.0         0.0      2.5799
20.0           6.0       330.0      2.5403
20.0           7.0       270.0      1.9222
20.0           8.0        30.0       2.045
20.0           9.0       270.0      1.9222
20.0          10.0       120.0      1.3254
20.0          11.0       330.0      2.2792
20.0          12.0       300.0      2.2792
20.0          13.0       210.0      3.5168
20.0          14.0       330.0      2.5012
20.0          15.0         0.0      2.5799
20.0          16.0       180.0      2.5403
20.0          17.0       120.0      1.2458
20.0          18.0       150.0      2.4249
20.0          19.0       120.0      1.2652
20.0          20.0       330.0      2.6611
20.0          21.0       330.0      2.1094
20.0          22.0       330.0      0.9574
20.0          23.0       180.0      2.5799
20.0          24.0       330.0      2.5012
20.0          25.0         0.0      3.4627
20.0          26.0       150.0      2.1094
20.0          27.0         0.0      1.8067
20.0          28.0         0.0      3.5716
20.0          29.0       330.0      2.3509
20.0          30.0         0.0      2.2792
20.0          31.0         0.0      2.5403
20.0          32.0       330.0      0.9427
20.0          33.0       330.0      2.5799
20.0          34.0       330.0      2.1423
20.0          35.0         0.0      3.1554
20.0          36.0       330.0      2.2097
20.0          37.0       330.0      2.5403
20.0          38.0         0.0      3.9195
20.0          39.0       180.0      2.7876
20.0          40.0       180.0      3.1554
20.0          41.0       180.0      3.3571
20.0          42.0       180.0       1.621
20.0          43.0       330.0      2.4249
20.0          44.0       330.0      2.5799
20.0          45.0       330.0      2.6611
20.0          46.0       330.0      2.3876
20.0          47.0       150.0      2.4249
20.0          48.0         0.0      1.9522
20.0          49.0       180.0       2.045
20.0          50.0       180.0      3.1554
20.0          51.0         0.0      2.5403
20.0          52.0       330.0      2.9202
20.0          53.0       180.0      3.1554
20.0          54.0       180.0      3.0591
20.0          55.0       150.0      2.6611
20.0          56.0       330.0      3.2547
20.0          57.0       150.0      2.5012
20.0          58.0       180.0      3.1554
20.0          59.0       330.0      2.7876
20.0          60.0       150.0      2.7448
20.0          61.0       330.0      3.0121
20.0          62.0       330.0      3.0121
20.0          63.0       180.0      3.2046
20.0          64.0       330.0      1.4101
20.0          65.0       330.0      2.7876
20.0          66.0       180.0      3.4627
20.0          67.0       180.0      2.9658
20.0          68.0         0.0      3.9807
20.0          69.0       330.0      2.9658
20.0          70.0       180.0      3.2046
20.0          71.0       150.0      3.1069
20.0          72.0       150.0      2.0136
20.0          73.0       330.0      2.9658
20.0          74.0       150.0      5.2607
20.0          75.0       210.0      2.6611
20.0          76.0       180.0      3.5716
20.0          77.0       330.0      2.7026
20.0          78.0       210.0      2.2442
20.0          79.0       150.0      2.6611
20.0          80.0       120.0      1.6721
20.0          81.0       150.0      3.3571
20.0          82.0       180.0      3.1554
20.0          83.0       210.0      2.5799
20.0          84.0       330.0      2.8312
20.0          85.0       150.0      3.3571
20.0          86.0       180.0      3.3055
20.0          87.0       180.0      3.5716
20.0          88.0        30.0      2.5403
20.0          89.0       150.0      3.3055
20.0          90.0       150.0      1.8926
20.0          91.0       210.0       2.045
20.0          92.0       150.0      4.8686
20.0          93.0       150.0       2.077
20.0          94.0       120.0      1.9522
20.0          95.0       180.0      3.1554
20.0          96.0        60.0      2.5799
20.0          97.0       180.0      3.3055
20.0          98.0        60.0      2.4249
20.0          99.0        30.0      1.9522
20.0         100.0        90.0      2.5012
20.0         101.0       330.0      2.8312
20.0         102.0       210.0      1.7516
20.0         103.0       150.0      2.5403
20.0         104.0        60.0      2.6202
20.0         105.0       120.0      1.3461
20.0         106.0       240.0      1.9826
20.0         107.0       120.0      1.4101
20.0         108.0       150.0      1.8926
20.0         109.0       180.0      3.1554
20.0         110.0       150.0      1.9522
20.0         111.0       120.0      3.2046
20.0         112.0       180.0      3.1554
20.0         113.0       240.0       2.045
20.0         114.0       120.0      3.3571
20.0         115.0       330.0      2.6202
20.0         116.0        60.0      2.5403
20.0         117.0       120.0      1.8926
20.0         118.0       180.0      3.2547
20.0         119.0       270.0      3.4095
20.0         120.0        60.0      2.5012
20.0         121.0        60.0      2.4628
20.0         122.0       120.0      1.3461
20.0         123.0        60.0      2.4628
20.0         124.0       180.0      2.8754
20.0         125.0       270.0      2.0136
20.0         126.0        90.0      3.5716
20.0         127.0       240.0      2.8754
20.0         128.0       240.0      2.9202
20.0         129.0       120.0       1.305
20.0         130.0        60.0      1.3884
20.0         131.0         0.0      1.9222
20.0         132.0       270.0      1.9522
20.0         133.0       240.0      2.5799
20.0         134.0       270.0      1.9222
20.0         135.0        90.0      1.3671
20.0         136.0         0.0      3.1069
20.0         137.0       120.0      2.8312
20.0         138.0       270.0      1.9826
20.0         139.0       180.0      2.8312
20.0         140.0       150.0      2.5799
20.0         141.0        60.0      2.1423
20.0         142.0        60.0      1.5002
20.0         143.0       180.0      2.7876
20.0         144.0       120.0      1.5002
20.0         145.0         0.0      2.8312
20.0         146.0       270.0      2.0136
20.0         147.0       270.0      3.7999
20.0         148.0       150.0      1.0186
20.0         149.0        30.0      2.2792
20.0         150.0         0.0      3.3571
20.0         151.0       120.0      1.4101
20.0         152.0       330.0      1.2652
20.0         153.0         0.0      2.1094
20.0         154.0        90.0      1.3671
20.0         155.0         0.0      3.0591
20.0         156.0       270.0       2.045
20.0         157.0       240.0      2.9202
20.0         158.0       300.0      3.1069
20.0         159.0        60.0       1.285
20.0         160.0       240.0      2.7876
20.0         161.0       240.0      2.6611
20.0         162.0       300.0      3.6274
20.0         163.0       240.0      2.1757
20.0         164.0       270.0      2.3148
20.0         165.0       210.0      2.6202
20.0         166.0       270.0      2.1423
20.0         167.0       300.0      2.7876
20.0         168.0       270.0      1.9522
20.0         169.0       270.0      2.1094
20.0         170.0       270.0      1.9826
20.0         171.0       210.0      2.3876
21.0           0.0        30.0      2.7876
21.0           1.0       300.0      2.1423
21.0           2.0       330.0      2.0136
21.0           3.0       270.0      2.7026
21.0           4.0       330.0      1.9826
21.0           5.0       300.0      1.5474
21.0           6.0         0.0      3.1554
21.0           7.0       240.0      2.5012
21.0           8.0       120.0      2.3509
21.0           9.0       330.0      1.9522
21.0          10.0       330.0      1.9222
21.0          11.0       330.0      2.0136
21.0          12.0       330.0      1.8067
21.0          13.0         0.0      1.7516
21.0          14.0       330.0      2.1757
21.0          15.0       330.0      1.8926
21.0          16.0         0.0       3.684
21.0          17.0       330.0      1.9826
21.0          18.0       330.0      1.9222
21.0          19.0       180.0      2.7026
21.0          20.0       330.0      2.0136
21.0          21.0       180.0      2.5403
21.0          22.0         0.0      2.1423
21.0          23.0       330.0      3.0591
21.0          24.0       330.0      1.9222
21.0          25.0       330.0      1.9826
21.0          26.0       330.0      1.9222
21.0          27.0        30.0      2.4249
21.0          28.0       330.0      2.0136
21.0          29.0        30.0      2.6202
21.0          30.0         0.0       3.684
21.0          31.0       150.0      2.8312
21.0          32.0         0.0      3.1554
21.0          33.0       150.0      3.5168
21.0          34.0       330.0       2.045
21.0          35.0       180.0       2.045
21.0          36.0         0.0      1.8926
21.0          37.0         0.0      2.3876
21.0          38.0         0.0       2.077
21.0          39.0        30.0      2.7026
21.0          40.0       150.0      2.1757
21.0          41.0       330.0      3.1554
21.0          42.0        30.0      2.6202
21.0          43.0       180.0      2.9202
21.0          44.0       330.0      3.3055
21.0          45.0       330.0      2.9202
21.0          46.0       150.0      3.2046
21.0          47.0       330.0      3.6274
21.0          48.0       180.0      2.9202
21.0          49.0         0.0      3.9195
21.0          50.0       150.0      3.4627
21.0          51.0         0.0      2.7448
21.0          52.0        30.0      3.0591
21.0          53.0       330.0      3.4095
21.0          54.0         0.0      3.9195
21.0          55.0       180.0      2.7026
21.0          56.0        30.0      3.3571
21.0          57.0       330.0      3.4095
21.0          58.0       180.0      2.7448
21.0          59.0       180.0      2.6611
21.0          60.0       330.0      2.1094
21.0          61.0       180.0      2.6202
21.0          62.0       180.0        4.17
21.0          63.0        30.0      2.6611
21.0          64.0       150.0      3.7999
21.0          65.0       180.0      4.6476
21.0          66.0       150.0      3.6274
21.0          67.0       210.0       3.684
21.0          68.0       210.0      2.9202
21.0          69.0       210.0      3.4627
21.0          70.0       150.0       3.684
21.0          71.0       180.0      2.7448
21.0          72.0       150.0      3.7415
21.0          73.0       150.0      3.2046
21.0          74.0       150.0      3.5716
21.0          75.0       150.0      3.7415
21.0          76.0       150.0      3.5716
21.0          77.0       150.0      3.5716
21.0          78.0       210.0      3.5716
21.0          79.0       150.0      3.4627
21.0          80.0       210.0      3.5168
21.0          81.0       150.0      3.5716
21.0          82.0       120.0      2.5799
21.0          83.0       180.0      2.8754
21.0          84.0       150.0       3.684
21.0          85.0       150.0      3.6274
21.0          86.0       150.0      3.5168
21.0          87.0       150.0       3.684
21.0          88.0       150.0      3.5168
21.0          89.0       240.0      2.6202
21.0          90.0       240.0      2.6611
21.0          91.0       150.0      3.6274
21.0          92.0       120.0      2.6202
21.0          93.0       120.0      2.7026
21.0          94.0       180.0      2.7876
21.0          95.0        60.0      2.4249
21.0          96.0       120.0      2.5799
21.0          97.0       150.0      3.5716
21.0          98.0       150.0       3.684
21.0          99.0       240.0      2.5403
21.0         100.0       120.0      2.5012
21.0         101.0       240.0      2.8754
21.0         102.0       240.0      2.5012
21.0         103.0       330.0      2.2792
21.0         104.0       270.0      3.2046
21.0         105.0       180.0      3.5716
21.0         106.0        60.0      2.5012
21.0         107.0       120.0      2.7026
21.0         108.0         0.0      2.2442
21.0         109.0       120.0      2.7876
21.0         110.0       240.0      3.1069
21.0         111.0       240.0      2.8312
21.0         112.0       120.0      2.7026
21.0         113.0       120.0      2.6202
21.0         114.0        90.0      3.5716
21.0         115.0       240.0      2.6611
21.0         116.0        90.0      2.3509
21.0         117.0       270.0      2.8312
21.0         118.0       330.0      2.0136
21.0         119.0         0.0      2.7026
21.0         120.0       240.0      2.9658
21.0         121.0       240.0      2.7876
21.0         122.0       120.0      2.5799
21.0         123.0        90.0      1.7516
21.0         124.0       180.0      2.9658
21.0         125.0       240.0      2.4249
21.0         126.0         0.0      3.1069
21.0         127.0       120.0      2.7026
21.0         128.0       240.0      2.8312
21.0         129.0       120.0      2.7026
21.0         130.0         0.0      2.6202
21.0         131.0         0.0      3.4095
21.0         132.0       270.0      2.7448
21.0         133.0        30.0      2.7448
21.0         134.0       120.0      0.9282
21.0         135.0        30.0      3.3571
21.0         136.0       240.0      2.6611
21.0         137.0       120.0      2.8312
21.0         138.0       270.0      2.7876
21.0         139.0       240.0      2.6611
21.0         140.0        60.0      2.2792
21.0         141.0       270.0      3.0121
21.0         142.0       270.0      2.3148
21.0         143.0       270.0      3.1554
21.0         144.0       120.0      3.4627
21.0         145.0       240.0      2.4249
21.0         146.0       270.0      2.8754
21.0         147.0       240.0      2.7026
21.0         148.0       240.0      2.8754
21.0         149.0       270.0      2.7026
21.0         150.0       240.0      3.0121
22.0           0.0        60.0      1.8635
22.0           1.0       330.0      2.5799
22.0           2.0       300.0       2.045
22.0           3.0         0.0      2.5799
22.0           4.0       210.0      1.9826
22.0           5.0       270.0      2.3876
22.0           6.0         0.0      2.5403
22.0           7.0       120.0      2.1423
22.0           8.0       330.0      1.4321
22.0           9.0       210.0      1.8926
22.0          10.0       210.0      1.5716
22.0          11.0       330.0      1.4772
22.0          12.0        30.0      2.2792
22.0          13.0       150.0      1.8635
22.0          14.0       330.0      2.5012
22.0          15.0         0.0      2.1423
22.0          16.0       150.0      1.9522
22.0          17.0         0.0      3.7415
22.0          18.0       330.0      2.5403
22.0          19.0       180.0      1.8067
22.0          20.0         0.0      2.5012
22.0          21.0       330.0      2.4628
22.0          22.0       210.0      1.9222
22.0          23.0         0.0      2.5012
22.0          24.0         0.0      2.7448
22.0          25.0       330.0      2.5799
22.0          26.0       330.0      2.5799
22.0          27.0       330.0      2.5012
22.0          28.0       300.0      2.6202
22.0          29.0        30.0      2.4249
22.0          30.0         0.0      5.1798
22.0          31.0         0.0      4.7201
22.0          32.0       330.0      2.5799
22.0          33.0       210.0      1.8635
22.0          34.0       180.0      1.8926
22.0          35.0       150.0      1.8926
22.0          36.0         0.0      3.2046
22.0          37.0         0.0      2.2792
22.0          38.0       180.0      1.9222
22.0          39.0       330.0      2.8754
22.0          40.0       150.0      1.9522
22.0          41.0         0.0      3.1069
22.0          42.0       180.0      1.8635
22.0          43.0       180.0      3.3055
22.0          44.0         0.0      2.6611
22.0          45.0       330.0      2.8754
22.0          46.0       150.0      1.6721
22.0          47.0       180.0      3.0591
22.0          48.0       330.0      3.0591
22.0          49.0         0.0      4.5058
22.0          50.0       330.0      3.3055
22.0          51.0       330.0      3.0121
22.0          52.0         0.0      4.7938
22.0          53.0       150.0       3.684
22.0          54.0       150.0      3.0591
22.0          55.0         0.0      4.6476
22.0          56.0         0.0        4.17
22.0          57.0         0.0      2.5403
22.0          58.0       330.0      3.3055
22.0          59.0        30.0      2.7876
22.0          60.0       150.0      2.9658
22.0          61.0         0.0      4.5058
22.0          62.0       150.0      3.8593
22.0          63.0       330.0      3.2547
22.0          64.0       330.0      2.8312
22.0          65.0       180.0      3.9195
22.0          66.0         0.0      2.7448
22.0          67.0       210.0      1.9222
22.0          68.0       150.0      3.3055
22.0          69.0       150.0      3.5168
22.0          70.0       180.0      3.9195
22.0          71.0       180.0      4.9446
22.0          72.0       180.0      4.5761
22.0          73.0       150.0      3.4095
22.0          74.0       180.0      4.5761
22.0          75.0       210.0      1.9522
22.0          76.0       150.0      3.5168
22.0          77.0       150.0      3.5716
22.0          78.0       180.0      1.9222
22.0          79.0       150.0      3.9807
22.0          80.0       150.0      3.2046
22.0          81.0       150.0      3.6274
22.0          82.0       150.0       3.684
22.0          83.0       330.0      2.7026
22.0          84.0       150.0      3.3055
22.0          85.0       150.0      3.5168
22.0          86.0        30.0      2.9202
22.0          87.0       180.0      3.6274
22.0          88.0       150.0      3.3571
22.0          89.0       120.0      2.8312
22.0          90.0       150.0      3.3055
22.0          91.0       150.0      3.6274
22.0          92.0        60.0      1.9222
22.0          93.0       150.0      3.3055
22.0          94.0       150.0      3.9195
22.0          95.0        60.0      3.3571
22.0          96.0       150.0      4.9446
22.0          97.0        60.0      1.9522
22.0          98.0       150.0      3.6274
22.0          99.0        60.0       3.684
22.0         100.0        90.0      1.8635
22.0         101.0        90.0      1.9826
22.0         102.0       180.0      3.4627
22.0         103.0       240.0      2.1757
22.0         104.0       150.0      3.7415
22.0         105.0       120.0      2.3876
22.0         106.0       240.0      2.3148
22.0         107.0       120.0      3.2547
22.0         108.0        60.0      3.7999
22.0         109.0       150.0      3.4627
22.0         110.0         0.0      2.3876
22.0         111.0       240.0      2.3148
22.0         112.0        60.0      3.7415
22.0         113.0       120.0      3.8593
22.0         114.0        90.0      2.7026
22.0         115.0        60.0      1.9222
22.0         116.0       120.0      4.4366
22.0         117.0       150.0      3.4627
22.0         118.0        60.0      3.7415
22.0         119.0        60.0      1.8349
22.0         120.0       240.0      2.7026
22.0         121.0       180.0      2.9202
22.0         122.0        60.0      1.8635
22.0         123.0       180.0      3.0121
22.0         124.0       120.0      4.0428
22.0         125.0       300.0      4.2351
22.0         126.0       330.0      2.6202
22.0         127.0       120.0      3.0121
22.0         128.0         0.0      2.5403
22.0         129.0       180.0      2.7448
22.0         130.0        60.0      3.7999
22.0         131.0       300.0      1.9522
22.0         132.0       150.0      3.8593
22.0         133.0       270.0      2.1757
22.0         134.0       240.0      2.5799
22.0         135.0       120.0      1.8067
22.0         136.0       180.0      3.1554
22.0         137.0       150.0      3.5716
22.0         138.0         0.0      2.1423
22.0         139.0       120.0      1.5716
22.0         140.0        60.0      3.6274
22.0         141.0        60.0      3.7999
22.0         142.0        60.0       3.684
22.0         143.0        60.0      0.9574
22.0         144.0       270.0      3.7415
22.0         145.0        60.0      3.8593
22.0         146.0         0.0      2.5403
22.0         147.0       120.0      2.6202
22.0         148.0         0.0      2.7448
22.0         149.0         0.0      2.7026
22.0         150.0        60.0      3.7999
22.0         151.0       120.0      1.9222
22.0         152.0       120.0      3.1554
22.0         153.0       270.0      3.5716
22.0         154.0       240.0      4.1059
22.0         155.0         0.0      2.8754
22.0         156.0       270.0      2.6611
22.0         157.0       270.0      3.2547
22.0         158.0       270.0      2.7448
22.0         159.0        60.0       3.684
22.0         160.0         0.0      4.5761
22.0         161.0        60.0      3.7999
22.0         162.0        60.0      4.0428
22.0         163.0       300.0      3.3571
22.0         164.0        60.0      3.7999
22.0         165.0        60.0      1.8067
22.0         166.0       270.0      3.5716
22.0         167.0        60.0      3.7999
22.0         168.0       240.0      2.6611
22.0         169.0       270.0      2.6611
22.0         170.0         0.0      2.6202
22.0         171.0       240.0      2.8312
22.0         172.0       270.0      3.3055
22.0         173.0       270.0      3.0591
22.0         174.0       300.0      2.7876
22.0         175.0       240.0      2.4628
22.0         176.0       240.0      2.9658
22.0         177.0       270.0      3.0591
22.0         178.0       270.0      2.7448
22.0         179.0       300.0      2.6202
22.0         180.0        60.0      3.7415
24.0           0.0       120.0       3.684
24.0           1.0       180.0      3.5168
24.0           2.0       300.0      2.7876
24.0           3.0       330.0      3.6274
24.0           4.0       120.0      3.7999
24.0           5.0        60.0      1.8635
24.0           6.0       180.0      3.5716
24.0           7.0       210.0      2.5799
24.0           8.0       240.0       2.045
24.0           9.0       270.0      1.9826
24.0          10.0       300.0      2.3509
24.0          11.0       330.0      3.5716
24.0          12.0       180.0      3.6274
24.0          13.0        30.0       3.684
24.0          14.0       240.0      1.8635
24.0          15.0       270.0      1.8349
24.0          16.0       210.0      4.8686
24.0          17.0        90.0      1.8067
24.0          18.0       300.0      2.1423
24.0          19.0       210.0      2.5403
24.0          20.0       210.0      2.6611
24.0          21.0       300.0      2.1094
24.0          22.0       300.0      2.3509
24.0          23.0       180.0       3.684
24.0          24.0       180.0      1.2458
24.0          25.0       210.0      7.8694
24.0          26.0       180.0      3.5168
24.0          27.0         0.0      3.1069
24.0          28.0       300.0      2.4758
24.0          29.0         0.0       3.684
24.0          30.0       180.0      3.5168
24.0          31.0       210.0      2.6202
24.0          32.0        30.0      2.7026
24.0          33.0       150.0       1.305
24.0          34.0       300.0      1.9222
24.0          35.0        30.0      3.5716
24.0          36.0        30.0      2.7448
24.0          37.0         0.0      4.3684
24.0          38.0       150.0      3.2046
24.0          39.0       180.0      3.6274
24.0          40.0         0.0      4.4366
24.0          41.0        30.0      3.4627
24.0          42.0       180.0      3.6274
24.0          43.0       330.0      3.1554
24.0          44.0       330.0      3.1069
24.0          45.0         0.0      1.6982
24.0          46.0       180.0      1.7516
24.0          47.0       180.0      0.9427
24.0          48.0       180.0       3.684
24.0          49.0       210.0      2.9658
24.0          50.0         0.0       1.305
24.0          51.0       210.0      2.5403
24.0          52.0       330.0      2.0136
24.0          53.0        30.0      3.5716
24.0          54.0        30.0      3.5168
24.0          55.0       210.0      2.5799
24.0          56.0       180.0      3.6274
24.0          57.0         0.0      3.7999
24.0          58.0         0.0      4.7201
24.0          59.0        30.0      3.4627
24.0          60.0       180.0      3.5168
24.0          61.0       180.0      3.6274
24.0          62.0        30.0       3.684
24.0          63.0        60.0      2.7026
24.0          64.0       330.0      2.9658
24.0          65.0        30.0      3.1554
24.0          66.0         0.0      5.1798
24.0          67.0       150.0      4.5761
24.0          68.0       330.0      1.9522
24.0          69.0         0.0       2.077
24.0          70.0        30.0      3.5168
24.0          71.0       210.0      2.6611
24.0          72.0       330.0      2.3148
24.0          73.0       210.0      2.5403
24.0          74.0       180.0      3.3571
24.0          75.0       180.0      3.5716
24.0          76.0       180.0      3.5168
24.0          77.0       210.0      2.5403
24.0          78.0       180.0      3.6274
24.0          79.0       330.0      3.5716
24.0          80.0       150.0      4.8686
24.0          81.0       330.0      2.7448
24.0          82.0        30.0      3.4095
24.0          83.0       330.0      3.9195
24.0          84.0       330.0      3.2547
24.0          85.0       330.0      2.0136
24.0          86.0         0.0      5.0218
24.0          87.0         0.0      2.7448
24.0          88.0         0.0      4.5761
24.0          89.0       180.0      3.7415
24.0          90.0       150.0      5.8631
24.0          91.0         0.0       10.24
24.0          92.0       150.0      3.1554
24.0          93.0         0.0      4.5058
24.0          94.0       330.0      7.9923
24.0          95.0       330.0      3.3571
24.0          96.0        30.0      3.7415
24.0          97.0       330.0      3.4627
24.0          98.0       330.0      8.3724
24.0          99.0        60.0      2.9658
24.0         100.0       330.0      8.2437
24.0         101.0        30.0      3.4095
24.0         102.0       330.0      8.6358
24.0         103.0       150.0       10.24
24.0         104.0       150.0       10.24
24.0         105.0         0.0      5.1798
24.0         106.0        60.0      3.4095
24.0         107.0       180.0       3.684
24.0         108.0       330.0      3.3571
24.0         109.0        60.0      3.2046
24.0         110.0        30.0      3.0591
24.0         111.0       330.0      9.3312
24.0         112.0       150.0       10.24
24.0         113.0       120.0      3.9195
24.0         114.0        30.0      3.7415
24.0         115.0       240.0      2.6611
24.0         116.0       180.0       10.24
24.0         117.0       120.0      3.4095
24.0         118.0       180.0       10.24
24.0         119.0       240.0      4.3012
24.0         120.0       120.0      3.6274
24.0         121.0        90.0      2.9202
24.0         122.0       150.0       10.24
24.0         123.0       270.0      1.8349
24.0         124.0       180.0       10.24
24.0         125.0       240.0      4.7938
24.0         126.0       210.0      3.1069
24.0         127.0       210.0        0.64
24.0         128.0       270.0      3.5716
24.0         129.0       240.0      5.1002
24.0         130.0       300.0      2.5403
24.0         131.0        30.0      3.5168
24.0         132.0       270.0      4.8686
24.0         133.0       240.0      4.7938
24.0         134.0       180.0       10.24
24.0         135.0       270.0      3.4095
24.0         136.0       210.0       10.24
24.0         137.0       180.0       10.24
24.0         138.0       210.0       10.24
24.0         139.0       240.0      4.4366
24.0         140.0        90.0      7.9923
24.0         141.0       240.0      5.0218
24.0         142.0       240.0      4.6476
24.0         143.0        60.0      4.5761
24.0         144.0       270.0      2.7448
24.0         145.0       240.0      5.1798
24.0         146.0       150.0       10.24
24.0         147.0       180.0       10.24
24.0         148.0       240.0      4.8686
24.0         149.0       210.0       10.24
24.0         150.0         0.0      3.1069
24.0         151.0       150.0      3.9195
24.0         152.0       150.0      3.8593
24.0         153.0        30.0      7.9923
24.0         154.0        90.0       8.117
24.0         155.0         0.0       10.24
24.0         156.0       150.0      6.6366
24.0         157.0       120.0      7.3966
25.0           0.0       300.0      1.9826
25.0           1.0         0.0      4.3012
25.0           2.0         0.0      4.5761
25.0           3.0       300.0      2.9202
25.0           4.0       120.0      3.8593
25.0           5.0       330.0      3.7415
25.0           6.0       330.0      2.7448
25.0           7.0       300.0      2.7448
25.0           8.0       300.0      3.1554
25.0           9.0       210.0      2.6202
25.0          10.0       300.0      2.7026
25.0          11.0       240.0      2.5799
25.0          12.0       300.0      2.5799
25.0          13.0       120.0        0.64
25.0          14.0       300.0      2.1757
25.0          15.0       300.0      2.7026
25.0          16.0       240.0      1.1709
25.0          17.0       120.0      2.0136
25.0          18.0       240.0      1.0345
25.0          19.0        30.0      7.6294
25.0          20.0        30.0      3.6274
25.0          21.0       180.0      3.5168
25.0          22.0       210.0      1.9222
25.0          23.0        30.0      2.9202
25.0          24.0       330.0      1.3254
25.0          25.0       150.0       10.24
25.0          26.0        30.0      3.7415
25.0          27.0       210.0      3.7415
25.0          28.0       210.0       3.684
25.0          29.0       210.0       3.684
25.0          30.0       300.0      2.8312
25.0          31.0       150.0      3.1069
25.0          32.0        30.0      0.9139
25.0          33.0       300.0        0.64
25.0          34.0       210.0      3.7415
25.0          35.0       240.0      0.8999
25.0          36.0       150.0      0.8458
25.0          37.0        30.0      2.7876
25.0          38.0        30.0      3.6274
25.0          39.0        30.0      3.5716
25.0          40.0        30.0      3.5716
25.0          41.0        90.0      1.2652
25.0          42.0        30.0      1.3884
25.0          43.0        30.0      3.7415
25.0          44.0         0.0      2.8312
25.0          45.0        30.0       3.684
25.0          46.0         0.0      2.7026
25.0          47.0       330.0      1.0029
25.0          48.0       180.0      3.7415
25.0          49.0        30.0      3.5716
25.0          50.0       210.0      1.8067
25.0          51.0        30.0      3.6274
25.0          52.0       180.0      3.6274
25.0          53.0       330.0       3.684
25.0          54.0       240.0      2.6202
25.0          55.0        30.0      3.6274
25.0          56.0       330.0      2.8312
25.0          57.0       330.0      3.3055
25.0          58.0        30.0       3.684
25.0          59.0         0.0      3.7415
25.0          60.0       330.0      2.3876
25.0          61.0       180.0      1.3671
25.0          62.0       150.0      3.7415
25.0          63.0       210.0      5.1798
25.0          64.0       150.0      3.4627
25.0          65.0         0.0      3.2547
25.0          66.0         0.0      3.7415
25.0          67.0       180.0      3.8593
25.0          68.0       180.0      3.4627
25.0          69.0       150.0      4.9446
25.0          70.0       150.0      5.1798
25.0          71.0        30.0      3.7999
25.0          72.0       330.0      3.5716
25.0          73.0       330.0      3.7415
25.0          74.0        30.0      3.7999
25.0          75.0        30.0       3.684
25.0          76.0       210.0      5.1002
25.0          77.0       180.0      3.7999
25.0          78.0       330.0      3.8593
25.0          79.0         0.0      4.7938
25.0          80.0        30.0      3.7999
25.0          81.0       150.0       10.24
25.0          82.0       150.0       10.24
25.0          83.0        30.0      3.7415
25.0          84.0       330.0       7.283
25.0          85.0       330.0      3.9807
25.0          86.0       150.0       10.24
25.0          87.0        30.0      3.7415
25.0          88.0        30.0      2.5799
25.0          89.0       330.0      3.4095
25.0          90.0       210.0      4.7201
25.0          91.0       150.0      8.2437
25.0          92.0         0.0      5.2607
25.0          93.0         0.0      5.1798
25.0          94.0       150.0       10.24
25.0          95.0       180.0       10.24
25.0          96.0       180.0        4.17
25.0          97.0       180.0        4.17
25.0          98.0       120.0      2.3148
25.0          99.0        30.0      3.3055
25.0         100.0       210.0      4.8686
25.0         101.0       330.0      3.9195
25.0         102.0       150.0       10.24
25.0         103.0       180.0      3.9807
25.0         104.0        30.0      4.5058
25.0         105.0       150.0       10.24
25.0         106.0       180.0      3.6274
25.0         107.0        30.0      5.2607
25.0         108.0       150.0       10.24
25.0         109.0        30.0      3.7415
25.0         110.0       270.0      3.4095
25.0         111.0       120.0      3.7415
25.0         112.0       300.0       7.283
25.0         113.0       270.0      3.9195
25.0         114.0       120.0       10.24
25.0         115.0       330.0       10.24
25.0         116.0       270.0       3.684
25.0         117.0       150.0       10.24
25.0         118.0       240.0      1.9222
25.0         119.0       150.0       10.24
25.0         120.0       150.0       10.24
25.0         121.0       150.0       10.24
25.0         122.0       210.0      4.9446
25.0         123.0       270.0      3.6274
25.0         124.0       330.0      3.5168
25.0         125.0        60.0      5.1002
25.0         126.0       240.0      3.4627
25.0         127.0        60.0      4.3684
25.0         128.0       240.0      4.0428
25.0         129.0        60.0      4.2351
25.0         130.0       150.0       10.24
25.0         131.0        60.0      2.5012
25.0         132.0       150.0       10.24
25.0         133.0       270.0       10.24
25.0         134.0       210.0      1.3461
25.0         135.0       150.0       10.24
25.0         136.0       240.0       7.283
25.0         137.0       240.0      3.5168
25.0         138.0       240.0      8.6358
25.0         139.0       150.0       10.24
25.0         140.0        30.0       10.24
25.0         141.0        60.0      4.2351
25.0         142.0       240.0       7.283
26.0           0.0       330.0      5.1798
26.0           1.0       300.0      2.7448
26.0           2.0         0.0      4.1059
26.0           3.0       120.0      3.4627
26.0           4.0       120.0      4.3684
26.0           5.0       300.0      4.3012
26.0           6.0         0.0      4.7201
26.0           7.0       120.0      3.5168
26.0           8.0       240.0      3.5168
26.0           9.0       300.0        0.64
26.0          10.0       330.0      5.1002
26.0          11.0       210.0      1.7516
26.0          12.0        30.0      3.4627
26.0          13.0       300.0      1.9522
26.0          14.0         0.0      5.0218
26.0          15.0       240.0      3.4095
26.0          16.0       210.0      1.9826
26.0          17.0        30.0      1.4772
26.0          18.0        30.0      1.3254
26.0          19.0       150.0      1.4545
26.0          20.0       210.0       3.684
26.0          21.0         0.0      5.1798
26.0          22.0        30.0      1.4772
26.0          23.0       330.0      1.8926
26.0          24.0       210.0      3.5716
26.0          25.0       210.0      3.7415
26.0          26.0       210.0      3.7415
26.0          27.0       330.0      2.8312
26.0          28.0       210.0       3.684
26.0          29.0       210.0      3.6274
26.0          30.0        30.0      1.2458
26.0          31.0       150.0      1.5961
26.0          32.0       210.0      3.7415
26.0          33.0       150.0      3.7999
26.0          34.0       150.0      2.1423
26.0          35.0        30.0      1.4321
26.0          36.0       150.0      1.5237
26.0          37.0        30.0       1.285
26.0          38.0       210.0      3.6274
26.0          39.0        60.0      3.1069
26.0          40.0       180.0      3.5716
26.0          41.0        30.0       3.684
26.0          42.0       210.0      1.8349
26.0          43.0       330.0      2.7026
26.0          44.0       210.0      3.7415
26.0          45.0       150.0      1.8926
26.0          46.0         0.0      2.9658
26.0          47.0       210.0      1.8635
26.0          48.0         0.0       10.24
26.0          49.0       210.0      3.7415
26.0          50.0       210.0      1.7789
26.0          51.0       210.0      1.8926
26.0          52.0         0.0      3.0121
26.0          53.0       330.0      2.3509
26.0          54.0       210.0      4.0428
26.0          55.0       210.0      3.6274
26.0          56.0         0.0      4.7938
26.0          57.0       150.0      3.4095
26.0          58.0       330.0      2.2097
26.0          59.0       330.0      5.1002
26.0          60.0        30.0      3.8593
26.0          61.0       150.0      1.3254
26.0          62.0       150.0      2.3509
26.0          63.0       330.0      2.6611
26.0          64.0       210.0      3.4627
26.0          65.0         0.0      4.7201
26.0          66.0       330.0      5.2607
26.0          67.0       150.0      3.6274
26.0          68.0       330.0      5.3428
26.0          69.0       150.0      3.5168
26.0          70.0       210.0      3.6274
26.0          71.0       180.0      4.7201
26.0          72.0       120.0      4.7938
26.0          73.0       120.0      4.3012
26.0          74.0       150.0       3.684
26.0          75.0       210.0       3.684
26.0          76.0       330.0      5.5109
26.0          77.0       330.0       6.142
26.0          78.0       330.0      5.5109
26.0          79.0       330.0      5.2607
26.0          80.0       210.0      3.7999
26.0          81.0       330.0      5.5109
26.0          82.0       210.0      3.3571
26.0          83.0       210.0      5.1798
26.0          84.0       330.0      5.5109
26.0          85.0       330.0       10.24
26.0          86.0       180.0      7.3966
26.0          87.0         0.0       10.24
26.0          88.0         0.0      1.9222
26.0          89.0       180.0      7.6294
26.0          90.0       150.0      1.7516
26.0          91.0       330.0       10.24
26.0          92.0        30.0        4.17
26.0          93.0       210.0      3.4095
26.0          94.0         0.0       10.24
26.0          95.0       330.0      5.3428
26.0          96.0       180.0       7.171
26.0          97.0       240.0      5.4262
26.0          98.0       180.0      8.3724
26.0          99.0       210.0      2.3876
26.0         100.0         0.0       10.24
26.0         101.0       180.0      3.9195
26.0         102.0        30.0      3.0121
26.0         103.0       330.0       10.24
26.0         104.0       150.0       10.24
26.0         105.0       180.0      7.5121
26.0         106.0       330.0       10.24
26.0         107.0        90.0      2.7026
26.0         108.0       240.0      5.0218
26.0         109.0       210.0       3.684
26.0         110.0       240.0      5.2607
26.0         111.0       330.0       10.24
26.0         112.0       300.0      5.1002
26.0         113.0       330.0       10.24
26.0         114.0       330.0      5.2607
26.0         115.0       240.0      4.3012
26.0         116.0       330.0      6.3353
26.0         117.0        60.0      2.0136
26.0         118.0       240.0      5.0218
26.0         119.0       300.0       10.24
26.0         120.0       180.0      3.7999
26.0         121.0       240.0      4.5761
26.0         122.0       240.0        4.17
26.0         123.0       240.0      4.9446
26.0         124.0       300.0       10.24
26.0         125.0        60.0      2.7448
26.0         126.0       270.0       10.24
26.0         127.0        60.0      2.9658
26.0         128.0       330.0       10.24
26.0         129.0       330.0       10.24
26.0         130.0        60.0      3.6274
26.0         131.0       180.0      9.6248
26.0         132.0       240.0      4.5058
26.0         133.0       270.0       10.24
26.0         134.0       240.0      2.6611
26.0         135.0       330.0      5.5109
26.0         136.0        60.0      7.6294
26.0         137.0        60.0      7.6294
26.0         138.0        60.0      7.5121
26.0         139.0        60.0      7.3966
26.0         140.0        60.0      7.5121
26.0         141.0        90.0        0.64
27.0           0.0       240.0      2.6611
27.0           1.0       300.0      2.7876
27.0           2.0       330.0       3.684
27.0           3.0       240.0      2.5403
27.0           4.0       120.0      4.2351
27.0           5.0       300.0      3.3571
27.0           6.0       300.0      2.8312
27.0           7.0       120.0      1.6982
27.0           8.0       330.0      3.6274
27.0           9.0       330.0       3.684
27.0          10.0       300.0        0.64
27.0          11.0       240.0      2.8312
27.0          12.0         0.0       3.684
27.0          13.0       210.0      1.7789
27.0          14.0       300.0      1.9522
27.0          15.0        30.0       3.684
27.0          16.0        30.0      3.5716
27.0          17.0        30.0      7.7485
27.0          18.0       210.0      0.9139
27.0          19.0       210.0      0.9723
27.0          20.0       150.0      5.1002
27.0          21.0       210.0      4.7201
27.0          22.0       210.0      0.8999
27.0          23.0       210.0      3.3571
27.0          24.0       180.0       3.684
27.0          25.0       210.0      4.7938
27.0          26.0       150.0       2.045
27.0          27.0         0.0      1.5716
27.0          28.0        30.0      0.9282
27.0          29.0        30.0      3.5168
27.0          30.0       210.0      2.6202
27.0          31.0       180.0      3.1554
27.0          32.0        30.0      3.4095
27.0          33.0        30.0      1.9826
27.0          34.0        30.0      1.8926
27.0          35.0       180.0      0.9139
27.0          36.0       210.0      4.9446
27.0          37.0        30.0      3.6274
27.0          38.0        30.0       3.684
27.0          39.0       150.0      6.8454
27.0          40.0       210.0      3.8593
27.0          41.0         0.0      5.1002
27.0          42.0       150.0      1.9826
27.0          43.0       180.0      3.6274
27.0          44.0        30.0      3.3055
27.0          45.0       150.0      5.1798
27.0          46.0         0.0      4.7201
27.0          47.0       210.0      4.8686
27.0          48.0         0.0       3.684
27.0          49.0       180.0      3.6274
27.0          50.0        30.0      3.4627
27.0          51.0       150.0      5.1002
27.0          52.0        30.0      3.5716
27.0          53.0         0.0       10.24
27.0          54.0         0.0      4.5058
27.0          55.0       180.0      4.2351
27.0          56.0       330.0      5.2607
27.0          57.0       150.0      5.2607
27.0          58.0         0.0      5.2607
27.0          59.0       210.0      5.0218
27.0          60.0       180.0       10.24
27.0          61.0       150.0      5.5969
27.0          62.0       150.0      5.2607
27.0          63.0       210.0      5.1002
27.0          64.0       150.0      5.3428
27.0          65.0         0.0      5.1002
27.0          66.0       210.0      4.6476
27.0          67.0       210.0      5.1798
27.0          68.0        30.0      3.5168
27.0          69.0       150.0      5.9547
27.0          70.0         0.0      4.7938
27.0          71.0         0.0      5.1798
27.0          72.0       330.0       8.117
27.0          73.0       210.0      5.1002
27.0          74.0        30.0      2.2442
27.0          75.0       210.0      4.6476
27.0          76.0       210.0      5.1798
27.0          77.0       150.0       10.24
27.0          78.0       150.0      7.7485
27.0          79.0        30.0      5.1002
27.0          80.0       210.0      3.9195
27.0          81.0         0.0       10.24
27.0          82.0       120.0      6.0476
27.0          83.0        30.0      3.5168
27.0          84.0       150.0       10.24
27.0          85.0       150.0       6.142
27.0          86.0       150.0       10.24
27.0          87.0       210.0      4.7938
27.0          88.0       240.0      3.2046
27.0          89.0       240.0      4.8686
27.0          90.0       210.0      4.5761
27.0          91.0        60.0      7.7485
27.0          92.0       210.0      4.6476
27.0          93.0        90.0      2.6202
27.0          94.0       330.0       10.24
27.0          95.0         0.0       10.24
27.0          96.0       240.0      3.3055
27.0          97.0       240.0      4.7938
27.0          98.0        60.0      7.7485
27.0          99.0       300.0        0.64
27.0         100.0       150.0       7.283
27.0         101.0       240.0      4.8686
27.0         102.0         0.0       10.24
27.0         103.0         0.0       10.24
27.0         104.0       180.0       10.24
27.0         105.0       180.0       10.24
27.0         106.0       240.0      4.5058
27.0         107.0        30.0       3.684
27.0         108.0       240.0      4.8686
27.0         109.0       270.0      8.2437
27.0         110.0        90.0      2.9202
27.0         111.0       240.0      2.7448
27.0         112.0       240.0      5.0218
27.0         113.0       330.0       7.171
27.0         114.0        60.0      7.6294
27.0         115.0         0.0       10.24
27.0         116.0       210.0       10.24
27.0         117.0       180.0       10.24
27.0         118.0        60.0      7.8694
27.0         119.0       180.0       10.24
27.0         120.0       240.0      4.7938
27.0         121.0       240.0      5.0218
27.0         122.0        60.0      7.9923
27.0         123.0       180.0       7.283
27.0         124.0         0.0        0.64
27.0         125.0        60.0      7.7485
27.0         126.0       240.0      5.1798
28.0           0.0       240.0      3.7415
28.0           1.0       240.0      3.0591
28.0           2.0       330.0      5.6843
28.0           3.0       150.0      3.5716
28.0           4.0         0.0      5.3428
28.0           5.0       180.0      3.7415
28.0           6.0       180.0      3.9195
28.0           7.0       330.0      2.6202
28.0           8.0       240.0      2.7026
28.0           9.0       330.0      2.7876
28.0          10.0       330.0      5.2607
28.0          11.0       270.0      1.9522
28.0          12.0       180.0      5.5969
28.0          13.0       150.0      3.9195
28.0          14.0       180.0      5.5109
28.0          15.0       210.0      5.2607
28.0          16.0       240.0      2.8312
28.0          17.0       210.0      3.6274
28.0          18.0       240.0      4.6476
28.0          19.0       240.0      2.6611
28.0          20.0       120.0      0.9427
28.0          21.0       210.0      5.1002
28.0          22.0         0.0      2.9658
28.0          23.0       120.0      4.3684
28.0          24.0       240.0      2.5799
28.0          25.0       210.0      7.7485
28.0          26.0       120.0       3.684
28.0          27.0       210.0      1.1006
28.0          28.0       120.0      2.7026
28.0          29.0       210.0      2.8754
28.0          30.0         0.0      2.6611
28.0          31.0       180.0       7.171
28.0          32.0       210.0      1.3461
28.0          33.0       180.0      7.0608
28.0          34.0       210.0      2.7448
28.0          35.0       180.0      7.3966
28.0          36.0       240.0      2.9658
28.0          37.0       210.0      2.7448
28.0          38.0       210.0      2.6611
28.0          39.0       240.0      2.4628
28.0          40.0         0.0      2.6611
28.0          41.0       150.0        4.17
28.0          42.0       210.0      2.9202
28.0          43.0       210.0       1.305
28.0          44.0        30.0      2.7876
28.0          45.0       180.0      2.6611
28.0          46.0       330.0      2.0136
28.0          47.0       210.0      3.7415
28.0          48.0       180.0       7.171
28.0          49.0       240.0      2.2792
28.0          50.0       210.0      5.3428
28.0          51.0       180.0      6.5346
28.0          52.0       210.0      5.1002
28.0          53.0       210.0      2.6202
28.0          54.0       180.0       5.773
28.0          55.0       180.0      6.3353
28.0          56.0       330.0      6.7402
28.0          57.0         0.0      2.6202
28.0          58.0       150.0      1.9522
28.0          59.0       180.0      6.2379
28.0          60.0       180.0      6.0476
28.0          61.0       330.0      6.7402
28.0          62.0       180.0      6.5346
28.0          63.0       180.0      6.7402
28.0          64.0       210.0      5.6843
28.0          65.0       180.0      6.8454
28.0          66.0       330.0      5.6843
28.0          67.0       330.0      7.0608
28.0          68.0       330.0      5.5109
28.0          69.0       150.0      3.7999
28.0          70.0       180.0       6.142
28.0          71.0       180.0       7.283
28.0          72.0       330.0      3.0591
28.0          73.0       180.0      6.6366
28.0          74.0       180.0      6.8454
28.0          75.0       180.0      6.2379
28.0          76.0       330.0      7.5121
28.0          77.0       210.0      5.1002
28.0          78.0       180.0      6.6366
28.0          79.0       180.0       7.283
28.0          80.0       210.0      5.1798
28.0          81.0       180.0      6.8454
28.0          82.0       150.0       10.24
28.0          83.0       150.0       10.24
28.0          84.0       150.0       10.24
28.0          85.0       150.0       10.24
28.0          86.0       330.0       7.283
28.0          87.0       210.0      5.9547
28.0          88.0       180.0      7.3966
28.0          89.0       210.0      5.3428
28.0          90.0       180.0       7.283
28.0          91.0       120.0      3.7415
28.0          92.0       150.0       10.24
28.0          93.0       210.0      5.1002
28.0          94.0        60.0      3.7999
28.0          95.0        90.0      3.6274
28.0          96.0        90.0      1.9222
28.0          97.0       180.0      7.6294
28.0          98.0       120.0      3.6274
28.0          99.0       210.0      3.9807
28.0         100.0       180.0      7.3966
28.0         101.0        60.0      2.7876
28.0         102.0       210.0      5.5109
28.0         103.0        60.0      3.0591
28.0         104.0       150.0       10.24
28.0         105.0       150.0       10.24
28.0         106.0       150.0       10.24
28.0         107.0       180.0      7.0608
28.0         108.0         0.0      1.8926
28.0         109.0       330.0      7.8694
28.0         110.0       300.0       10.24
28.0         111.0       180.0      7.5121
28.0         112.0       150.0       10.24
28.0         113.0       240.0      6.6366
28.0         114.0       150.0       10.24
28.0         115.0       180.0      7.6294
28.0         116.0       150.0       10.24
28.0         117.0       240.0      5.3428
28.0         118.0       210.0      6.7402
28.0         119.0        60.0      8.2437
29.0           0.0       180.0      5.0218
29.0           1.0         0.0      3.5168
29.0           2.0         0.0      0.9139
29.0           3.0         0.0      3.3055
29.0           4.0       180.0      5.1002
29.0           5.0       240.0      3.5716
29.0           6.0       300.0      2.5012
29.0           7.0       300.0      2.3509
29.0           8.0       330.0      2.7026
29.0           9.0       300.0      2.5799
29.0          10.0       120.0      2.5403
29.0          11.0       120.0      2.6202
29.0          12.0       330.0      2.8312
29.0          13.0        30.0      2.2792
29.0          14.0       270.0      1.3461
29.0          15.0       330.0      3.0591
29.0          16.0       120.0       1.305
29.0          17.0       240.0      3.8593
29.0          18.0       240.0      2.5403
29.0          19.0       330.0      2.7026
29.0          20.0       330.0      3.1554
29.0          21.0       300.0       2.045
29.0          22.0       330.0      2.5799
29.0          23.0       120.0      4.9446
29.0          24.0       210.0      2.9202
29.0          25.0       150.0      5.1002
29.0          26.0         0.0      2.7448
29.0          27.0       330.0      3.5716
29.0          28.0       240.0      1.4772
29.0          29.0       210.0       1.305
29.0          30.0       180.0      1.9522
29.0          31.0       210.0        0.64
29.0          32.0       240.0      3.0121
29.0          33.0        30.0      2.1757
29.0          34.0       210.0      2.6202
29.0          35.0       210.0      1.2652
29.0          36.0       210.0      2.7448
29.0          37.0         0.0       1.305
29.0          38.0        30.0       0.859
29.0          39.0       210.0      3.3571
29.0          40.0       180.0      2.5012
29.0          41.0         0.0      2.4628
29.0          42.0       120.0      5.1798
29.0          43.0       330.0      3.5168
29.0          44.0        30.0       2.045
29.0          45.0       210.0      2.6611
29.0          46.0        30.0      2.2792
29.0          47.0         0.0      3.6274
29.0          48.0       210.0      2.6202
29.0          49.0       210.0      2.8754
29.0          50.0       210.0      2.4628
29.0          51.0         0.0      3.1069
29.0          52.0       330.0      3.5168
29.0          53.0         0.0      3.7415
29.0          54.0         0.0      3.5716
29.0          55.0       300.0       10.24
29.0          56.0        60.0      2.7026
29.0          57.0        30.0      1.9826
29.0          58.0         0.0      2.5799
29.0          59.0         0.0      2.8754
29.0          60.0       180.0       10.24
29.0          61.0       210.0      2.7448
29.0          62.0       210.0      2.7026
29.0          63.0       330.0      3.7999
29.0          64.0        30.0      1.8635
29.0          65.0       330.0       3.684
29.0          66.0       210.0      2.7026
29.0          67.0       330.0      3.4627
29.0          68.0         0.0      3.4627
29.0          69.0         0.0      7.5121
29.0          70.0       330.0      3.7415
29.0          71.0       150.0      3.0121
29.0          72.0       150.0      3.1069
29.0          73.0       150.0      5.5969
29.0          74.0       150.0      3.9807
29.0          75.0        30.0      5.2607
29.0          76.0       330.0      3.5716
29.0          77.0       180.0      5.4262
29.0          78.0       180.0      5.2607
29.0          79.0       330.0      4.2351
29.0          80.0       330.0      3.9195
29.0          81.0       180.0      2.6202
29.0          82.0       330.0      3.5168
29.0          83.0       150.0      6.5346
29.0          84.0       180.0      6.5346
29.0          85.0       180.0      0.9574
29.0          86.0       150.0      5.2607
29.0          87.0       210.0      4.3012
29.0          88.0       330.0      3.7415
29.0          89.0         0.0      8.5031
29.0          90.0       210.0      5.1798
29.0          91.0       150.0      5.2607
29.0          92.0        30.0      4.9446
29.0          93.0       330.0       10.24
29.0          94.0       330.0       10.24
29.0          95.0       330.0       10.24
29.0          96.0       150.0       3.684
29.0          97.0       180.0       10.24
29.0          98.0       330.0       10.24
29.0          99.0       210.0      3.2046
29.0         100.0         0.0      7.5121
29.0         101.0       330.0       10.24
29.0         102.0        30.0      2.6202
29.0         103.0        60.0      3.4627
29.0         104.0       150.0       10.24
29.0         105.0        30.0      5.1798
29.0         106.0       210.0      3.9807
29.0         107.0       120.0      5.1002
29.0         108.0       330.0       10.24
29.0         109.0       240.0       3.684
29.0         110.0       330.0       10.24
29.0         111.0       330.0       10.24
29.0         112.0        90.0      7.6294
29.0         113.0       240.0      1.5961
29.0         114.0       240.0      3.9807
29.0         115.0       330.0       10.24
29.0         116.0       330.0      2.7876
29.0         117.0        60.0      2.6611
29.0         118.0       330.0       10.24
29.0         119.0       150.0       10.24
29.0         120.0       150.0       10.24
29.0         121.0       180.0       10.24
29.0         122.0       330.0       3.684
29.0         123.0       240.0      3.8593
29.0         124.0       120.0       10.24
29.0         125.0       120.0        0.64
29.0         126.0       150.0       10.24
29.0         127.0       150.0      3.5716
29.0         128.0       150.0       10.24
29.0         129.0       150.0       10.24
29.0         130.0       150.0       10.24
29.0         131.0       270.0      5.4262
29.0         132.0       240.0      4.6476
29.0         133.0       120.0      5.3428
29.0         134.0       330.0       10.24
29.0         135.0       330.0       10.24
29.0         136.0       330.0       10.24
29.0         137.0       270.0      5.4262
29.0         138.0       240.0       10.24
29.0         139.0       240.0      5.0218
30.0           0.0       270.0      3.5168
30.0           1.0         0.0      2.7026
30.0           2.0         0.0       10.24
30.0           3.0       330.0      5.1798
30.0           4.0         0.0      2.7026
30.0           5.0       180.0      5.2607
30.0           6.0         0.0      2.8312
30.0           7.0         0.0      2.7448
30.0           8.0       210.0        4.17
30.0           9.0        60.0      1.9826
30.0          10.0       120.0      1.3884
30.0          11.0       330.0       3.684
30.0          12.0       300.0      3.0591
30.0          13.0       210.0      3.6274
30.0          14.0       210.0      3.9195
30.0          15.0        60.0      1.8067
30.0          16.0       120.0      0.9427
30.0          17.0       120.0      2.8754
30.0          18.0         0.0      2.6611
30.0          19.0       300.0      1.9222
30.0          20.0       210.0      3.5716
30.0          21.0       210.0      7.6294
30.0          22.0       300.0      3.5716
30.0          23.0       240.0      1.8349
30.0          24.0       180.0      5.3428
30.0          25.0       180.0      5.2607
30.0          26.0       300.0      2.6202
30.0          27.0       210.0      3.4627
30.0          28.0       180.0      2.5799
30.0          29.0       210.0      0.9574
30.0          30.0       180.0      5.2607
30.0          31.0       210.0        0.64
30.0          32.0       300.0       0.859
30.0          33.0         0.0      2.3148
30.0          34.0       180.0      2.4249
30.0          35.0        30.0      2.9202
30.0          36.0       180.0      1.3461
30.0          37.0       300.0      2.7448
30.0          38.0       180.0      5.3428
30.0          39.0       180.0      5.3428
30.0          40.0       210.0      3.7999
30.0          41.0         0.0      2.7448
30.0          42.0       330.0      2.7026
30.0          43.0       180.0      2.7026
30.0          44.0       180.0      4.9446
30.0          45.0        30.0      2.6202
30.0          46.0       330.0      2.5403
30.0          47.0         0.0      3.3571
30.0          48.0       150.0      1.4101
30.0          49.0       300.0      2.7876
30.0          50.0       180.0      5.1002
30.0          51.0       330.0      5.3428
30.0          52.0       330.0      2.5799
30.0          53.0         0.0      7.3966
30.0          54.0         0.0      2.8312
30.0          55.0       330.0       10.24
30.0          56.0       150.0      5.2607
30.0          57.0       330.0      2.9658
30.0          58.0        30.0      2.6202
30.0          59.0         0.0      5.8631
30.0          60.0       180.0      5.2607
30.0          61.0        30.0      7.7485
30.0          62.0       330.0       10.24
30.0          63.0       330.0       10.24
30.0          64.0       150.0       6.142
30.0          65.0       330.0       10.24
30.0          66.0        30.0      7.6294
30.0          67.0       150.0      5.5109
30.0          68.0       330.0       10.24
30.0          69.0       180.0      4.8686
30.0          70.0       120.0      2.7448
30.0          71.0       180.0       10.24
30.0          72.0        30.0      3.7415
30.0          73.0       330.0       10.24
30.0          74.0       330.0        4.17
30.0          75.0       330.0       10.24
30.0          76.0       210.0      3.8593
30.0          77.0        30.0       1.305
30.0          78.0       330.0       10.24
30.0          79.0       330.0       10.24
30.0          80.0       180.0      5.1798
30.0          81.0       330.0       10.24
30.0          82.0       150.0       10.24
30.0          83.0       180.0       10.24
30.0          84.0       300.0       0.886
30.0          85.0       330.0       10.24
30.0          86.0       330.0       10.24
30.0          87.0         0.0      7.9923
30.0          88.0       330.0       10.24
30.0          89.0       210.0      3.8593
30.0          90.0       120.0      3.7999
30.0          91.0       210.0      5.1002
30.0          92.0       330.0       10.24
30.0          93.0       330.0       10.24
30.0          94.0       240.0      4.3012
30.0          95.0         0.0       10.24
30.0          96.0         0.0       10.24
30.0          97.0       120.0      3.9195
30.0          98.0       330.0       10.24
30.0          99.0       330.0       10.24
30.0         100.0       240.0      4.5058
30.0         101.0       120.0      7.3966
30.0         102.0         0.0      5.8631
30.0         103.0       330.0       10.24
30.0         104.0       330.0       10.24
30.0         105.0       330.0       10.24
30.0         106.0       330.0       10.24
30.0         107.0       240.0      4.7938
30.0         108.0         0.0       5.773
30.0         109.0       330.0       10.24
30.0         110.0       330.0       10.24
30.0         111.0       180.0       10.24
30.0         112.0       330.0       10.24
30.0         113.0        60.0      6.5346
30.0         114.0       180.0      5.2607
30.0         115.0         0.0       6.142
30.0         116.0       330.0       10.24
30.0         117.0       120.0      0.7357
30.0         118.0       330.0       10.24
30.0         119.0        90.0      1.8067
30.0         120.0        60.0       0.795
30.0         121.0       240.0      4.9446
30.0         122.0       240.0      4.7938
30.0         123.0       240.0      4.5058
30.0         124.0       240.0      4.5058
30.0         125.0       240.0      5.1798
30.0         126.0       240.0      5.0218
30.0         127.0       180.0      5.3428
30.0         128.0       330.0       10.24
30.0         129.0       180.0      5.2607
30.0         130.0       210.0       10.24
30.0         131.0       240.0       10.24
30.0         132.0       330.0       10.24
38.0           0.0       240.0      3.7415
38.0           1.0       120.0      2.5012
38.0           2.0       300.0      2.3509
38.0           3.0       330.0      2.7026
38.0           4.0       180.0      3.4627
38.0           5.0       330.0      2.8312
38.0           6.0       330.0      3.6274
38.0           7.0       180.0      1.9522
38.0           8.0       330.0      3.3571
38.0           9.0       300.0      3.3571
38.0          10.0       330.0      3.4627
38.0          11.0        90.0      1.5002
38.0          12.0        90.0      1.3254
38.0          13.0       120.0      3.4095
38.0          14.0       270.0      3.0121
38.0          15.0       330.0      3.7999
38.0          16.0         0.0      2.6611
38.0          17.0       120.0      2.9658
38.0          18.0       180.0      7.0608
38.0          19.0       180.0       3.684
38.0          20.0       330.0      3.5168
38.0          21.0       150.0      0.9139
38.0          22.0        60.0      1.4772
38.0          23.0       150.0      1.3254
38.0          24.0        30.0      2.2097
38.0          25.0         0.0      2.6611
38.0          26.0       240.0      3.3571
38.0          27.0         0.0      1.9522
38.0          28.0        60.0      0.9282
38.0          29.0       180.0      3.6274
38.0          30.0       180.0      2.1094
38.0          31.0        30.0      1.0186
38.0          32.0       300.0       1.305
38.0          33.0       180.0      2.6611
38.0          34.0         0.0      2.7448
38.0          35.0       210.0       2.045
38.0          36.0        30.0      2.7876
38.0          37.0        90.0      1.3671
38.0          38.0       180.0      2.7448
38.0          39.0       330.0      1.4101
38.0          40.0       330.0       3.684
38.0          41.0         0.0       1.305
38.0          42.0         0.0      1.9522
38.0          43.0       330.0      1.3884
38.0          44.0       330.0      3.5716
38.0          45.0       330.0      3.5168
38.0          46.0       180.0      3.3055
38.0          47.0       180.0      1.9826
38.0          48.0       330.0      1.5716
38.0          49.0       330.0       3.684
38.0          50.0       210.0      3.1554
38.0          51.0         0.0      2.7026
38.0          52.0       300.0      1.9826
38.0          53.0       330.0      2.5012
38.0          54.0       150.0      7.0608
38.0          55.0       180.0      3.3571
38.0          56.0       330.0      2.5799
38.0          57.0       180.0      3.1554
38.0          58.0         0.0      2.7026
38.0          59.0       240.0      2.6202
38.0          60.0       330.0      2.7026
38.0          61.0       180.0      5.2607
38.0          62.0       330.0      2.5799
38.0          63.0       330.0      2.9658
38.0          64.0         0.0      2.6202
38.0          65.0       210.0      1.8926
38.0          66.0       210.0      7.7485
38.0          67.0       330.0      2.6202
38.0          68.0       330.0      4.2351
38.0          69.0         0.0      2.5799
38.0          70.0         0.0      2.5012
38.0          71.0       330.0      3.3055
38.0          72.0       210.0       3.684
38.0          73.0       180.0      2.8754
38.0          74.0       150.0      2.3148
38.0          75.0       330.0      2.5799
38.0          76.0       330.0      2.7876
38.0          77.0        60.0      1.5474
38.0          78.0       330.0      3.2046
38.0          79.0       180.0      5.3428
38.0          80.0       150.0      3.6274
38.0          81.0       330.0      1.8926
38.0          82.0       180.0       2.045
38.0          83.0       150.0       7.283
38.0          84.0       330.0      3.7999
38.0          85.0       330.0      4.8686
38.0          86.0       330.0      3.7999
38.0          87.0       330.0      2.5799
38.0          88.0       330.0      5.4262
38.0          89.0       180.0      2.7876
38.0          90.0       210.0      3.4627
38.0          91.0       300.0       1.285
38.0          92.0       180.0      7.3966
38.0          93.0        30.0      6.3353
38.0          94.0       300.0      1.6464
38.0          95.0       150.0      6.8454
38.0          96.0       330.0      4.9446
38.0          97.0       270.0       10.24
38.0          98.0       210.0      0.7472
38.0          99.0       120.0      2.5403
38.0         100.0       180.0      3.5716
38.0         101.0       330.0      3.4627
38.0         102.0         0.0      2.7876
38.0         103.0       300.0      7.6294
38.0         104.0       150.0       2.045
38.0         105.0        30.0      3.2547
38.0         106.0       330.0      3.9807
38.0         107.0       330.0        0.64
38.0         108.0        60.0      1.8349
38.0         109.0       180.0      6.0476
38.0         110.0       240.0      3.1069
38.0         111.0       210.0      2.8312
38.0         112.0       240.0      2.6202
38.0         113.0         0.0      2.2792
38.0         114.0       300.0        0.64
38.0         115.0       210.0      3.7415
38.0         116.0       300.0        0.64
38.0         117.0       120.0      6.8454
38.0         118.0       120.0      5.4262
38.0         119.0       240.0      3.3055
38.0         120.0       240.0      3.2547
38.0         121.0        90.0      1.7789
38.0         122.0       240.0       6.142
38.0         123.0       150.0      2.6611
38.0         124.0        60.0      3.4627
38.0         125.0       330.0       3.684
38.0         126.0       240.0      3.0591
38.0         127.0       180.0      1.2458
38.0         128.0       240.0      3.0121
38.0         129.0       240.0      3.6274
38.0         130.0       330.0      1.9222
38.0         131.0       330.0        0.64
38.0         132.0       180.0       10.24
38.0         133.0       240.0      3.5168
