site           roi      hw_raw     hw_norm   orth_norm
------------------------------------------------------
2.0            0.0       44.05        44.5    -0.01364
2.0            1.0       50.62       47.47    0.082138
2.0            2.0       69.32        58.9     0.20319
2.0            3.0       61.23       58.64    0.054576
2.0            4.0       56.46       54.52    0.046371
2.0            5.0       65.58       55.48     0.18912
2.0            6.0       50.98       52.15   -0.031777
2.0            7.0        77.2       54.72     0.27891
2.0            8.0       66.63       55.95     0.21678
2.0            9.0       69.62       59.33     0.18684
2.0           10.0      101.07       76.96     0.30067
2.0           11.0       56.51       52.84    0.085748
2.0           12.0       74.31       51.26     0.25143
2.0           13.0        66.2       64.28     0.03908
2.0           14.0       78.28       50.91     0.47448
2.0           15.0      104.69       73.36     0.34816
2.0           16.0        75.2       60.86     0.26323
2.0           17.0       67.11        64.4    0.040519
2.0           18.0      146.51       86.05     0.51809
2.0           19.0       89.02       57.66     0.32276
2.0           20.0      127.45       42.75     0.51167
2.0           21.0      123.63       68.04     0.33631
2.0           22.0       51.92       51.69    0.007042
2.0           23.0       114.7       56.74     0.43588
2.0           24.0        null        null        null
2.0           25.0        null        null        null
2.0           26.0        73.7       62.64     0.20446
2.0           27.0        null        null        null
2.0           28.0        null        null        null
2.0           29.0       80.05        56.9     0.32692
2.0           30.0       87.82       64.69     0.24514
2.0           31.0       58.84       52.79     0.11718
2.0           32.0      113.17       83.78       0.304
2.0           33.0        64.6       47.74     0.34813
2.0           34.0      132.91       62.01      0.5613
2.0           35.0        null        null        null
2.0           36.0       141.1       51.93     0.43998
2.0           37.0      102.94       56.44     0.44577
2.0           38.0        null        null        null
2.0           39.0      140.36      108.61     0.47929
2.0           40.0      100.53       73.94     0.40923
2.0           41.0       58.45          57    0.040185
2.0           42.0      106.93          60     0.36419
2.0           43.0       78.27       65.15     0.19027
2.0           44.0      119.64       68.07     0.38173
2.0           45.0        99.1       62.24     0.45574
2.0           46.0       77.91       60.24     0.16023
2.0           47.0        null        null        null
2.0           48.0        null        null        null
2.0           49.0       91.61       61.06     0.30801
2.0           50.0       79.97       64.01     0.22449
2.0           51.0        60.4       58.44    0.045578
2.0           52.0       51.64       47.29     0.10684
2.0           53.0       88.68       63.74     0.31661
2.0           54.0       78.28       63.76     0.18598
2.0           55.0       54.26       52.54    0.040531
2.0           56.0       80.46        55.2     0.43267
2.0           57.0       70.49       65.77    0.088734
2.0           58.0        null        null        null
2.0           59.0       70.45       53.77     0.26181
2.0           60.0       74.03       53.29     0.34334
2.0           61.0       64.55       60.23    0.087084
2.0           62.0        null        null        null
2.0           63.0       85.63       60.21     0.33474
2.0           64.0       78.86       62.12     0.25565
2.0           65.0       44.64        43.4    0.035352
2.0           66.0      108.82       67.24     0.33761
2.0           67.0       75.34       59.39      0.2346
2.0           68.0       48.08       45.97     0.05487
2.0           69.0       97.21        73.5     0.22644
2.0           70.0       97.99       73.73     0.34801
2.0           71.0       74.48       52.86     0.37693
2.0           72.0       42.93       43.41   -0.015494
2.0           73.0      100.37       61.25     0.40207
2.0           74.0        null        null        null
2.0           75.0        55.4       52.72    0.062751
2.0           76.0          55       50.37    0.099988
2.0           77.0       61.36        60.6    0.017555
2.0           78.0       52.79       48.37     0.11304
2.0           79.0       62.93       51.02     0.23414
2.0           80.0       47.97       47.78   0.0052341
2.0           81.0       62.15       58.42     0.06931
2.0           82.0       50.68       45.62     0.13692
2.0           83.0       85.98       56.73      0.3573
2.0           84.0       79.63        62.2     0.27961
2.0           85.0       85.99       67.78     0.20941
2.0           86.0       42.42        42.1    0.011832
2.0           87.0       42.78       41.86    0.027306
2.0           88.0       62.82        52.3     0.20528
2.0           89.0       60.55       54.91     0.11041
2.0           90.0       54.44       48.55     0.13133
2.0           91.0       51.96       47.51     0.11782
2.0           92.0       119.9       54.78     0.50655
2.0           93.0       50.22       52.32   -0.051143
2.0           94.0       50.59       46.69    0.099779
2.0           95.0       77.73       56.33     0.28169
2.0           96.0       53.45       49.69    0.096761
2.0           97.0       45.78       42.19    0.097633
2.0           98.0       64.49       55.44     0.19813
2.0           99.0        null        null        null
2.0          100.0       61.83       52.56     0.17165
2.0          101.0       64.12       56.18     0.16562
2.0          102.0       68.38       53.62     0.25787
2.0          103.0       58.49       49.95     0.19278
2.0          104.0        58.8       47.94     0.24976
2.0          105.0      148.55       98.27     0.47028
2.0          106.0       65.56       55.75      0.1992
2.0          107.0       69.89       55.24     0.26171
2.0          108.0       58.57       48.19     0.21908
2.0          109.0       68.54       54.73     0.20122
2.0          110.0       47.77       41.99     0.15686
2.0          111.0       78.44       64.19     0.24642
2.0          112.0       73.13       61.58     0.23869
2.0          113.0       69.92       54.81     0.28988
2.0          114.0        60.2       53.18       0.157
2.0          115.0       54.42       52.96    0.030543
2.0          116.0       55.36       54.71   0.0055032
2.0          117.0       59.74       43.93     0.30105
2.0          118.0       77.39       48.74     0.36275
2.0          119.0       62.83       59.66     0.07457
2.0          120.0        60.5        59.5    0.022895
2.0          121.0       54.29       52.92    0.033132
2.0          122.0       49.65       39.67      0.2688
2.0          123.0       60.68       52.05     0.17833
2.0          124.0       75.27       58.54     0.31082
2.0          125.0       67.23       62.22     0.10456
2.0          126.0       73.01       58.74     0.26751
2.0          127.0       73.56       59.97     0.19605
2.0          128.0       53.85       42.13     0.29958
2.0          129.0        null        null        null
2.0          130.0       43.12       43.08   0.0024512
2.0          131.0       59.65       52.07     0.19074
2.0          132.0       60.68       50.13     0.20228
2.0          133.0       52.03       50.36     0.04213
2.0          134.0        null        null        null
2.0          135.0        null        null        null
2.0          136.0       98.14       61.43     0.25104
2.0          137.0        null        null        null
2.0          138.0       55.78       54.31    0.035324
2.0          139.0        null        null        null
2.0          140.0       47.36        46.3    0.029953
2.0          141.0       64.55        56.1      0.1783
2.0          142.0        null        null        null
2.0          143.0       44.15       43.85    0.009878
2.0          144.0       55.55       46.89     0.19763
2.0          145.0        null        null        null
2.0          146.0        null        null        null
3.0            0.0       58.94       55.42    0.080296
3.0            1.0       79.78       77.47     0.10442
3.0            2.0       48.22       47.28    0.026284
3.0            3.0       64.36       60.24    0.079906
3.0            4.0       43.59       43.87   -0.011621
3.0            5.0       83.43       61.86     0.30482
3.0            6.0       54.66       53.15    0.040438
3.0            7.0       83.23       65.49     0.21405
3.0            8.0       73.27       53.97       0.306
3.0            9.0       71.27       59.71     0.13957
3.0           10.0       88.49       53.05     0.27985
3.0           11.0       91.45       71.79     0.26463
3.0           12.0       70.46       54.15     0.31437
3.0           13.0       68.78       61.82     0.12901
3.0           14.0      109.17        78.1     0.31193
3.0           15.0       102.6       53.12     0.43721
3.0           16.0      103.67       58.96     0.41114
3.0           17.0      109.46       72.19     0.34449
3.0           18.0      117.57       57.04     0.49015
3.0           19.0        null        null        null
3.0           20.0       128.2       41.45     0.53685
3.0           21.0        null        null        null
3.0           22.0       67.36       61.94    0.098404
3.0           23.0        null        null        null
3.0           24.0        null        null        null
3.0           25.0        null        null        null
3.0           26.0        null        null        null
3.0           27.0        null        null        null
3.0           28.0       72.62       60.39     0.14846
3.0           29.0        null        null        null
3.0           30.0        46.6       46.79  -0.0062781
3.0           31.0        null        null        null
3.0           32.0        null        null        null
3.0           33.0        null        null        null
3.0           34.0      112.41       45.32     0.46409
3.0           35.0        87.4       69.59     0.23883
3.0           36.0        57.9       57.31   0.0083747
3.0           37.0      126.82       87.73      0.3362
3.0           38.0      112.64       76.88     0.33047
3.0           39.0      100.65       69.39      0.1918
3.0           40.0       69.93       47.96     0.31801
3.0           41.0       99.77       73.36     0.29741
3.0           42.0       72.23       55.02      0.2506
3.0           43.0       93.48       67.73     0.27502
3.0           44.0       51.07       50.77   0.0043944
3.0           45.0      123.37       65.18     0.44193
3.0           46.0       67.04          62    0.048167
3.0           47.0        null        null        null
3.0           48.0        null        null        null
3.0           49.0        null        null        null
3.0           50.0       72.02       62.98     0.13047
3.0           51.0       47.04       46.66    0.010562
3.0           52.0       83.38       69.99     0.24013
3.0           53.0        85.1       61.51     0.32708
3.0           54.0       60.61       61.64   -0.031926
3.0           55.0      104.96       72.52     0.35233
3.0           56.0       60.81       62.39   -0.071268
3.0           57.0       48.32        49.5   -0.052366
3.0           58.0       67.43       50.65     0.20711
3.0           59.0       81.97       62.99     0.28838
3.0           60.0       51.02       49.87    0.023826
3.0           61.0       90.08       85.41    0.070484
3.0           62.0       44.93        45.8   -0.032092
3.0           63.0       55.09       54.61   0.0094997
3.0           64.0        51.7       49.51     0.05242
3.0           65.0       72.49       65.08   -0.018082
3.0           66.0       65.57       60.49     0.10432
3.0           67.0       51.48       50.38    0.025834
3.0           68.0       45.87       44.26    0.043451
3.0           69.0       45.94       44.37    0.050607
3.0           70.0       49.09       45.64    0.090431
3.0           71.0       74.77       71.07    0.083711
3.0           72.0       46.87        46.8   0.0017431
3.0           73.0        50.9       48.81    0.056586
3.0           74.0       47.12       46.56     0.01802
3.0           75.0       94.44       75.43     0.29796
3.0           76.0       52.58       49.32    0.091748
3.0           77.0       47.24       46.32    0.021868
3.0           78.0       90.93       56.29     0.15683
3.0           79.0       51.53       47.36     0.11178
3.0           80.0       55.22       52.45    0.057934
3.0           81.0        null        null        null
3.0           82.0        47.5       43.36     0.11442
3.0           83.0       56.66       58.08   -0.013813
3.0           84.0       48.38       45.05    0.084068
3.0           85.0       63.31       51.21     0.26348
3.0           86.0       70.44       48.55     0.39949
3.0           87.0        45.6       45.72   -0.004266
3.0           88.0          57       49.67     0.09185
3.0           89.0        61.5       57.35    0.097551
3.0           90.0       59.27       50.01     0.17912
3.0           91.0       43.03        42.8   0.0069642
3.0           92.0       62.48       62.47  -0.0012627
3.0           93.0       78.64       63.83     0.22641
3.0           94.0        49.7       45.36     0.12075
3.0           95.0        45.4       44.13    0.036673
3.0           96.0       57.86       54.73    0.075155
3.0           97.0       52.23       48.18     0.10256
3.0           98.0       56.59       52.09     0.10946
3.0           99.0       58.89       51.92     0.14871
3.0          100.0        null        null        null
3.0          101.0       52.29       50.92    0.036215
3.0          102.0       61.12       48.28     0.23728
3.0          103.0       57.99       54.78     0.08292
3.0          104.0       62.38       58.69    0.083208
3.0          105.0       77.95       65.19     0.21399
3.0          106.0        61.5       62.78   -0.021122
3.0          107.0       55.74       52.46    0.072608
3.0          108.0        78.3       60.91      0.1292
3.0          109.0       72.03       65.94     0.11231
3.0          110.0       57.48       55.04    0.057424
3.0          111.0        null        null        null
3.0          112.0       70.02       69.42    0.013849
3.0          113.0       62.72       46.43     0.17518
3.0          114.0       70.29       49.78     0.23625
3.0          115.0        null        null        null
3.0          116.0      111.87       54.36     0.32958
3.0          117.0        null        null        null
3.0          118.0       66.45       46.23      0.4031
3.0          119.0       55.76       54.19    0.032146
3.0          120.0       45.16       36.87     0.24863
3.0          121.0        61.8       56.35     0.13344
3.0          122.0        null        null        null
3.0          123.0        null        null        null
3.0          124.0       62.16       49.12     0.25275
3.0          125.0       66.66       50.01     0.26406
3.0          126.0      105.23       73.92     0.39179
3.0          127.0       53.13       51.17    0.054755
3.0          128.0        null        null        null
3.0          129.0       56.87       50.97     0.12917
4.0            0.0       71.43       63.19     0.14837
4.0            1.0       80.08       65.35     0.22024
4.0            2.0       77.34       62.88     0.25681
4.0            3.0       80.01       77.46    0.052296
4.0            4.0       62.68        58.9    0.079115
4.0            5.0       84.84       72.25      0.2138
4.0            6.0       54.54       47.22     0.15586
4.0            7.0       86.77       76.09     0.18149
4.0            8.0       48.63       44.49     0.09007
4.0            9.0       72.45       66.67    0.097698
4.0           10.0        79.8       64.17     0.24855
4.0           11.0       68.37       55.67     0.24727
4.0           12.0        62.2       51.64     0.20822
4.0           13.0       91.25       72.68     0.16696
4.0           14.0       74.74       62.63     0.22379
4.0           15.0        null        null        null
4.0           16.0       79.67       69.45     0.19301
4.0           17.0        null        null        null
4.0           18.0       76.17       50.15     0.33693
4.0           19.0       54.91       54.89  -0.0011451
4.0           20.0       62.28       51.73      0.1694
4.0           21.0       68.41       60.39     0.14806
4.0           22.0        null        null        null
4.0           23.0        null        null        null
4.0           24.0        null        null        null
4.0           25.0        null        null        null
4.0           26.0       71.77       59.47     0.21759
4.0           27.0        null        null        null
4.0           28.0       56.09       53.83    0.058502
4.0           29.0       62.37       48.17     0.31403
4.0           30.0        null        null        null
4.0           31.0        null        null        null
4.0           32.0        null        null        null
4.0           33.0       68.56       51.86     0.22926
4.0           34.0        null        null        null
4.0           35.0        null        null        null
4.0           36.0        null        null        null
4.0           37.0        null        null        null
4.0           38.0        78.9       60.61     0.26377
4.0           39.0        null        null        null
4.0           40.0        null        null        null
4.0           41.0       68.64       61.93     0.12226
4.0           42.0        null        null        null
4.0           43.0        null        null        null
4.0           44.0        null        null        null
4.0           45.0        null        null        null
4.0           46.0        null        null        null
4.0           47.0        null        null        null
4.0           48.0        null        null        null
4.0           49.0        null        null        null
4.0           50.0       90.11       59.86     0.30903
4.0           51.0        null        null        null
4.0           52.0       46.72       46.09     0.01823
4.0           53.0       49.14       47.73    0.027679
4.0           54.0        null        null        null
4.0           55.0       77.13       54.88     0.22275
4.0           56.0       68.67       51.35     0.26642
4.0           57.0       65.72       57.05     0.19646
4.0           58.0       60.52       55.57    0.067108
4.0           59.0       63.92       40.84     0.30544
4.0           60.0       48.62       40.25     0.18229
4.0           61.0        null        null        null
4.0           62.0       51.89       42.29      0.2322
4.0           63.0        null        null        null
4.0           64.0       66.54       56.59     0.15725
4.0           65.0       64.01       59.95    0.063952
4.0           66.0       68.55       60.01     0.14502
4.0           67.0       46.91       46.15    0.015166
4.0           68.0       73.63       59.75      0.2494
4.0           69.0       43.46       42.61    0.026825
4.0           70.0       50.61       46.56      0.1052
4.0           71.0       59.99       58.17    0.014961
4.0           72.0       53.05        52.2   0.0046725
4.0           73.0       55.38       56.68    -0.03672
4.0           74.0        58.9       56.16    0.037963
4.0           75.0       64.21        48.2     0.14705
4.0           76.0       49.68       48.85    0.020173
4.0           77.0        null        null        null
4.0           78.0        null        null        null
4.0           79.0       60.58       48.37      0.2672
4.0           80.0        null        null        null
4.0           81.0       75.04        61.8     0.25387
4.0           82.0       50.27       49.78   0.0092681
4.0           83.0       60.95       55.42     0.10311
4.0           84.0        null        null        null
4.0           85.0       46.34       46.65  -0.0095813
4.0           86.0       53.36       54.07   -0.021674
4.0           87.0       50.69        47.5    0.082052
4.0           88.0       62.61       64.84   -0.060936
4.0           89.0       46.83       46.04     0.01304
4.0           90.0       63.34       59.88    0.066673
4.0           91.0       70.83        56.6     0.22992
4.0           92.0       73.97       74.59   -0.031952
4.0           93.0       51.03       46.37     0.12373
4.0           94.0       44.62       43.09    0.040903
4.0           95.0       52.89       50.68    0.056376
4.0           96.0       55.58       52.49    0.074805
4.0           97.0       63.85       51.54      0.1833
4.0           98.0       46.96        41.6     0.16631
4.0           99.0       65.35        54.6     0.19035
4.0          100.0       47.96       44.86    0.068157
4.0          101.0       60.44       55.72     0.10803
4.0          102.0       44.89        43.5    0.038759
4.0          103.0       51.15       49.95    0.030414
4.0          104.0       60.19       57.17    0.063263
4.0          105.0       61.78       57.79    0.074321
4.0          106.0       57.94        52.9     0.12685
4.0          107.0       51.84       50.39    0.040149
4.0          108.0       47.95       48.05  -0.0095239
4.0          109.0       58.58       55.96    0.040141
4.0          110.0       57.35       53.54    0.085491
4.0          111.0        61.9       55.15     0.14345
4.0          112.0       69.96       63.81     0.12504
4.0          113.0       43.93       43.78   0.0029699
4.0          114.0       45.86       46.21   -0.013119
4.0          115.0       74.24        65.9     0.14997
4.0          116.0       55.64       50.98    0.097165
4.0          117.0        71.6       47.57     0.26877
4.0          118.0       51.12        47.2    0.057653
4.0          119.0       62.26       55.31     0.14535
4.0          120.0       42.94       45.13   -0.039785
4.0          121.0       43.08       42.98   -0.002826
4.0          122.0       40.81       40.55 -0.00024948
4.0          123.0       62.56        50.4     0.20335
4.0          124.0       49.41       47.88    0.040928
4.0          125.0       53.66        52.4    0.031792
4.0          126.0       49.13       50.35   -0.036528
4.0          127.0       68.42       61.69     0.12881
4.0          128.0       40.06       33.17     0.24216
4.0          129.0       35.32       35.92     -0.0239
4.0          130.0        null        null        null
4.0          131.0       55.35        52.3    0.070726
4.0          132.0        null        null        null
4.0          133.0       78.74       69.33     0.14263
4.0          134.0       50.66       45.14     0.16806
4.0          135.0       67.68       61.95     0.13541
4.0          136.0        null        null        null
4.0          137.0       52.07        52.8   -0.030012
4.0          138.0       43.24       43.09   0.0030407
4.0          139.0       57.93       53.76      0.1043
4.0          140.0       47.42       42.79     0.11436
4.0          141.0       45.82       43.92    0.062928
4.0          142.0       47.45       47.71  -0.0068463
4.0          143.0       62.16       48.62     0.17298
4.0          144.0       38.33       38.68   -0.012928
4.0          145.0       95.24       63.58     0.35802
4.0          146.0       54.91       55.47    0.033443
4.0          147.0       44.87       42.66    0.076192
4.0          148.0       52.81       50.85    0.054248
4.0          149.0       43.23        41.2    0.063892
4.0          150.0       51.47       48.47    0.083599
4.0          151.0       59.85       58.14    0.047366
4.0          152.0        null        null        null
4.0          153.0       44.73       44.92  -0.0085912
4.0          154.0        68.6       57.52     0.20711
4.0          155.0       48.39       47.82    0.016072
4.0          156.0        55.6       52.22    0.073975
4.0          157.0       40.67        40.7   0.0022385
4.0          158.0       56.95       60.53   -0.094841
4.0          159.0       56.15       53.37    0.065703
5.0            0.0       53.47       49.23     0.10422
5.0            1.0       66.59       62.23    0.099322
5.0            2.0       98.25       81.09     0.19721
5.0            3.0       80.29       67.29     0.22131
5.0            4.0       66.97       56.74     0.19733
5.0            5.0       75.21       64.71     0.21556
5.0            6.0       76.05       58.82     0.23423
5.0            7.0       55.39       55.41   -0.016251
5.0            8.0       81.81       60.06     0.25699
5.0            9.0       87.59       68.72      0.3429
5.0           10.0          89       78.12     0.18251
5.0           11.0       62.16       54.96     0.11563
5.0           12.0       79.97       58.44     0.20732
5.0           13.0       67.62       62.96    0.090576
5.0           14.0       47.97       47.09    0.024537
5.0           15.0        null        null        null
5.0           16.0        null        null        null
5.0           17.0       48.41       49.72   -0.047406
5.0           18.0        null        null        null
5.0           19.0        null        null        null
5.0           20.0        null        null        null
5.0           21.0       78.43       56.24     0.38276
5.0           22.0      117.98       70.44     0.45568
5.0           23.0       67.25       43.42      0.2756
5.0           24.0        null        null        null
5.0           25.0       59.57       54.05     0.14601
5.0           26.0        null        null        null
5.0           27.0        null        null        null
5.0           28.0       67.68       61.83     0.12146
5.0           29.0        null        null        null
5.0           30.0       56.98       55.52    0.023704
5.0           31.0       69.29       66.05    0.058867
5.0           32.0       54.37       61.32    -0.19399
5.0           33.0       55.88       45.47     0.22972
5.0           34.0       74.32       58.78     0.10799
5.0           35.0      115.54       82.05     0.44307
5.0           36.0        null        null        null
5.0           37.0        null        null        null
5.0           38.0       53.12       51.42    0.042275
5.0           39.0        67.2       60.98     0.13362
5.0           40.0       82.36       80.06    0.030111
5.0           41.0       78.34       49.51     0.22244
5.0           42.0        null        null        null
5.0           43.0        78.6        67.6      0.1231
5.0           44.0       75.47       50.23      0.2225
5.0           45.0        56.4       45.46     0.24956
5.0           46.0       39.55       41.53   -0.063752
5.0           47.0       77.45       65.54     0.18699
5.0           48.0       76.79       77.89   -0.062021
5.0           49.0       67.06       49.61      0.2831
5.0           50.0        64.1       62.58    0.068196
5.0           51.0       70.33        75.1    -0.11223
5.0           52.0       74.17       72.42    0.010259
5.0           53.0       45.85       43.67    0.085674
5.0           54.0       74.78       47.45     0.25238
5.0           55.0        null        null        null
5.0           56.0       60.18       54.12     0.18132
5.0           57.0        null        null        null
5.0           58.0       67.69       60.95     0.14176
5.0           59.0       64.49       53.34     0.17024
5.0           60.0       49.05       49.72   -0.012549
5.0           61.0        70.5       62.24     0.17221
5.0           62.0       62.78       57.02     0.12324
5.0           63.0       55.11       55.53   -0.020948
5.0           64.0       52.85       53.06  -0.0065659
5.0           65.0       61.83       52.64     0.16449
5.0           66.0       65.61       53.85     0.22933
5.0           67.0       64.72       54.38     0.21059
5.0           68.0          48       44.31    0.093827
5.0           69.0       54.65       52.73    0.043898
5.0           70.0       49.87       46.32     0.08746
5.0           71.0       60.31       48.94     0.28454
5.0           72.0          47        49.4   -0.081332
5.0           73.0       48.25       40.74     0.20023
5.0           74.0       50.93       50.08   0.0087436
5.0           75.0       49.54       43.15     0.16273
5.0           76.0       48.83       47.68    0.055624
5.0           77.0       43.99       41.68     0.06067
5.0           78.0       65.44       69.93    -0.16092
5.0           79.0       54.09       51.82    0.038792
5.0           80.0       56.68       57.52   -0.018647
5.0           81.0       55.19       59.82    -0.11382
5.0           82.0       59.52       51.83     0.13688
5.0           83.0       60.23       57.84    0.079281
5.0           84.0        null        null        null
5.0           85.0       52.42       49.37    0.083424
5.0           86.0       46.28       37.18     0.30923
5.0           87.0       69.36       63.38     0.13864
5.0           88.0       49.64       56.56   -0.017412
5.0           89.0       47.33       46.18    0.023717
5.0           90.0        40.8       39.62    0.031674
5.0           91.0       48.23       43.64     0.11517
5.0           92.0       59.01       50.66     0.19578
5.0           93.0       44.85       39.63     0.17485
5.0           94.0       42.99       42.05    0.032265
5.0           95.0       45.78       41.08     0.15565
5.0           96.0          54       44.56     0.26385
5.0           97.0       45.68       39.65     0.17223
5.0           98.0       41.76       40.02    0.071799
5.0           99.0        null        null        null
5.0          100.0       50.88       50.58   0.0060126
5.0          101.0       38.72        38.3   0.0074993
5.0          102.0        null        null        null
5.0          103.0       44.14       53.12    -0.04172
5.0          104.0        null        null        null
5.0          105.0        null        null        null
5.0          106.0        null        null        null
5.0          107.0       43.29       41.96    0.039138
5.0          108.0       56.28       43.76     0.32892
5.0          109.0       40.34       41.71   -0.055814
5.0          110.0        null        null        null
5.0          111.0       76.55       79.66   -0.032849
5.0          112.0       52.14       74.39   -0.094498
5.0          113.0        null        null        null
5.0          114.0       56.58       57.72    -0.02932
5.0          115.0        null        null        null
5.0          116.0       61.95        59.6    0.057335
5.0          117.0        null        null        null
5.0          118.0        null        null        null
5.0          119.0        null        null        null
5.0          120.0        null        null        null
5.0          121.0       58.41        55.8    0.075705
5.0          122.0       55.71       52.29    0.095862
5.0          123.0        null        null        null
5.0          124.0       66.74       59.74     0.14907
5.0          125.0        null        null        null
5.0          126.0        null        null        null
5.0          127.0       46.45       45.27    0.052619
5.0          128.0        null        null        null
5.0          129.0       59.37       52.35     0.16701
5.0          130.0        null        null        null
5.0          131.0        null        null        null
5.0          132.0        null        null        null
5.0          133.0        null        null        null
5.0          134.0       49.91       45.83     0.10968
5.0          135.0       51.05       48.49    0.073402
5.0          136.0       49.76       44.24     0.15147
5.0          137.0       61.16       53.45     0.13033
5.0          138.0        null        null        null
5.0          139.0       56.21       52.92    0.089868
5.0          140.0        null        null        null
5.0          141.0       55.54       51.36    0.093518
5.0          142.0        null        null        null
5.0          143.0        null        null        null
5.0          144.0       59.04       55.64    0.057256
5.0          145.0        null        null        null
5.0          146.0        null        null        null
5.0          147.0        null        null        null
5.0          148.0        null        null        null
6.0            0.0       58.34       55.37    0.076422
6.0            1.0       92.96       58.11     0.31578
6.0            2.0      102.85       76.15     0.23759
6.0            3.0        76.1       67.13     0.15175
6.0            4.0        39.1       39.19  -0.0038553
6.0            5.0       55.24       53.13    0.048805
6.0            6.0      105.13       69.16     0.31017
6.0            7.0       73.16          60     0.24339
6.0            8.0        null        null        null
6.0            9.0        null        null        null
6.0           10.0       61.82       45.76     0.36613
6.0           11.0       52.99        37.7     0.37595
6.0           12.0       72.32       57.87     0.21264
6.0           13.0      105.81       95.55     0.10206
6.0           14.0      105.21        63.5     0.34936
6.0           15.0       82.08       60.74     0.25661
6.0           16.0        null        null        null
6.0           17.0       57.87       51.65     0.11998
6.0           18.0      113.23       64.29     0.44541
6.0           19.0      117.57        73.4     0.33988
6.0           20.0       70.61       59.08     0.15829
6.0           21.0        null        null        null
6.0           22.0      114.03       69.08     0.30918
6.0           23.0       88.64       62.82     0.34547
6.0           24.0       80.05       66.81     0.11645
6.0           25.0       88.58       66.99     0.31737
6.0           26.0       77.83       59.11     0.23417
6.0           27.0        null        null        null
6.0           28.0       59.01       56.05    0.064038
6.0           29.0       73.21        65.5     0.11726
6.0           30.0      104.51       74.05     0.23808
6.0           31.0       95.33          67      0.3781
6.0           32.0       56.87       54.41    0.050512
6.0           33.0       75.53        55.6     0.23802
6.0           34.0       70.01       52.31     0.20905
6.0           35.0       51.44        50.7    0.015159
6.0           36.0       79.09       68.15    0.093676
6.0           37.0       76.12       59.49     0.25105
6.0           38.0        null        null        null
6.0           39.0        73.5       63.86     0.12065
6.0           40.0       66.59        54.2     0.21658
6.0           41.0       93.75       47.29     0.34489
6.0           42.0       73.47       66.81     0.11168
6.0           43.0       72.08        52.3     0.21294
6.0           44.0       70.44       60.28      0.2038
6.0           45.0       61.93       52.28      0.1862
6.0           46.0       66.52        56.6     0.16728
6.0           47.0       94.25       73.47     0.30927
6.0           48.0       82.52       33.91     0.44823
6.0           49.0      106.82       38.83     0.44098
6.0           50.0       76.93       49.88     0.31304
6.0           51.0       50.37        46.4    0.087411
6.0           52.0       58.66       55.25    0.072845
6.0           53.0       58.04       50.55     0.17823
6.0           54.0       48.87       46.31    0.058732
6.0           55.0       76.77       59.87     0.25191
6.0           56.0       61.23       51.63     0.20736
6.0           57.0      108.74       56.04     0.39273
6.0           58.0       54.73        50.3    0.096811
6.0           59.0       76.54       64.12     0.23004
6.0           60.0       83.68       55.42     0.28105
6.0           61.0       56.66       53.63     0.06738
6.0           62.0       52.54       49.54    0.070784
6.0           63.0       58.88       50.12     0.16269
6.0           64.0       42.41       35.34     0.22628
6.0           65.0        54.1       45.49     0.15642
6.0           66.0      106.42       61.52      0.2638
6.0           67.0       43.78        42.5    0.037845
6.0           68.0       46.17       44.24    0.049741
6.0           69.0       63.41       52.87     0.19704
6.0           70.0       50.69       50.71   -0.015343
6.0           71.0       63.15       58.36     0.10299
6.0           72.0       55.43       52.25    0.082195
6.0           73.0       60.95       57.42    0.051026
6.0           74.0       63.84       63.03    0.041906
6.0           75.0       53.93       45.59     0.16344
6.0           76.0       74.42       61.17     0.25849
6.0           77.0       60.36        56.2    0.076051
6.0           78.0       49.88       50.13   -0.012166
6.0           79.0       52.13       49.48    0.063442
6.0           80.0       60.25       52.17     0.15255
6.0           81.0       62.61       55.54    0.091421
6.0           82.0       71.51       51.21     0.20352
6.0           83.0       43.33       42.14    0.034317
6.0           84.0          63       58.47    0.060844
6.0           85.0       66.08        60.6    0.088918
6.0           86.0        56.6       53.92    0.070992
6.0           87.0       57.36       52.44     0.10053
6.0           88.0       50.75       47.75    0.070977
6.0           89.0       57.52       52.56     0.10215
6.0           90.0       46.62        40.2     0.18051
6.0           91.0        72.6       63.92     0.17766
6.0           92.0       43.76       43.46    0.011266
6.0           93.0       78.43       54.81     0.22859
6.0           94.0        50.9       50.94  -0.0076831
6.0           95.0       49.35       45.73    0.098225
6.0           96.0       51.37       50.55    0.018783
6.0           97.0       55.57       51.19    0.092993
6.0           98.0       54.09       48.69     0.11793
6.0           99.0       54.09       52.11    0.049661
6.0          100.0        56.3       53.32    0.068027
6.0          101.0        52.7        49.8    0.073901
6.0          102.0       89.61       63.84      0.3283
6.0          103.0       71.42       57.43     0.20345
6.0          104.0        53.9       47.14     0.15613
6.0          105.0       53.01       49.33    0.086397
6.0          106.0       71.98       59.08     0.25528
6.0          107.0       54.44       50.01    0.096991
6.0          108.0        null        null        null
6.0          109.0       61.13       60.48    0.011596
6.0          110.0       55.46       49.17     0.15501
6.0          111.0        null        null        null
6.0          112.0       52.92       49.18     0.10443
6.0          113.0       63.48       59.93    0.082693
6.0          114.0       80.23       66.95      0.1937
6.0          115.0       78.98       66.14     0.17783
6.0          116.0       69.01       59.35     0.21429
6.0          117.0       75.36       66.03     0.17498
6.0          118.0       61.39        52.1     0.17476
6.0          119.0       40.54       40.44   0.0046771
6.0          120.0       54.76       50.05      0.1183
6.0          121.0       84.82       54.36     0.31877
6.0          122.0       54.77       50.35     0.11068
6.0          123.0       60.45       48.74     0.26569
6.0          124.0       67.91       64.13    0.073047
6.0          125.0        55.1       50.09     0.15276
6.0          126.0       49.13       48.55    0.016177
6.0          127.0       64.84       55.55      0.1906
6.0          128.0       78.59       75.04    0.071208
6.0          129.0       44.76          45  -0.0059993
6.0          130.0       56.85       51.27     0.13512
6.0          131.0       90.69        62.6     0.25822
6.0          132.0       80.49       73.48     0.15179
6.0          133.0       52.74       50.43    0.057467
6.0          134.0       57.65       52.35     0.11469
6.0          135.0        null        null        null
6.0          136.0       91.09       82.79     0.16066
6.0          137.0       68.04       57.13     0.23269
6.0          138.0       48.51       44.11     0.12392
6.0          139.0       68.39       54.92      0.3127
6.0          140.0       54.56       54.56   0.0011733
6.0          141.0       70.79       67.39     0.06595
6.0          142.0        58.2       57.63    0.015252
6.0          143.0       77.16       65.28     0.22712
6.0          144.0        null        null        null
6.0          145.0        null        null        null
6.0          146.0       45.11       45.73   -0.021269
6.0          147.0       55.25       52.95    0.056286
6.0          148.0       47.93        47.1    0.021368
6.0          149.0        null        null        null
6.0          150.0        null        null        null
6.0          151.0       62.74       60.83    0.040712
7.0            0.0       99.46       76.48      0.1792
7.0            1.0       56.79       53.06    0.087041
7.0            2.0       63.91       54.43     0.17918
7.0            3.0       55.35       52.75    0.063865
7.0            4.0      101.36       68.09     0.35762
7.0            5.0       88.14       62.79     0.28017
7.0            6.0        78.4       61.59     0.23212
7.0            7.0       89.52       70.93     0.20063
7.0            8.0       38.62       38.84  -0.0064241
7.0            9.0       96.17       56.18     0.30661
7.0           10.0       85.83       52.61     0.27512
7.0           11.0        null        null        null
7.0           12.0       83.03       67.53     0.26461
7.0           13.0        null        null        null
7.0           14.0        null        null        null
7.0           15.0       83.91       54.71     0.31322
7.0           16.0       88.93       66.19     0.31899
7.0           17.0       72.88       56.19     0.30571
7.0           18.0        99.2       62.99      0.3536
7.0           19.0        null        null        null
7.0           20.0       67.47        60.2      0.1259
7.0           21.0        null        null        null
7.0           22.0        null        null        null
7.0           23.0       71.99       56.87     0.22556
7.0           24.0       97.42       64.56     0.36283
7.0           25.0        null        null        null
7.0           26.0       61.98       55.98    0.096058
7.0           27.0       65.73       60.57    0.099882
7.0           28.0       72.08       57.36     0.19133
7.0           29.0       74.24       55.49     0.27733
7.0           30.0       89.25       66.35     0.33388
7.0           31.0      126.89       81.77     0.36669
7.0           32.0        null        null        null
7.0           33.0       59.25       56.16    0.064215
7.0           34.0       73.73       60.37     0.17741
7.0           35.0       92.07       59.72     0.32402
7.0           36.0       43.89       55.76   -0.055025
7.0           37.0       56.01       53.59    0.054907
7.0           38.0       72.18       63.34     0.15448
7.0           39.0       51.12       50.19    0.019975
7.0           40.0       81.48       60.98     0.25533
7.0           41.0       78.92       56.36     0.34005
7.0           42.0       89.03       61.92     0.31969
7.0           43.0       92.85       66.23     0.25413
7.0           44.0       77.73       55.58     0.33074
7.0           45.0      107.17       67.01     0.40999
7.0           46.0        82.7       64.39     0.21363
7.0           47.0       81.99       61.09     0.25492
7.0           48.0       56.22       50.68      0.1042
7.0           49.0       60.98       52.78     0.14571
7.0           50.0       71.11       49.63     0.41903
7.0           51.0       70.25       61.27     0.13386
7.0           52.0       87.46       66.36     0.36748
7.0           53.0       54.24       49.32     0.12441
7.0           54.0        null        null        null
7.0           55.0        73.5       57.04     0.26234
7.0           56.0       57.01       54.33    0.047304
7.0           57.0       66.55       58.62     0.16055
7.0           58.0       73.77       62.47     0.17805
7.0           59.0       53.48       48.85    0.093711
7.0           60.0       58.38       53.97    0.094291
7.0           61.0       48.67       46.27    0.056184
7.0           62.0       67.47       54.84     0.13825
7.0           63.0       54.16       52.49    0.028285
7.0           64.0      117.66       65.73     0.49216
7.0           65.0      111.39       59.76     0.37307
7.0           66.0       79.23       61.68     0.23379
7.0           67.0       70.07       59.58     0.20652
7.0           68.0      107.27       58.14     0.43787
7.0           69.0        48.6       46.44    0.034201
7.0           70.0      102.54       60.34     0.30626
7.0           71.0       87.44       66.54     0.28044
7.0           72.0       80.09       57.77     0.24876
7.0           73.0       57.53       55.26    0.047216
7.0           74.0       51.42       47.23    0.059981
7.0           75.0       58.29       49.96     0.10295
7.0           76.0       58.03       54.67    0.067431
7.0           77.0        null        null        null
7.0           78.0       57.58       52.09     0.10215
7.0           79.0       49.67       46.92    0.065504
7.0           80.0       47.53       44.36    0.059746
7.0           81.0       44.51       43.58    0.026379
7.0           82.0       70.79       57.81     0.20069
7.0           83.0       62.57       54.75     0.13546
7.0           84.0       98.57       71.59     0.25254
7.0           85.0       56.24        54.1    0.039541
7.0           86.0        41.1          41 -0.00089829
7.0           87.0       61.04       55.66     0.11467
7.0           88.0       50.71       47.21    0.087892
7.0           89.0       67.91       56.62     0.17658
7.0           90.0       47.54       46.12    0.034123
7.0           91.0       72.28       62.78     0.12578
7.0           92.0        83.1       73.62     0.15806
7.0           93.0       62.89       55.45     0.12659
7.0           94.0       84.45       70.17      0.1769
7.0           95.0        48.7       49.27   -0.018742
7.0           96.0       56.23       49.34     0.11984
7.0           97.0       59.55       55.18    0.087931
7.0           98.0       60.18       51.94     0.15157
7.0           99.0       63.14        58.1    0.085641
7.0          100.0       55.08       49.79     0.10071
7.0          101.0       76.43       61.68     0.20527
7.0          102.0       52.51          51    0.030916
7.0          103.0       60.78       52.51     0.17966
7.0          104.0      134.96       70.72     0.43427
7.0          105.0       63.76       50.91     0.22596
7.0          106.0       67.99       55.87     0.18911
7.0          107.0       42.23       41.23    0.027469
7.0          108.0        null        null        null
7.0          109.0       52.24       52.79   -0.019444
7.0          110.0       58.12       49.31     0.18933
7.0          111.0       56.29       50.78     0.11914
7.0          112.0       57.87       53.01     0.10807
7.0          113.0       52.41       51.01    0.028441
7.0          114.0       57.58       50.68     0.15032
7.0          115.0       84.89       60.47      0.2139
7.0          116.0       58.72          51     0.17547
7.0          117.0       65.73          59     0.12837
7.0          118.0       52.51       50.43    0.032031
7.0          119.0       57.29       53.79    0.067318
7.0          120.0        56.8        52.4      0.1065
7.0          121.0       60.29       54.96     0.11489
7.0          122.0       89.68       58.58      0.2825
7.0          123.0       68.03       56.16     0.23546
7.0          124.0        65.2       57.39      0.1389
7.0          125.0          68       58.11     0.20019
7.0          126.0       58.36       55.47    0.074926
7.0          127.0       59.68          53      0.1248
7.0          128.0       64.46       52.76     0.19774
7.0          129.0       57.14       54.52    0.057763
7.0          130.0       65.84       59.47     0.14584
7.0          131.0       61.11       55.89     0.11324
7.0          132.0       44.19       42.36    0.050699
7.0          133.0       59.17       54.83    0.091628
7.0          134.0        null        null        null
7.0          135.0       74.64       63.05     0.19608
7.0          136.0       92.23       75.65     0.20683
7.0          137.0       75.37       63.45     0.20148
7.0          138.0       58.18       51.93     0.16836
7.0          139.0        53.3       47.41     0.14848
7.0          140.0       67.22       59.44     0.15893
7.0          141.0       63.46        58.9     0.12036
7.0          142.0       55.52        46.5     0.25636
7.0          143.0       60.05       53.93     0.13299
7.0          144.0       59.18        49.8     0.22649
7.0          145.0       52.74       53.08   -0.010573
7.0          146.0       57.69       51.36     0.14358
7.0          147.0        68.4       44.99     0.40364
7.0          148.0       60.27       51.32     0.20257
7.0          149.0       43.51       42.28    0.027319
7.0          150.0       73.79        69.3    0.099209
7.0          151.0       51.75       47.64     0.10261
7.0          152.0       57.79       50.33     0.17133
7.0          153.0       74.13       55.35     0.31402
7.0          154.0       48.87       47.28    0.040045
7.0          155.0       55.69       47.75     0.20741
7.0          156.0       54.98       48.85      0.1124
7.0          157.0        null        null        null
7.0          158.0       68.81       54.51     0.26355
7.0          159.0       48.66       43.16     0.16267
7.0          160.0        58.3       46.75       0.221
7.0          161.0       65.42       55.65     0.20417
7.0          162.0       53.77       50.65    0.068967
7.0          163.0       54.66       53.07     0.03868
7.0          164.0        null        null        null
7.0          165.0          63       47.87      0.2741
7.0          166.0       43.77       42.31    0.047596
7.0          167.0        null        null        null
7.0          168.0       52.42       47.72     0.13928
7.0          169.0       50.35       45.97     0.12352
7.0          170.0        55.1       46.45     0.18964
7.0          171.0       69.57       62.36     0.10383
7.0          172.0       43.21       42.13    0.033063
7.0          173.0        null        null        null
7.0          174.0       52.24       47.97      0.1126
7.0          175.0       108.6       64.94     0.33648
7.0          176.0       81.76       71.46     0.17062
7.0          177.0       41.69        40.3    0.043959
7.0          178.0       59.01       48.85     0.21101
7.0          179.0       47.28       46.88    0.011334
7.0          180.0        null        null        null
7.0          181.0       46.64       42.13     0.13522
8.0            0.0       86.99       58.77     0.31455
8.0            1.0       78.83        57.1     0.30115
8.0            2.0       63.02       59.94    0.059372
8.0            3.0       65.76       60.88    0.088009
8.0            4.0        null        null        null
8.0            5.0       80.66       60.66     0.26537
8.0            6.0      113.29       63.99     0.39398
8.0            7.0       82.63       61.21     0.28456
8.0            8.0      102.77       54.37     0.43811
8.0            9.0       151.3       62.56     0.49854
8.0           10.0       72.77       58.15     0.28526
8.0           11.0        null        null        null
8.0           12.0      114.71       64.35     0.34798
8.0           13.0      142.06       96.98     0.48107
8.0           14.0       73.78       57.86     0.23607
8.0           15.0        null        null        null
8.0           16.0       58.87       56.04    0.046338
8.0           17.0        null        null        null
8.0           18.0        null        null        null
8.0           19.0        null        null        null
8.0           20.0       88.83          72     0.28183
8.0           21.0       81.39       64.41     0.26322
8.0           22.0        null        null        null
8.0           23.0       60.58       56.76    0.017796
8.0           24.0      126.65       68.63     0.37567
8.0           25.0      103.32       67.14     0.33214
8.0           26.0       56.47       49.86     0.14283
8.0           27.0        null        null        null
8.0           28.0       126.3       74.61     0.45691
8.0           29.0        null        null        null
8.0           30.0      123.27       68.67     0.43373
8.0           31.0        null        null        null
8.0           32.0      108.63        51.9     0.45787
8.0           33.0      138.52       74.71     0.54984
8.0           34.0        56.5       52.46    0.078129
8.0           35.0        null        null        null
8.0           36.0       109.2       65.33     0.38266
8.0           37.0       75.29       60.82     0.20146
8.0           38.0       53.54        50.6    0.060187
8.0           39.0        null        null        null
8.0           40.0       98.21       63.52     0.29307
8.0           41.0       76.69       60.96     0.17128
8.0           42.0       94.94       82.29     0.20059
8.0           43.0       71.78       52.99     0.34519
8.0           44.0       68.44       62.99    0.069192
8.0           45.0       46.58       44.46     0.04959
8.0           46.0       81.35       61.08     0.22583
8.0           47.0        null        null        null
8.0           48.0        null        null        null
8.0           49.0        null        null        null
8.0           50.0       97.96       62.39     0.27702
8.0           51.0        null        null        null
8.0           52.0       79.97       64.05     0.22188
8.0           53.0       79.06       58.56     0.21969
8.0           54.0        null        null        null
8.0           55.0       90.31       63.75     0.23278
8.0           56.0       58.25       50.81     0.13062
8.0           57.0       54.45       47.12     0.14968
8.0           58.0       69.97       58.51     0.15495
8.0           59.0       73.64       63.35     0.16617
8.0           60.0       62.99       53.99     0.10858
8.0           61.0        null        null        null
8.0           62.0        null        null        null
8.0           63.0       82.65       66.02     0.21555
8.0           64.0        89.2       65.98     0.20752
8.0           65.0        null        null        null
8.0           66.0       74.11       62.14     0.16561
8.0           67.0       63.28       50.92     0.27403
8.0           68.0      109.83       74.38     0.33681
8.0           69.0      103.28       62.79     0.29932
8.0           70.0       75.39       52.26     0.21302
8.0           71.0       49.01       43.64    0.095548
8.0           72.0        72.6       66.17    0.091817
8.0           73.0       57.26       46.53     0.23357
8.0           74.0        81.8       63.09     0.22628
8.0           75.0       58.81       52.12     0.10599
8.0           76.0       66.53       50.18     0.23548
8.0           77.0       53.07       51.24    0.038655
8.0           78.0        61.4       49.12     0.22183
8.0           79.0       70.81       67.44    0.065222
8.0           80.0       57.75       55.31    0.026788
8.0           81.0       70.39       57.26     0.22537
8.0           82.0        78.6       61.14     0.25432
8.0           83.0        83.5       71.48     0.14029
8.0           84.0        61.8       55.12    0.093713
8.0           85.0       76.55       64.53     0.17142
8.0           86.0       52.15       47.37    0.088691
8.0           87.0       71.69       60.86      0.1554
8.0           88.0       60.52       52.23     0.14551
8.0           89.0       46.16       37.22     0.22211
8.0           90.0       56.71       52.67    0.075874
8.0           91.0       70.09       53.66     0.27633
8.0           92.0       87.63       73.71     0.19713
8.0           93.0       73.08       53.41     0.26325
8.0           94.0       67.11       53.56     0.14901
8.0           95.0       62.25       53.41     0.16328
8.0           96.0       77.86       51.83     0.35667
8.0           97.0       69.86       62.37     0.11477
8.0           98.0       63.77       53.32     0.18634
8.0           99.0        null        null        null
8.0          100.0       63.78       56.94     0.12586
8.0          101.0       81.38        55.8     0.21702
8.0          102.0       65.58       49.94     0.20206
8.0          103.0       53.15       50.04    0.056885
8.0          104.0      142.34       62.31     0.51691
8.0          105.0        null        null        null
8.0          106.0       50.98        50.3    0.014221
8.0          107.0        null        null        null
8.0          108.0       87.05          57     0.30581
8.0          109.0       61.74        52.9     0.17644
8.0          110.0      118.45       75.01     0.42295
8.0          111.0       42.52       39.64    0.079886
8.0          112.0       68.37       57.38     0.17778
8.0          113.0       61.69       54.89     0.13822
8.0          114.0       77.28       52.22     0.21802
8.0          115.0       76.61       60.68      0.2229
8.0          116.0      100.65       70.19     0.31567
8.0          117.0       102.2       71.52     0.29362
8.0          118.0       75.31       68.76     0.11973
8.0          119.0       75.59       57.71     0.21237
8.0          120.0       74.76       59.78     0.24235
8.0          121.0       74.54       67.28     0.12576
8.0          122.0       64.44       54.21     0.22919
8.0          123.0       71.52       56.52     0.27621
8.0          124.0       67.04       49.88     0.28938
8.0          125.0       60.68       56.67    0.077191
8.0          126.0       88.49       73.92     0.22418
8.0          127.0       73.03       65.89     0.13055
8.0          128.0       51.77       49.63    0.050604
8.0          129.0        63.1       47.07      0.2696
8.0          130.0       57.02       52.03    0.095279
8.0          131.0        null        null        null
8.0          132.0       69.89       52.95     0.17596
8.0          133.0       53.95        49.4    0.099688
8.0          134.0       48.82          47    0.042178
8.0          135.0       74.44       61.78     0.24839
8.0          136.0       66.73       60.63     0.12426
8.0          137.0       69.46        57.2     0.12363
8.0          138.0        73.7       63.49     0.16953
8.0          139.0       55.42        49.8     0.13367
8.0          140.0       66.04       55.43     0.21712
8.0          141.0       40.13       40.17 -0.00044207
8.0          142.0       70.45       61.83     0.16159
8.0          143.0        null        null        null
8.0          144.0       78.78       56.99      0.3287
8.0          145.0       63.12       62.31    0.025565
8.0          146.0        75.5        60.8     0.25189
8.0          147.0       37.17       37.36   -0.010043
8.0          148.0       42.97       39.97      0.1015
8.0          149.0       81.87       60.83     0.34417
8.0          150.0       67.88       61.32     0.13778
9.0            0.0       76.44        63.9     0.21503
9.0            1.0       74.25       60.76     0.23509
9.0            2.0       67.71       53.66     0.21011
9.0            3.0       46.45       44.82    0.039833
9.0            4.0       47.14       46.01    0.031371
9.0            5.0       67.97       64.36    0.066784
9.0            6.0      102.04       83.09     0.22051
9.0            7.0       75.52       53.81     0.30213
9.0            8.0       55.09       50.64     0.05896
9.0            9.0       65.21       59.62    0.090784
9.0           10.0       67.03        57.7     0.15716
9.0           11.0      107.85       68.98     0.37503
9.0           12.0       93.46       70.85     0.32691
9.0           13.0       99.79       71.67     0.33371
9.0           14.0      132.93       73.59      0.4804
9.0           15.0       63.12       50.58     0.27004
9.0           16.0       117.9       87.05     0.30663
9.0           17.0      131.38       59.54     0.43432
9.0           18.0        null        null        null
9.0           19.0      110.76       82.16     0.39845
9.0           20.0       65.67       53.48      0.2424
9.0           21.0      140.15       75.16     0.42668
9.0           22.0       56.06       54.59    0.027844
9.0           23.0      161.25       95.22     0.49026
9.0           24.0        null        null        null
9.0           25.0        82.2       62.27     0.33091
9.0           26.0       65.55        53.3     0.28281
9.0           27.0       89.68       64.29     0.29611
9.0           28.0      118.12       76.19     0.45652
9.0           29.0        null        null        null
9.0           30.0       91.08       73.64      0.2839
9.0           31.0        null        null        null
9.0           32.0      108.98       52.35     0.43143
9.0           33.0        null        null        null
9.0           34.0       86.87       68.35     0.22937
9.0           35.0        null        null        null
9.0           36.0       61.53       40.31     0.39455
9.0           37.0        null        null        null
9.0           38.0       65.19       53.08     0.26643
9.0           39.0        null        null        null
9.0           40.0       66.84       59.11     0.13265
9.0           41.0        53.2       49.48    0.087756
9.0           42.0       83.26       55.68     0.30908
9.0           43.0      114.25       78.03     0.36586
9.0           44.0        null        null        null
9.0           45.0       53.68        40.2     0.37296
9.0           46.0      112.29       57.67     0.40421
9.0           47.0       86.85       64.41     0.23369
9.0           48.0      156.56       82.09     0.38498
9.0           49.0      121.23       68.45     0.42071
9.0           50.0       90.59       49.32     0.39146
9.0           51.0       97.72       60.28     0.34708
9.0           52.0        null        null        null
9.0           53.0        null        null        null
9.0           54.0       73.91       55.71      0.2867
9.0           55.0       60.72       53.07     0.16392
9.0           56.0        null        null        null
9.0           57.0        null        null        null
9.0           58.0       47.43       46.22    0.030218
9.0           59.0        82.8       58.36     0.33426
9.0           60.0       73.42       56.18     0.24797
9.0           61.0       94.34       60.84     0.31492
9.0           62.0       94.29       60.45     0.27596
9.0           63.0        null        null        null
9.0           64.0       53.82       44.26     0.25289
9.0           65.0       86.55       56.75     0.30624
9.0           66.0       76.49       60.92       0.195
9.0           67.0       93.68       64.82     0.31481
9.0           68.0       74.76       52.73     0.30692
9.0           69.0        60.4       50.54     0.20322
9.0           70.0       51.02       46.44     0.10848
9.0           71.0       85.86       68.31     0.21592
9.0           72.0       43.67       43.26    0.008434
9.0           73.0       79.01       60.46      0.2769
9.0           74.0        67.4       54.81     0.19519
9.0           75.0       70.18       52.77     0.26655
9.0           76.0        null        null        null
9.0           77.0       58.46       45.64     0.30676
9.0           78.0       71.87       57.08     0.21571
9.0           79.0       59.66       41.16     0.33655
9.0           80.0       70.77       52.89     0.23496
9.0           81.0       96.06       49.27     0.36956
9.0           82.0       85.12       63.87     0.26684
9.0           83.0       94.65       70.97     0.38555
9.0           84.0       73.62       53.62     0.23456
9.0           85.0       73.06       52.57     0.22239
9.0           86.0        79.4       59.23     0.24783
9.0           87.0        67.9       54.39     0.21712
9.0           88.0       86.69       63.26     0.23103
9.0           89.0       42.55       41.47    0.026558
9.0           90.0       73.36       55.57     0.25466
9.0           91.0       68.78       62.41     0.12791
9.0           92.0       52.97        50.9    0.046657
9.0           93.0        null        null        null
9.0           94.0       65.82       53.97      0.2064
9.0           95.0       82.71       55.18     0.25036
9.0           96.0       65.18       57.19     0.15792
9.0           97.0       61.52       52.24     0.15121
9.0           98.0        47.5       44.69    0.064775
9.0           99.0       69.59       51.38     0.24289
9.0          100.0       37.12        37.4   -0.014511
9.0          101.0       50.76       48.23    0.050837
9.0          102.0       59.68        47.5     0.16853
9.0          103.0       45.84       44.55    0.041295
9.0          104.0       70.19       57.52     0.23576
9.0          105.0       80.49          63     0.25064
9.0          106.0       90.43       67.11     0.23781
9.0          107.0       54.72       52.99    0.036319
9.0          108.0       44.25       43.63    0.017257
9.0          109.0       66.81       56.56      0.2234
9.0          110.0       68.49       60.72     0.17964
9.0          111.0       46.92       40.16     0.17516
9.0          112.0        62.7       52.55     0.18541
9.0          113.0       66.21       51.77     0.22698
9.0          114.0       74.05       65.03     0.16322
9.0          115.0       50.13       43.95     0.12451
9.0          116.0       51.95       43.47     0.16143
9.0          117.0       62.65       47.39     0.27135
9.0          118.0        56.8        49.6     0.10859
9.0          119.0       60.01       52.09     0.14086
9.0          120.0       61.43       56.03     0.12037
9.0          121.0       60.99       50.49     0.19542
9.0          122.0       64.87       53.76     0.12434
9.0          123.0       54.35       47.21     0.10125
9.0          124.0       71.02       51.79     0.26578
9.0          125.0       60.89       51.99      0.1684
9.0          126.0       98.38       66.26     0.27176
9.0          127.0       66.53        55.2     0.17722
9.0          128.0       61.45        50.5     0.21514
9.0          129.0        null        null        null
9.0          130.0        null        null        null
9.0          131.0       64.19       51.05     0.17574
9.0          132.0       80.96          71      0.1546
9.0          133.0       96.94       56.28     0.43246
9.0          134.0       57.81       48.33     0.19044
9.0          135.0        57.3       47.81     0.19625
9.0          136.0      106.15       80.23     0.37658
9.0          137.0       48.97       47.43    0.045371
9.0          138.0      113.92       60.61     0.41859
9.0          139.0       54.86       51.82     0.08114
9.0          140.0       114.5       68.16     0.40752
9.0          141.0       40.78       30.51     0.34891
9.0          142.0       61.52       50.05     0.22852
9.0          143.0      136.42       76.84     0.48235
9.0          144.0       75.41       53.91     0.34626
9.0          145.0       89.52        72.8     0.20335
9.0          146.0      120.28       78.01     0.35253
9.0          147.0       62.19       54.45      0.1854
9.0          148.0       78.23       50.47     0.30329
9.0          149.0        null        null        null
9.0          150.0       67.55       50.97     0.24585
9.0          151.0       48.65       43.82     0.11123
9.0          152.0       52.41       47.01      0.1276
9.0          153.0       60.99       53.31     0.17531
9.0          154.0       75.13       66.07     0.15246
9.0          155.0       57.79       49.78     0.16802
9.0          156.0       70.15       60.23     0.17785
9.0          157.0        null        null        null
9.0          158.0       62.68       56.47     0.13043
9.0          159.0      110.33       69.13     0.33256
9.0          160.0       58.88       51.56     0.15769
9.0          161.0       49.03       35.15     0.37154
9.0          162.0       50.55       44.65     0.16799
9.0          163.0       86.89       65.44     0.33081
9.0          164.0      100.14       78.72     0.31121
9.0          165.0        null        null        null
9.0          166.0       70.29       58.78     0.22071
9.0          167.0       45.91       36.38     0.28413
9.0          168.0       46.61        48.2    -0.05091
9.0          169.0       64.27       54.47     0.17347
9.0          170.0       59.97       55.17     0.10499
9.0          171.0        null        null        null
9.0          172.0       51.85       42.64     0.26669
9.0          173.0       52.62       47.41     0.16174
9.0          174.0       61.09       51.44     0.18111
9.0          175.0       45.67       37.57     0.24033
9.0          176.0        83.2       76.62     0.10538
9.0          177.0        64.3       57.44     0.15667
9.0          178.0       50.86       47.76     0.08212
9.0          179.0       55.45       47.14     0.23386
9.0          180.0        62.8       57.87    0.096159
9.0          181.0       59.74       47.35     0.26678
9.0          182.0        null        null        null
9.0          183.0       48.83        37.7      0.3072
9.0          184.0        null        null        null
9.0          185.0       68.83          56     0.20498
9.0          186.0        40.5        39.1    0.048108
9.0          187.0       51.58       39.26     0.34367
9.0          188.0       60.68       54.96     0.12798
9.0          189.0       72.62       62.22     0.15987
9.0          190.0       49.42       43.24     0.19091
9.0          191.0       48.49       45.55    0.086248
9.0          192.0       72.02       54.92     0.30196
9.0          193.0       66.31       58.33     0.14243
9.0          194.0       66.17       51.71      0.2661
9.0          195.0       76.82       60.71     0.17363
9.0          196.0        48.7          50   -0.037271
9.0          197.0      105.28       87.93     0.27526
9.0          198.0       59.53       52.52     0.14232
9.0          199.0       47.85       45.11    0.077591
9.0          200.0        null        null        null
9.0          201.0       49.46       34.06     0.41573
9.0          202.0       44.63       40.09     0.15589
9.0          203.0       55.26        53.2    0.057285
9.0          204.0       46.01       46.35  -0.0064713
9.0          205.0       35.89       37.13   -0.057894
9.0          206.0       54.85       53.27    0.038243
9.0          207.0        null        null        null
10.0           0.0        72.6        66.7     0.10816
10.0           1.0      107.53       70.98       0.342
10.0           2.0        75.9       62.97     0.22941
10.0           3.0       45.72       46.16   -0.017588
10.0           4.0       89.78       72.37     0.21997
10.0           5.0       68.35       44.02     0.27902
10.0           6.0       63.77       59.85    0.064046
10.0           7.0       74.49       57.56     0.27138
10.0           8.0       57.77       56.88    0.017868
10.0           9.0      106.04        65.9     0.39871
10.0          10.0      103.94       72.13     0.32651
10.0          11.0       67.79       56.98     0.14944
10.0          12.0       77.61       58.04     0.31762
10.0          13.0      127.58        90.8     0.34847
10.0          14.0        95.6       68.73     0.29728
10.0          15.0       83.04       67.21     0.22408
10.0          16.0      105.41       75.09     0.34059
10.0          17.0        72.3       58.45     0.24983
10.0          18.0       58.85       56.17     0.04404
10.0          19.0        null        null        null
10.0          20.0       57.16        55.7    0.023727
10.0          21.0        null        null        null
10.0          22.0        null        null        null
10.0          23.0        61.3        56.6     0.10197
10.0          24.0        null        null        null
10.0          25.0      110.51       78.57      0.3502
10.0          26.0        null        null        null
10.0          27.0       73.09       50.83     0.24964
10.0          28.0        null        null        null
10.0          29.0        82.7       59.76     0.28185
10.0          30.0        null        null        null
10.0          31.0        null        null        null
10.0          32.0        null        null        null
10.0          33.0        null        null        null
10.0          34.0       84.33       72.27     0.23478
10.0          35.0        null        null        null
10.0          36.0        null        null        null
10.0          37.0        77.6       62.01     0.24234
10.0          38.0        null        null        null
10.0          39.0        null        null        null
10.0          40.0      133.91       85.03     0.39035
10.0          41.0       99.79       57.39     0.35282
10.0          42.0        null        null        null
10.0          43.0      101.53       68.87     0.26931
10.0          44.0       95.24       49.17     0.41118
10.0          45.0       89.23        61.3     0.30536
10.0          46.0      111.73       69.09     0.30635
10.0          47.0        null        null        null
10.0          48.0        81.7       64.04     0.19053
10.0          49.0      120.01       62.09     0.48685
10.0          50.0      105.23       69.74      0.2965
10.0          51.0       68.95       58.72      0.1773
10.0          52.0        null        null        null
10.0          53.0        77.4       49.11     0.32769
10.0          54.0       51.27       45.85    0.091273
10.0          55.0       94.76        69.2      0.2207
10.0          56.0       51.31       49.83    0.025551
10.0          57.0        null        null        null
10.0          58.0       62.97       44.61       0.393
10.0          59.0       79.13        57.2     0.27143
10.0          60.0       71.86       51.33     0.21598
10.0          61.0       89.38       54.19     0.34213
10.0          62.0        null        null        null
10.0          63.0       54.51       50.68    0.083302
10.0          64.0       54.04       46.83      0.2109
10.0          65.0       87.18       60.99     0.34348
10.0          66.0       74.88       60.52     0.17461
10.0          67.0       83.19       54.42     0.21792
10.0          68.0       81.31       65.72     0.28436
10.0          69.0       93.05       61.82     0.32342
10.0          70.0       47.63       47.87   -0.020166
10.0          71.0       61.69       57.44    0.079239
10.0          72.0      123.08       66.44     0.40703
10.0          73.0        null        null        null
10.0          74.0       53.68       49.34    0.086824
10.0          75.0       60.69        48.9      0.1791
10.0          76.0       63.16       54.33     0.14238
10.0          77.0        null        null        null
10.0          78.0       69.14       47.95     0.26222
10.0          79.0      100.22       54.84     0.41903
10.0          80.0       78.23       58.04     0.25599
10.0          81.0        null        null        null
10.0          82.0        null        null        null
10.0          83.0       68.01       59.17     0.14909
10.0          84.0        null        null        null
10.0          85.0       61.33       58.64    0.047733
10.0          86.0       61.55       51.68     0.16817
10.0          87.0        null        null        null
10.0          88.0       64.95       60.44    0.082286
10.0          89.0        null        null        null
10.0          90.0       76.19       55.01     0.23025
10.0          91.0       74.41       56.92     0.22735
10.0          92.0       53.78       46.65     0.13023
10.0          93.0       44.32       43.94   0.0076519
10.0          94.0       49.81       42.41      0.1454
10.0          95.0       51.51       49.21    0.042218
10.0          96.0       75.74       64.09     0.10337
10.0          97.0       57.29       48.71      0.1337
10.0          98.0        null        null        null
10.0          99.0       82.14       57.78     0.21641
10.0         100.0       53.57       46.17    0.097224
10.0         101.0       43.55       41.57    0.045649
10.0         102.0       64.53       61.01     0.09353
10.0         103.0       72.38       62.91      0.1415
10.0         104.0       38.43       38.14   0.0095865
10.0         105.0       70.98       59.84     0.15179
10.0         106.0       62.76       54.82     0.14245
10.0         107.0       46.65       44.72    0.036733
10.0         108.0       48.02          44    0.071706
10.0         109.0       38.11       38.83   -0.028722
10.0         110.0        null        null        null
10.0         111.0       62.93       60.22    0.055788
10.0         112.0       66.49          59     0.12032
10.0         113.0       68.42       60.48     0.14448
10.0         114.0       70.13       60.05     0.15031
10.0         115.0       62.54       48.34     0.25201
10.0         116.0       53.93       46.29     0.13096
10.0         117.0       44.87       42.32    0.058381
10.0         118.0       56.02       47.04     0.11654
10.0         119.0       65.27       58.41      0.1188
10.0         120.0       65.12       60.35    0.088254
10.0         121.0        39.6       38.94    0.022232
10.0         122.0       49.26       44.33     0.11141
10.0         123.0       60.06       52.06     0.16341
10.0         124.0       70.58       72.58     0.05689
10.0         125.0       58.72       47.47     0.13717
10.0         126.0        40.7       38.79    0.059894
10.0         127.0       78.94       65.66     0.20849
10.0         128.0       54.09       45.58     0.13466
10.0         129.0       63.49       54.77     0.15242
10.0         130.0       57.75       44.84     0.22623
10.0         131.0       55.98       53.13    0.071419
10.0         132.0       60.41       53.62     0.14344
10.0         133.0       65.32       61.96    0.056701
10.0         134.0       60.25       54.55     0.11023
10.0         135.0       71.19       60.58     0.18102
10.0         136.0       73.24       64.68     0.14509
10.0         137.0       61.62       47.54     0.18395
10.0         138.0       85.71       62.22      0.3064
10.0         139.0       61.59       54.63     0.12588
10.0         140.0       47.28       42.54    0.096574
10.0         141.0       98.04       85.29     0.21848
10.0         142.0       72.93       59.27      0.2099
10.0         143.0       61.65       44.44     0.22688
10.0         144.0       69.47       56.35     0.20521
10.0         145.0       85.53       59.46     0.33693
10.0         146.0       89.87       83.26     0.11381
10.0         147.0       56.67       50.17     0.13421
10.0         148.0       74.84       57.02     0.22826
10.0         149.0       66.69       52.96     0.25858
10.0         150.0       93.45       52.34     0.41527
10.0         151.0       91.52       55.05     0.28857
10.0         152.0       63.25       53.12     0.17733
10.0         153.0       61.44       56.81     0.10095
10.0         154.0        null        null        null
10.0         155.0        null        null        null
10.0         156.0       71.15       59.24     0.21778
10.0         157.0       87.78        70.4     0.21384
10.0         158.0        null        null        null
10.0         159.0       52.42       47.15     0.11223
10.0         160.0       67.57       56.38     0.17882
10.0         161.0       85.46       69.07     0.22328
10.0         162.0       73.76       54.02     0.34861
10.0         163.0       78.22       69.55      0.1439
10.0         164.0       57.42       48.36     0.20698
10.0         165.0       60.95       50.37     0.22171
10.0         166.0       73.65       64.54     0.16893
10.0         167.0       72.38       53.18     0.31068
10.0         168.0       70.93       56.47     0.22995
10.0         169.0       77.74       73.16    0.076823
10.0         170.0       70.31       56.32     0.22074
10.0         171.0       66.43       48.28     0.33066
10.0         172.0      111.09       58.46     0.45938
10.0         173.0       66.86       48.96      0.1878
10.0         174.0        97.1       73.36     0.25428
10.0         175.0       65.89       63.13    0.046357
10.0         176.0       93.07       68.18     0.26397
10.0         177.0       72.52       63.99     0.13696
10.0         178.0        null        null        null
10.0         179.0       48.39       48.61   0.0013869
10.0         180.0       40.86          41  -0.0053394
10.0         181.0       38.29       38.16   0.0055897
10.0         182.0       66.42       62.05    0.082326
10.0         183.0        60.5       49.23    0.097841
10.0         184.0       62.68       60.25    0.049952
10.0         185.0       55.75       53.36    0.054271
10.0         186.0       93.35       67.33     0.33518
10.0         187.0       45.06       44.95   0.0042997
10.0         188.0       35.89       34.81    0.043741
10.0         189.0       53.34       41.98     0.20601
10.0         190.0       61.62       53.44     0.17301
10.0         191.0        null        null        null
10.0         192.0       57.21       51.72     0.11856
10.0         193.0       47.55       45.86    0.046131
10.0         194.0       52.88       50.45    0.059058
10.0         195.0       56.66       56.76 -0.00023566
10.0         196.0       42.75       40.62    0.067016
10.0         197.0        null        null        null
10.0         198.0        null        null        null
10.0         199.0       59.27       52.12     0.14809
10.0         200.0       57.64       40.63     0.38715
10.0         201.0       41.43        40.5    0.029636
10.0         202.0        null        null        null
10.0         203.0       61.82       52.59     0.21352
10.0         204.0       61.75       57.77    0.081405
10.0         205.0       67.68       56.37      0.2144
10.0         206.0        null        null        null
10.0         207.0       79.56       60.23     0.27654
10.0         208.0       58.85       54.89     0.10456
10.0         209.0       48.72       48.26    0.016747
10.0         210.0       57.76       52.07       0.114
10.0         211.0        null        null        null
10.0         212.0        null        null        null
10.0         213.0       63.57       59.28      0.0934
10.0         214.0       66.42       60.44     0.12973
10.0         215.0        null        null        null
10.0         216.0       56.99       57.52   -0.014321
10.0         217.0        null        null        null
10.0         218.0       55.19        50.1     0.12516
10.0         219.0        null        null        null
10.0         220.0       48.04       45.94    0.052657
10.0         221.0       64.74       57.27     0.13351
10.0         222.0       57.49       54.12    0.079684
10.0         223.0        null        null        null
10.0         224.0       57.34       54.32     0.07562
11.0           0.0       89.96        74.7     0.22266
11.0           1.0      114.83       79.74     0.40001
11.0           2.0       60.56       57.07    0.075739
11.0           3.0       78.77       63.23     0.21621
11.0           4.0      117.42        60.7     0.41176
11.0           5.0       88.41       67.45       0.273
11.0           6.0       82.08       67.26     0.23557
11.0           7.0       99.05       74.05     0.32615
11.0           8.0       52.19       51.07    0.031364
11.0           9.0       108.9       55.77     0.41415
11.0          10.0       95.08       62.44     0.36739
11.0          11.0      118.72       74.39     0.40446
11.0          12.0      133.02       72.93     0.42762
11.0          13.0       92.94       56.75     0.38748
11.0          14.0        null        null        null
11.0          15.0       87.66       62.27     0.28985
11.0          16.0       94.49       60.97     0.40952
11.0          17.0      172.84       58.92     0.48284
11.0          18.0       78.33       68.12     0.13941
11.0          19.0        null        null        null
11.0          20.0       80.32       68.26     0.18233
11.0          21.0       88.67       57.14     0.23746
11.0          22.0         111       58.49     0.48488
11.0          23.0      123.53       70.52     0.48383
11.0          24.0       82.84       65.63     0.21334
11.0          25.0        null        null        null
11.0          26.0       59.73       43.63     0.33495
11.0          27.0       92.24       64.14     0.31019
11.0          28.0       81.94       56.76     0.34197
11.0          29.0      101.01       58.34     0.39603
11.0          30.0        null        null        null
11.0          31.0      115.19       70.83     0.37171
11.0          32.0        null        null        null
11.0          33.0       83.73       53.46     0.35819
11.0          34.0       79.09       70.22     0.16033
11.0          35.0        null        null        null
11.0          36.0       64.48       52.95      0.1643
11.0          37.0      107.63       67.58     0.36588
11.0          38.0        null        null        null
11.0          39.0       75.15       69.01     0.13007
11.0          40.0       87.81        65.3     0.32572
11.0          41.0       67.72       53.28     0.20661
11.0          42.0       84.46       61.34     0.24791
11.0          43.0        null        null        null
11.0          44.0        null        null        null
11.0          45.0       77.81       64.28     0.25384
11.0          46.0       98.05       68.71     0.29103
11.0          47.0       91.73       73.35      0.2753
11.0          48.0        null        null        null
11.0          49.0       95.94       66.49     0.32472
11.0          50.0       108.4       64.86     0.38376
11.0          51.0       84.49       63.14     0.30785
11.0          52.0       85.07       61.45     0.27365
11.0          53.0       52.44       51.34    0.032916
11.0          54.0       58.45        50.3     0.17778
11.0          55.0       75.53       46.46     0.41849
11.0          56.0       75.94       56.27     0.20518
11.0          57.0       49.68       47.31    0.060033
11.0          58.0       72.69       49.55     0.33691
11.0          59.0       41.53       40.96    0.021757
11.0          60.0       90.37       56.16     0.36791
11.0          61.0       70.96       57.31     0.21665
11.0          62.0      139.61       97.83     0.47865
11.0          63.0       53.32       48.72     0.09712
11.0          64.0       50.02       48.37    0.037327
11.0          65.0       79.42       56.37      0.2883
11.0          66.0       63.27       54.65     0.14319
11.0          67.0       57.55       50.58     0.14676
11.0          68.0      123.69       79.23     0.45851
11.0          69.0       77.61       46.18     0.46101
11.0          70.0       70.15       58.36     0.21665
11.0          71.0       61.65       56.51     0.11873
11.0          72.0      105.01       73.71     0.37151
11.0          73.0       66.52       54.37     0.20781
11.0          74.0       69.86       49.52     0.31985
11.0          75.0       60.52       56.02    0.078563
11.0          76.0        60.4       53.05     0.16112
11.0          77.0       53.62       49.35    0.090928
11.0          78.0       62.78       53.55     0.13126
11.0          79.0       54.77        48.1     0.12614
11.0          80.0       63.86       55.04     0.16258
11.0          81.0       56.49       52.73     0.10154
11.0          82.0       59.55       51.69     0.13672
11.0          83.0       60.09        59.8   0.0042287
11.0          84.0        92.2       49.02     0.43377
11.0          85.0        94.6       62.54     0.33431
11.0          86.0       49.16       46.76     0.05354
11.0          87.0       74.44       54.85      0.3241
11.0          88.0        66.2       53.27     0.24595
11.0          89.0       95.92       70.12     0.34141
11.0          90.0       43.47        46.1   -0.073325
11.0          91.0       65.69       51.42     0.26792
11.0          92.0       47.31       44.05    0.082772
11.0          93.0       43.01       41.67    0.038146
11.0          94.0       73.32       57.12     0.25398
11.0          95.0       64.55       55.67     0.17263
11.0          96.0        43.2       41.93    0.035305
11.0          97.0       54.24       51.33    0.071982
11.0          98.0       69.99       63.45     0.12085
11.0          99.0       58.19       49.07     0.18678
11.0         100.0       50.48       46.89     0.07841
11.0         101.0       48.35       44.71    0.084974
11.0         102.0       78.91        71.2     0.12427
11.0         103.0       60.46       53.28     0.16345
11.0         104.0       47.54       44.59    0.073753
11.0         105.0       36.64       36.66 -0.00027991
11.0         106.0        70.2       65.44    0.070408
11.0         107.0       56.99       51.22     0.12692
11.0         108.0       74.36       62.36     0.22746
11.0         109.0       66.49       54.13     0.23448
11.0         110.0       48.85       46.91    0.056152
11.0         111.0       47.44       43.45     0.10912
11.0         112.0       70.23        64.1     0.10035
11.0         113.0       79.16       64.71     0.23758
11.0         114.0       58.13        52.1     0.12736
11.0         115.0       71.34       54.29     0.31159
11.0         116.0       59.82       47.52     0.26288
11.0         117.0       59.42        47.6     0.21337
11.0         118.0       50.44       45.82    0.093864
11.0         119.0       51.57       46.27     0.14656
11.0         120.0        null        null        null
11.0         121.0       65.52       62.42    0.059584
11.0         122.0       43.64       42.25    0.037911
11.0         123.0       52.27       39.32     0.31461
11.0         124.0       58.99       54.16     0.10973
11.0         125.0        59.6       51.29     0.14475
11.0         126.0       56.41       50.63    0.094457
11.0         127.0       73.29       50.25       0.278
11.0         128.0       49.37       50.99   -0.053526
11.0         129.0       66.96       46.26     0.35101
11.0         130.0        null        null        null
11.0         131.0       49.02       43.08      0.1665
11.0         132.0       52.79        50.5    0.052409
11.0         133.0       54.06       57.95   -0.091335
11.0         134.0        66.1       52.54     0.24032
11.0         135.0       71.11       45.37     0.31387
11.0         136.0       52.67       50.25    0.057055
11.0         137.0        null        null        null
11.0         138.0       54.58       47.04     0.18223
11.0         139.0       60.43       50.37     0.23603
11.0         140.0       97.58        67.5     0.38658
11.0         141.0       59.59       54.52     0.10966
11.0         142.0        null        null        null
11.0         143.0       55.63       49.87     0.15098
11.0         144.0        69.2       53.12     0.24293
11.0         145.0       64.33       56.76     0.14284
11.0         146.0       68.27       48.66      0.3576
11.0         147.0        39.1       38.81    0.011643
11.0         148.0       54.54       51.57    0.062374
11.0         149.0       71.22       58.58     0.14365
11.0         150.0       72.64        66.4     0.12195
11.0         151.0        77.3          57     0.28861
11.0         152.0       63.21       53.23     0.17751
11.0         153.0        71.7       64.34     0.12938
11.0         154.0       57.39       49.67      0.1637
11.0         155.0       69.56       51.74     0.25733
11.0         156.0       87.65       64.29     0.29315
11.0         157.0       79.27       51.43      0.2722
11.0         158.0       60.92       60.02    0.028367
11.0         159.0       54.62       48.09     0.15925
11.0         160.0       58.11       53.97      0.0981
11.0         161.0       62.98       56.03     0.14488
11.0         162.0       69.18       57.19     0.21012
11.0         163.0       67.76       56.43     0.23197
11.0         164.0        null        null        null
11.0         165.0       49.92       43.31     0.16457
11.0         166.0       50.85       43.18     0.18909
11.0         167.0       54.33       49.69     0.10421
11.0         168.0       61.15       52.62     0.17264
11.0         169.0       66.76       65.38    0.029732
11.0         170.0       59.02       55.55    0.083563
11.0         171.0        null        null        null
11.0         172.0       65.47       61.34    0.091198
11.0         173.0       54.29       53.09    0.029563
11.0         174.0        null        null        null
11.0         175.0        null        null        null
11.0         176.0       57.84        51.9     0.12509
11.0         177.0       44.93       44.44    0.017987
11.0         178.0       63.27        57.6      0.1108
11.0         179.0       39.68       40.42   -0.028998
11.0         180.0       50.26       47.76    0.075467
11.0         181.0       61.12        48.5     0.26478
11.0         182.0       44.38       43.34    0.033888
11.0         183.0       47.12       45.94    0.034849
11.0         184.0       87.18        56.6     0.39471
11.0         185.0        60.2       58.82    0.037903
11.0         186.0       43.49       41.56    0.060874
11.0         187.0        null        null        null
11.0         188.0       43.78       44.15   -0.010206
11.0         189.0       55.01       52.64    0.068833
11.0         190.0       62.03       58.35    0.081251
11.0         191.0       81.98       60.38     0.29938
11.0         192.0       65.73       53.31     0.23919
11.0         193.0       44.78       43.86      0.0258
11.0         194.0       56.52       52.22    0.088238
11.0         195.0        null        null        null
11.0         196.0       50.55       48.16    0.060365
11.0         197.0       61.42       59.99    0.034181
11.0         198.0        null        null        null
11.0         199.0       53.03       52.32    0.016945
11.0         200.0        49.4       47.27    0.048499
12.0           0.0       73.72       67.16    0.093189
12.0           1.0       97.18       75.25     0.22971
12.0           2.0       78.48       64.93     0.19308
12.0           3.0       75.97       61.97     0.16628
12.0           4.0       76.04       61.23     0.19982
12.0           5.0       83.36       69.08     0.18158
12.0           6.0       78.85       61.79     0.21136
12.0           7.0       79.25       62.13     0.24376
12.0           8.0       69.44       63.76    0.091823
12.0           9.0       93.74       73.16     0.24365
12.0          10.0       95.82       73.73     0.25655
12.0          11.0       76.59        56.7     0.30567
12.0          12.0       88.56        63.3     0.31842
12.0          13.0       98.16        62.8     0.36696
12.0          14.0       65.65       61.03    0.049334
12.0          15.0        99.3       65.73     0.29781
12.0          16.0       75.84       68.42     0.11137
12.0          17.0       86.25       72.29     0.19471
12.0          18.0       111.3       65.93     0.38559
12.0          19.0       89.88       81.37     0.12954
12.0          20.0       87.99        66.5     0.20578
12.0          21.0        null        null        null
12.0          22.0      101.65       63.37     0.38757
12.0          23.0       92.49       72.25     0.26934
12.0          24.0       94.63       68.01     0.29723
12.0          25.0       93.24       62.38      0.4567
12.0          26.0      102.99        82.7     0.26433
12.0          27.0        null        null        null
12.0          28.0       85.15       64.72     0.28288
12.0          29.0       81.46       63.71     0.26247
12.0          30.0      116.32       67.05     0.33383
12.0          31.0      105.07       55.97     0.37309
12.0          32.0        null        null        null
12.0          33.0       75.71       62.76     0.12376
12.0          34.0       81.83       58.94     0.28697
12.0          35.0       73.66       65.95     0.12646
12.0          36.0        null        null        null
12.0          37.0       77.37       52.48      0.4105
12.0          38.0       92.07       65.79     0.30461
12.0          39.0       63.88       53.75       0.145
12.0          40.0        null        null        null
12.0          41.0       70.84          66     0.12024
12.0          42.0       78.17       65.47     0.24453
12.0          43.0      134.87       87.82     0.30158
12.0          44.0          96       70.62     0.40404
12.0          45.0        null        null        null
12.0          46.0          68       58.01     0.19049
12.0          47.0       67.34       59.06     0.15931
12.0          48.0        null        null        null
12.0          49.0       92.89        83.2     0.14525
12.0          50.0       83.33       62.69     0.35663
12.0          51.0      104.35       63.98     0.35232
12.0          52.0        null        null        null
12.0          53.0        null        null        null
12.0          54.0        null        null        null
12.0          55.0        null        null        null
12.0          56.0       53.57       52.79    0.015898
12.0          57.0       87.23       64.04     0.23736
12.0          58.0       87.74       69.65     0.29106
12.0          59.0       79.81       62.64     0.21233
12.0          60.0       53.99       50.54    0.080834
12.0          61.0       70.18       56.12      0.2018
12.0          62.0      102.25       59.52      0.5172
12.0          63.0        null        null        null
12.0          64.0        null        null        null
12.0          65.0        null        null        null
12.0          66.0          62       56.51    0.077821
12.0          67.0      105.37       65.85     0.38596
12.0          68.0       80.96       62.55     0.21352
12.0          69.0       82.49       65.39     0.26002
12.0          70.0        null        null        null
12.0          71.0          84       66.52      0.2555
12.0          72.0       68.31       58.17     0.16196
12.0          73.0      103.74       65.02     0.35921
12.0          74.0        null        null        null
12.0          75.0       80.99       62.19     0.26669
12.0          76.0        61.3       56.37    0.067226
12.0          77.0       58.68       54.53     0.07952
12.0          78.0       65.26       54.28     0.21229
12.0          79.0       81.17       65.68     0.22618
12.0          80.0       74.73       58.13     0.22077
12.0          81.0       44.89       43.04    0.037508
12.0          82.0        82.1        58.8     0.34352
12.0          83.0        69.4       62.11    0.071518
12.0          84.0       89.24       59.86     0.40743
12.0          85.0       68.69       57.81     0.15758
12.0          86.0       87.05       61.39      0.2729
12.0          87.0       89.54       68.86     0.31268
12.0          88.0        88.1       60.11     0.32494
12.0          89.0       64.54       55.33     0.15843
12.0          90.0       61.74       52.34     0.15097
12.0          91.0       88.13       55.08     0.36239
12.0          92.0       69.76        52.1     0.16805
12.0          93.0       77.24        63.7     0.22947
12.0          94.0       55.78       47.05     0.17936
12.0          95.0       73.45       61.26     0.20063
12.0          96.0       70.15       58.03      0.1805
12.0          97.0       79.68       69.31     0.13174
12.0          98.0       62.85       52.98     0.15015
12.0          99.0       67.55       55.65     0.18187
12.0         100.0       67.91       58.74     0.12073
12.0         101.0       67.59       54.99     0.17891
12.0         102.0       66.51       50.74     0.27272
12.0         103.0       67.63       67.72   -0.023908
12.0         104.0        61.1       51.53     0.15356
12.0         105.0       68.63       59.02     0.16718
12.0         106.0        60.6       52.67      0.1268
12.0         107.0       62.83       54.08     0.10918
12.0         108.0       53.58       48.74    0.044506
12.0         109.0        61.5       53.46     0.16393
12.0         110.0       65.07       56.45     0.11929
12.0         111.0       70.42       59.37     0.18365
12.0         112.0       68.88       59.61     0.15247
12.0         113.0       69.44       60.97      0.1388
12.0         114.0       54.51       48.72     0.07951
12.0         115.0       79.01       67.99     0.13084
12.0         116.0       57.79       49.29     0.13494
12.0         117.0       63.35       60.77    0.045062
12.0         118.0       66.48        59.8     0.10281
12.0         119.0       50.83        45.3    0.098608
12.0         120.0       59.18       50.97     0.11429
12.0         121.0       64.74       59.16    0.093976
12.0         122.0       65.76       53.93     0.18012
12.0         123.0       64.33       60.45    0.069249
12.0         124.0       53.86       51.32    0.040522
12.0         125.0       89.96       69.59     0.21917
12.0         126.0        31.4       32.69    -0.06221
12.0         127.0       60.23       56.03    0.079184
12.0         128.0       89.09       68.39     0.19882
12.0         129.0        55.7       49.71     0.13603
12.0         130.0       76.21       61.36     0.22864
12.0         131.0       65.34       51.22     0.14821
12.0         132.0       46.25        44.3    0.050748
12.0         133.0       60.38       51.48     0.16228
12.0         134.0       51.86       48.81    0.067454
12.0         135.0       51.52       48.31    0.083948
12.0         136.0       65.69       48.19     0.24104
12.0         137.0       70.19       57.77     0.17282
12.0         138.0       72.68       57.17     0.29975
12.0         139.0       66.98       55.65     0.26711
12.0         140.0       63.82       50.76     0.19632
12.0         141.0      102.66       62.61     0.32052
12.0         142.0        53.6       44.01     0.20123
12.0         143.0        null        null        null
12.0         144.0        null        null        null
12.0         145.0       67.57       49.17     0.30171
12.0         146.0       59.91       56.08     0.08895
12.0         147.0       83.99       62.61     0.22786
12.0         148.0       61.19        57.6    0.075489
12.0         149.0       67.76        58.9     0.15795
12.0         150.0      128.37       61.41     0.29856
12.0         151.0       70.98       60.41     0.18249
12.0         152.0       55.13       50.59    0.094026
12.0         153.0       81.01       56.34     0.31462
12.0         154.0       64.85       67.61   -0.063183
12.0         155.0       88.88       61.63     0.32292
12.0         156.0      123.25       83.46     0.44321
12.0         157.0        67.8          46     0.30186
12.0         158.0       50.28       47.82    0.068334
12.0         159.0       81.54       57.62     0.35709
12.0         160.0       54.31       49.57     0.11211
12.0         161.0       86.75       70.67     0.18829
12.0         162.0       63.62       54.04     0.19805
12.0         163.0       95.78       63.96     0.39726
12.0         164.0       47.72       44.71    0.061282
12.0         165.0        97.1       79.83     0.22516
12.0         166.0       47.33       44.64    0.077298
12.0         167.0       57.34       55.94    0.025618
12.0         168.0       99.29       76.91     0.32503
12.0         169.0       69.95       54.35     0.24788
12.0         170.0       46.52       50.17    -0.10778
12.0         171.0       83.28       74.51     0.17447
12.0         172.0        69.2       60.52     0.15387
12.0         173.0       60.52        56.2    0.077205
12.0         174.0       60.76       56.48    0.070679
12.0         175.0       59.47       55.12    0.047636
12.0         176.0       57.51       51.27     0.13112
12.0         177.0       61.65       51.17      0.2209
12.0         178.0        51.8       43.11     0.21425
12.0         179.0       87.62       60.33     0.18544
12.0         180.0       72.56       67.12    0.093343
12.0         181.0      102.83       76.55      0.2826
12.0         182.0        null        null        null
12.0         183.0        null        null        null
12.0         184.0      106.43       74.01     0.35016
12.0         185.0       65.42       48.94      0.3041
12.0         186.0       78.47       76.19    0.026767
12.0         187.0       62.98        57.4    0.078233
12.0         188.0        null        null        null
12.0         189.0        null        null        null
12.0         190.0        null        null        null
12.0         191.0       56.99       52.01      0.1006
12.0         192.0       81.35       69.88     0.13736
12.0         193.0       63.28       56.85     0.11312
12.0         194.0       64.01       60.78    0.050031
12.0         195.0       52.64       43.65     0.23956
12.0         196.0       60.85       39.91     0.35546
12.0         197.0       53.65       51.32    0.029512
12.0         198.0       44.46          44    0.014144
12.0         199.0       66.68       64.93    0.011135
12.0         200.0        null        null        null
12.0         201.0       68.68       63.99     0.03614
12.0         202.0        null        null        null
12.0         203.0       63.13       57.31     0.10013
12.0         204.0       51.32       49.61    0.040248
12.0         205.0       60.73       61.27  -0.0084872
12.0         206.0       46.86          34     0.32006
12.0         207.0        null        null        null
12.0         208.0       64.21       67.87   -0.090676
12.0         209.0        53.4       48.71    0.062059
12.0         210.0        null        null        null
12.0         211.0        null        null        null
12.0         212.0        null        null        null
12.0         213.0        null        null        null
12.0         214.0       60.89       58.91    0.036281
12.0         215.0       58.69       51.91      0.1506
12.0         216.0          60       56.38    0.057016
12.0         217.0       54.46        54.7  0.00033062
12.0         218.0       60.16       57.46    0.065064
14.0           0.0       68.45       62.49     0.10679
14.0           1.0       72.36       60.99     0.19045
14.0           2.0        69.5       57.88     0.22282
14.0           3.0       76.01       64.91     0.19153
14.0           4.0        56.3       51.87    0.094544
14.0           5.0       91.39       76.55     0.19867
14.0           6.0        79.2       70.33      0.1521
14.0           7.0       73.81       63.42     0.17427
14.0           8.0       85.01       65.01     0.24837
14.0           9.0       63.73       59.57    0.086031
14.0          10.0       79.52       71.24     0.12834
14.0          11.0       72.76       69.41    0.060324
14.0          12.0      101.23       77.28      0.2573
14.0          13.0       67.02       65.17     0.01557
14.0          14.0       70.12       60.72     0.17154
14.0          15.0       67.64       63.82    0.067308
14.0          16.0       74.39       55.89     0.24487
14.0          17.0       77.68       62.23     0.21164
14.0          18.0       68.61          64    0.099182
14.0          19.0        null        null        null
14.0          20.0        77.5       57.26     0.32573
14.0          21.0      112.91        92.4     0.30323
14.0          22.0      115.95       57.66     0.48538
14.0          23.0       79.79       62.47     0.24205
14.0          24.0      120.99       78.98     0.43531
14.0          25.0       80.16       56.92     0.30674
14.0          26.0       75.82       57.23     0.29201
14.0          27.0        78.9       66.61     0.19626
14.0          28.0        69.2       60.94      0.1407
14.0          29.0        61.7       58.53    0.039044
14.0          30.0       57.06       45.98     0.24975
14.0          31.0       97.75       77.12     0.40314
14.0          32.0       88.87       66.28     0.24675
14.0          33.0      104.46       65.39      0.3687
14.0          34.0       84.19       59.75     0.28042
14.0          35.0       58.58       46.73     0.25994
14.0          36.0        null        null        null
14.0          37.0       70.57       53.09     0.27687
14.0          38.0       54.97       52.38    0.043987
14.0          39.0       66.21       55.85     0.13235
14.0          40.0       68.43       52.52     0.29413
14.0          41.0       58.66       52.95     0.10553
14.0          42.0       49.26          41     0.22676
14.0          43.0       96.09       72.44     0.26285
14.0          44.0       53.53        51.7    0.043562
14.0          45.0       45.55       43.59    0.051797
14.0          46.0       72.14       60.26     0.18807
14.0          47.0       65.32       56.24     0.17152
14.0          48.0       83.56       63.53     0.26549
14.0          49.0       69.06       56.35     0.19217
14.0          50.0       88.17        64.9     0.30248
14.0          51.0       95.49       73.02      0.2721
14.0          52.0       62.28       53.45     0.16472
14.0          53.0        null        null        null
14.0          54.0        null        null        null
14.0          55.0        null        null        null
14.0          56.0       56.13       54.93   0.0077431
14.0          57.0       78.74       69.12     0.16713
14.0          58.0       81.85       59.35     0.25017
14.0          59.0       79.34       60.35     0.24462
14.0          60.0       51.51       50.67    0.021051
14.0          61.0       57.92       50.02     0.19029
14.0          62.0       49.21       47.28    0.040268
14.0          63.0       47.99       46.15    0.052395
14.0          64.0       68.29       55.56     0.23697
14.0          65.0       60.48       46.29     0.27023
14.0          66.0       68.88       49.64     0.35215
14.0          67.0       43.08       41.54    0.037044
14.0          68.0       58.19       54.44    0.082449
14.0          69.0       83.58       67.63     0.32294
14.0          70.0        63.6       54.98      0.1504
14.0          71.0       64.08       56.87     0.13647
14.0          72.0       71.39        56.7     0.23083
14.0          73.0       70.78       62.14     0.14497
14.0          74.0      103.84      100.96    0.062207
14.0          75.0       71.06       53.59     0.25201
14.0          76.0       74.76       65.43     0.16171
14.0          77.0       51.39       46.26     0.11913
14.0          78.0       68.48       58.83     0.13318
14.0          79.0       47.84       48.38   -0.014989
14.0          80.0          40       39.47   0.0019301
14.0          81.0        70.8       64.28     0.10786
14.0          82.0       60.57       54.91       0.105
14.0          83.0       46.62       41.27     0.15335
14.0          84.0       56.61       51.96    0.085862
14.0          85.0       73.28       64.07     0.17224
14.0          86.0       64.68       60.14    0.085427
14.0          87.0       54.42       55.52   -0.014621
14.0          88.0       51.34       48.08    0.076167
14.0          89.0       55.45       51.32    0.077687
14.0          90.0       53.13       48.34     0.10407
14.0          91.0       70.31       63.71     0.12091
14.0          92.0       63.15       56.91      0.1293
14.0          93.0       57.45       55.98    0.024317
14.0          94.0        73.6       56.67     0.20406
14.0          95.0       48.47       46.09    0.049726
14.0          96.0       57.29       51.52     0.10597
14.0          97.0        47.9       49.12  -0.0091822
14.0          98.0       60.42       50.59     0.16475
14.0          99.0       62.93       59.61    0.074751
14.0         100.0       66.49       55.71     0.21894
14.0         101.0       55.49       54.61    0.020713
14.0         102.0       70.67       63.38     0.11206
14.0         103.0       61.19       55.12     0.10521
14.0         104.0       46.33       44.93    0.031555
14.0         105.0       58.04       53.65     0.10166
14.0         106.0      103.62       88.24     0.25261
14.0         107.0       56.03       47.55     0.22007
14.0         108.0       59.36       55.83    0.069654
14.0         109.0       56.42       56.39   0.0047216
14.0         110.0       61.69       63.08   -0.078722
14.0         111.0       60.05       50.36      0.1837
14.0         112.0       49.43       44.52     0.10325
14.0         113.0       76.66       63.44     0.18056
14.0         114.0       56.97       50.87     0.10532
14.0         115.0       50.67       48.44    0.054252
14.0         116.0        60.5       57.92    0.056527
14.0         117.0       48.19       47.44    0.016061
14.0         118.0       70.29        73.2    -0.05847
14.0         119.0       74.31       60.09     0.17369
14.0         120.0       52.89        51.3    0.039467
14.0         121.0       56.41       53.34    0.062748
14.0         122.0       47.97        44.1     0.08447
14.0         123.0       73.51       67.37     0.08052
14.0         124.0       55.76       52.56    0.071586
14.0         125.0       86.28       64.76     0.19929
14.0         126.0       47.67       44.28    0.074265
14.0         127.0       58.97       58.28    0.051916
14.0         128.0       50.95       47.34    0.092405
14.0         129.0       49.67       48.47    0.026171
14.0         130.0       46.26       44.84    0.039046
14.0         131.0       70.85       58.71     0.17339
14.0         132.0       52.29       50.47    0.045187
14.0         133.0       49.39       51.12    -0.05488
14.0         134.0        56.1       54.12    0.043258
14.0         135.0       72.88       61.15     0.12886
14.0         136.0       79.05       71.12     0.11111
14.0         137.0       83.58       51.31     0.35315
14.0         138.0       49.97       47.76     0.05618
14.0         139.0       90.81       68.37     0.24786
14.0         140.0       64.09       53.46     0.20512
14.0         141.0       54.25       53.37    0.027448
14.0         142.0       88.56       63.57     0.33952
14.0         143.0       64.91       54.46     0.16232
14.0         144.0        99.3        55.9     0.48061
14.0         145.0       85.91       70.51     0.23005
14.0         146.0       61.58        59.5     0.04484
14.0         147.0       62.95       63.76   -0.013029
14.0         148.0       53.01        49.7    0.091726
14.0         149.0       56.19       47.25     0.14658
14.0         150.0       78.35        62.8     0.26197
14.0         151.0       49.44       44.31      0.1298
14.0         152.0       88.81       63.26     0.29782
14.0         153.0       51.73       46.77     0.12114
14.0         154.0       52.05       41.12     0.27971
14.0         155.0       60.06       56.67    0.066516
14.0         156.0       80.63       66.86     0.19051
14.0         157.0       65.78       57.16     0.11027
14.0         158.0       80.16       62.92     0.24605
14.0         159.0       54.13       48.41     0.13899
14.0         160.0       89.85       80.15     0.16569
14.0         161.0      104.18       77.65     0.36131
14.0         162.0       39.49       37.96    0.045913
14.0         163.0       67.21       58.46     0.15202
14.0         164.0       57.37       50.99     0.12779
14.0         165.0       92.87        78.5     0.23797
14.0         166.0       57.53       57.03    0.022427
14.0         167.0        null        null        null
14.0         168.0       65.47       65.05    0.010838
14.0         169.0      102.02       66.97     0.38566
14.0         170.0       66.15       61.15    0.090833
14.0         171.0       68.48       63.76    0.087495
14.0         172.0       52.23       50.25    0.049871
14.0         173.0       53.56       48.27     0.10093
14.0         174.0       58.61       55.16    0.068377
14.0         175.0       47.55       42.98     0.12143
14.0         176.0       103.4       86.78     0.18693
14.0         177.0       69.57       59.24     0.13143
14.0         178.0       62.42       55.25     0.11789
14.0         179.0       89.96       77.69     0.18287
14.0         180.0       49.98       42.56     0.21142
14.0         181.0       75.96       68.02     0.13772
14.0         182.0        null        null        null
14.0         183.0        null        null        null
14.0         184.0       64.07       54.18     0.20077
14.0         185.0       61.64       59.97    0.033096
14.0         186.0        null        null        null
14.0         187.0       52.19       47.08     0.13351
14.0         188.0       57.88       52.77     0.11478
14.0         189.0        null        null        null
14.0         190.0       90.76       59.63      0.4807
14.0         191.0       65.87       59.59      0.1595
14.0         192.0       67.31       64.25    0.038932
14.0         193.0       90.52       74.26     0.16421
14.0         194.0       60.08       57.49    0.064904
14.0         195.0       63.61       56.79     0.14093
14.0         196.0       63.16       59.58     0.07862
14.0         197.0       51.75          49    0.071595
14.0         198.0       56.47       52.78     0.08627
14.0         199.0       71.48       52.02     0.35374
14.0         200.0        null        null        null
14.0         201.0       57.38       58.96   -0.040529
14.0         202.0        69.7       67.31    0.041954
14.0         203.0       48.44       47.07    0.033296
14.0         204.0        null        null        null
14.0         205.0       44.99       43.17    0.058106
14.0         206.0       58.41       57.65    0.017295
14.0         207.0        null        null        null
14.0         208.0       59.23       51.35     0.20904
14.0         209.0       75.32       66.18     0.12304
14.0         210.0       69.48       67.19    0.031458
14.0         211.0       41.55       42.12   -0.019388
14.0         212.0        null        null        null
14.0         213.0          76       68.42     0.11628
14.0         214.0       69.22       64.46    0.086653
14.0         215.0       72.84       43.03      0.4233
14.0         216.0       51.59       45.07     0.15572
14.0         217.0       49.52       50.03    -0.01075
14.0         218.0        null        null        null
14.0         219.0       54.39       54.15   0.0061547
14.0         220.0       67.28       59.66     0.14556
14.0         221.0       64.95        63.8    0.022444
14.0         222.0       57.93       57.85  -0.0084169
14.0         223.0       55.68       52.48    0.091542
14.0         224.0        null        null        null
14.0         225.0        null        null        null
14.0         226.0       59.99       56.49    0.062163
14.0         227.0       58.98       56.77    0.053532
14.0         228.0       40.76       40.58   0.0031422
14.0         229.0        null        null        null
15.0           0.0       53.57       50.79    0.061014
15.0           1.0       86.55       67.48     0.24445
15.0           2.0      114.14       70.89     0.33523
15.0           3.0       52.95       47.26     0.16012
15.0           4.0       83.92       66.59     0.24793
15.0           5.0       79.01       64.88     0.19089
15.0           6.0        89.1       77.44     0.17759
15.0           7.0       73.26       63.51       0.229
15.0           8.0       90.58       78.77     0.21163
15.0           9.0        null        null        null
15.0          10.0      152.48       66.74     0.39644
15.0          11.0        null        null        null
15.0          12.0       75.44       57.27     0.25202
15.0          13.0       77.27       61.34     0.20052
15.0          14.0       115.8       71.62     0.40566
15.0          15.0       85.86       61.04     0.28744
15.0          16.0       85.31       73.28     0.16379
15.0          17.0       85.59       65.61     0.35016
15.0          18.0       74.77       77.34   -0.032127
15.0          19.0       75.38       65.48     0.15036
15.0          20.0      172.31       90.71      0.5188
15.0          21.0      108.04       59.21     0.34771
15.0          22.0       61.57       37.81     0.33427
15.0          23.0       99.87       73.16     0.31463
15.0          24.0        85.8       59.33     0.27807
15.0          25.0       85.14       68.42     0.21718
15.0          26.0       76.62       66.96     0.15862
15.0          27.0       118.3       73.67     0.31285
15.0          28.0        99.8       81.05     0.26952
15.0          29.0       73.64       65.71     0.12992
15.0          30.0       81.43        66.4     0.16681
15.0          31.0        null        null        null
15.0          32.0       83.07       67.64     0.21133
15.0          33.0       37.67        36.8    0.022356
15.0          34.0       92.17        66.2     0.31284
15.0          35.0       95.34       67.76     0.32959
15.0          36.0       83.83       66.65     0.21309
15.0          37.0       39.91       38.33    0.028258
15.0          38.0       52.41       40.89     0.14284
15.0          39.0       82.92       66.28     0.23469
15.0          40.0       54.58       48.78     0.14509
15.0          41.0       64.37       56.56     0.15083
15.0          42.0       89.79       67.83     0.24385
15.0          43.0       56.21       51.45    0.085458
15.0          44.0       77.56       60.95     0.21547
15.0          45.0       59.35       50.97     0.13403
15.0          46.0       54.85       50.15      0.1138
15.0          47.0        null        null        null
15.0          48.0       54.67       52.55    0.054792
15.0          49.0        57.7       52.95    0.074411
15.0          50.0       74.95       65.43     0.14502
15.0          51.0       70.28        57.3     0.29378
15.0          52.0       59.59       47.92      0.2789
15.0          53.0       62.93       49.69     0.31895
15.0          54.0       73.63       58.07      0.2517
15.0          55.0       53.42       49.95    0.069856
15.0          56.0       66.62       48.52     0.22327
15.0          57.0       68.59          62     0.11247
15.0          58.0       51.72       47.33    0.097524
15.0          59.0       63.93       57.12     0.11755
15.0          60.0        null        null        null
15.0          61.0        56.9       51.86     0.10367
15.0          62.0       49.97       49.02    0.029109
15.0          63.0        61.3       57.79    0.063551
15.0          64.0       59.33       50.82    0.055607
15.0          65.0       49.97       47.06    0.066229
15.0          66.0       53.53       50.22    0.044618
15.0          67.0       63.58       56.27     0.13654
15.0          68.0       66.92       58.85     0.13176
15.0          69.0       62.38       56.32       0.127
15.0          70.0       57.38       47.26     0.14345
15.0          71.0       62.92       57.93    0.074478
15.0          72.0       59.63       55.07    0.066257
15.0          73.0       61.92       60.94    0.020135
15.0          74.0       68.99        67.2    0.018738
15.0          75.0       44.84       44.14   0.0063077
15.0          76.0       72.39        60.4      0.1594
15.0          77.0       65.63       54.03     0.15287
15.0          78.0       56.97       53.22    0.058341
15.0          79.0       60.37       59.52    0.018456
15.0          80.0       68.77       60.69     0.13336
15.0          81.0       53.84       51.75    0.032685
15.0          82.0      149.78       59.24     0.51457
15.0          83.0        58.7       58.75    0.001462
15.0          84.0       52.53        46.2     0.11465
15.0          85.0       57.81       52.07     0.08915
15.0          86.0       71.03       61.73     0.10545
15.0          87.0          54       55.08   -0.023782
15.0          88.0       70.25       59.71     0.15887
15.0          89.0       87.33       65.54     0.27247
15.0          90.0       58.96       53.54    0.088639
15.0          91.0       66.27       61.62    0.052217
15.0          92.0       54.28        49.3     0.10523
15.0          93.0       63.26       58.84    0.082033
15.0          94.0       56.42       56.51   -0.022198
15.0          95.0       42.19       42.32   0.0078931
15.0          96.0       85.72       72.16     0.17452
15.0          97.0       91.41       74.38     0.28373
15.0          98.0       84.16       66.97     0.23216
15.0          99.0       66.22       59.03     0.11022
15.0         100.0       58.64       50.19     0.13017
15.0         101.0       53.31       50.73    0.061178
15.0         102.0       58.51       55.96    0.053613
15.0         103.0       55.62       53.35    0.056463
15.0         104.0       64.21       57.37    0.093083
15.0         105.0       50.51       50.37   -0.015548
15.0         106.0       58.72       55.98    0.057717
15.0         107.0       44.08       38.61     0.11247
15.0         108.0       81.38       65.48     0.22517
15.0         109.0       78.04       67.91     0.19793
15.0         110.0       79.14        55.1     0.23701
15.0         111.0       123.6       84.28     0.36895
15.0         112.0       60.63       59.76    0.029686
15.0         113.0       81.55       74.07      0.1294
15.0         114.0      102.31       69.11     0.28076
15.0         115.0        63.7       59.41    0.099062
15.0         116.0       58.39       52.77      0.1223
15.0         117.0        null        null        null
15.0         118.0       57.13       56.55   0.0052404
15.0         119.0       65.84        58.2     0.13778
15.0         120.0       67.17       62.99    0.077784
15.0         121.0        56.4       53.99    0.036241
15.0         122.0       47.51       47.03    0.010318
15.0         123.0       59.72       52.93     0.14603
15.0         124.0       53.56       49.25    0.067734
15.0         125.0      120.45       61.31     0.44712
15.0         126.0       96.56       74.26     0.29615
15.0         127.0       68.82       54.72     0.23123
15.0         128.0      106.19       86.78     0.23905
15.0         129.0      100.95       57.12     0.25578
15.0         130.0       64.13       52.69     0.18708
15.0         131.0       84.32       76.59     0.10832
15.0         132.0       97.14        71.9     0.31194
15.0         133.0       70.09       67.04    0.068405
15.0         134.0       75.25       63.93     0.27563
15.0         135.0       43.22       40.33     0.10472
15.0         136.0       49.25       47.85    0.041975
15.0         137.0       95.39       52.57      0.3518
15.0         138.0       61.86       53.55     0.15127
15.0         139.0        null        null        null
15.0         140.0        60.2       52.42      0.1566
15.0         141.0       88.06       76.35     0.19603
15.0         142.0       84.31       75.59     0.12304
15.0         143.0       61.23       54.16     0.13667
15.0         144.0       119.7       73.44     0.28302
15.0         145.0      101.69       80.41     0.25738
15.0         146.0       76.87       66.31     0.16992
15.0         147.0       56.08       59.72    -0.15001
15.0         148.0       95.22       74.22     0.25328
15.0         149.0       70.16       54.25     0.24906
15.0         150.0       60.19       60.97   -0.018286
15.0         151.0       75.39        70.8    0.077983
15.0         152.0       64.39       56.97     0.12419
15.0         153.0       57.27       54.84    0.049532
15.0         154.0       59.28       48.74     0.21326
15.0         155.0        null        null        null
15.0         156.0       53.17       50.86    0.066144
15.0         157.0       69.32        62.6     0.13068
15.0         158.0       61.36       57.39    0.095183
15.0         159.0       85.63       76.86     0.14859
15.0         160.0       59.79       58.52    0.050536
15.0         161.0        83.1          61     0.28863
15.0         162.0       62.46       55.47     0.13567
15.0         163.0      152.99       88.93      0.4243
15.0         164.0       60.64       54.84     0.11754
15.0         165.0       52.75       50.68    0.064885
15.0         166.0       74.85       51.38     0.28511
15.0         167.0      104.51      108.39   -0.020678
15.0         168.0       65.81       55.99     0.20213
15.0         169.0        45.8       46.92   -0.029917
15.0         170.0       56.25       53.29    0.074547
15.0         171.0       98.87       62.05     0.33163
15.0         172.0       57.15       52.86    0.059626
15.0         173.0        86.2        68.5     0.22741
15.0         174.0        null        null        null
15.0         175.0       63.19       48.71     0.23467
15.0         176.0        null        null        null
15.0         177.0        59.4       55.74    0.080711
15.0         178.0        null        null        null
15.0         179.0        null        null        null
15.0         180.0       67.74        62.5    0.087203
15.0         181.0       65.97       63.47    0.058116
15.0         182.0       69.12       64.47    0.091662
15.0         183.0        null        null        null
15.0         184.0        69.7       63.26     0.12043
15.0         185.0        52.8       52.44   0.0086412
15.0         186.0        61.7       57.43    0.085434
15.0         187.0       63.25        57.5     0.15369
15.0         188.0       57.01        54.2    0.070318
15.0         189.0       61.48        41.9     0.43187
15.0         190.0          48       46.77    0.032082
15.0         191.0        81.3       61.94      0.2258
15.0         192.0        null        null        null
16.0           0.0       82.26       70.53     0.17826
16.0           1.0       80.04       71.49     0.16995
16.0           2.0       70.65       58.28     0.18299
16.0           3.0       76.25       67.28     0.09957
16.0           4.0       72.91       64.14     0.14719
16.0           5.0       69.25       59.23     0.17656
16.0           6.0       76.02       66.21     0.15299
16.0           7.0       89.08       65.44     0.23555
16.0           8.0      105.24        79.3     0.28949
16.0           9.0       73.86       62.76     0.14976
16.0          10.0       76.26       60.08     0.17169
16.0          11.0       87.51       69.93     0.21525
16.0          12.0       71.75       63.84     0.18614
16.0          13.0          88       75.07     0.19084
16.0          14.0       79.14       61.48     0.24772
16.0          15.0       85.24       63.36     0.30645
16.0          16.0        57.7       55.17    0.052707
16.0          17.0      111.55       88.44     0.25192
16.0          18.0       93.53       68.11     0.25544
16.0          19.0       76.98       71.17    0.087758
16.0          20.0       88.54       68.43     0.31569
16.0          21.0      108.16       76.52     0.31915
16.0          22.0      256.75       85.77     0.67229
16.0          23.0      113.89       69.89     0.37079
16.0          24.0      125.37       91.09     0.30512
16.0          25.0        null        null        null
16.0          26.0       96.52       74.03     0.36942
16.0          27.0       80.78       65.12     0.20261
16.0          28.0       88.86       77.36     0.13595
16.0          29.0       94.97       81.46     0.14116
16.0          30.0       68.47       57.82     0.20114
16.0          31.0       79.74       67.71     0.16788
16.0          32.0      140.54       89.14     0.51332
16.0          33.0       91.62       77.43     0.16418
16.0          34.0       87.85       63.47     0.28504
16.0          35.0       93.61       72.46     0.24985
16.0          36.0       99.64       69.98     0.32383
16.0          37.0       74.98       66.57     0.12915
16.0          38.0       82.55       82.63   -0.012315
16.0          39.0       65.58       61.31     0.07371
16.0          40.0        92.4       81.57     0.16019
16.0          41.0       77.53       61.52     0.26279
16.0          42.0       95.31       59.43     0.38121
16.0          43.0      105.16        71.9     0.39565
16.0          44.0       88.64       55.37     0.29655
16.0          45.0      108.96       81.66      0.4106
16.0          46.0       73.09       61.75     0.18981
16.0          47.0        null        null        null
16.0          48.0      104.59       69.11     0.29208
16.0          49.0        null        null        null
16.0          50.0       80.94       71.22     0.16502
16.0          51.0       68.28        59.8     0.12672
16.0          52.0       73.24       61.55     0.14526
16.0          53.0        null        null        null
16.0          54.0       56.59        49.3     0.13985
16.0          55.0       62.73       55.13     0.08924
16.0          56.0       69.17        58.2     0.17365
16.0          57.0       68.62        62.1     0.13494
16.0          58.0       86.06       76.62     0.17324
16.0          59.0       76.86        62.5     0.12285
16.0          60.0       74.26       58.27     0.16346
16.0          61.0       78.16       54.68     0.32355
16.0          62.0       78.35       65.07     0.20244
16.0          63.0       80.36       58.46     0.29558
16.0          64.0       78.88       62.44     0.24941
16.0          65.0       71.06       62.58     0.17642
16.0          66.0       65.38       59.34      0.1156
16.0          67.0        64.7       60.54    0.067691
16.0          68.0       60.68       54.69     0.10515
16.0          69.0       53.61        50.8    0.050949
16.0          70.0       66.74        61.7     0.10451
16.0          71.0       86.61       70.91     0.26467
16.0          72.0       65.57       59.38     0.11225
16.0          73.0       52.23       48.16    0.082259
16.0          74.0       73.85          65    0.039269
16.0          75.0        57.4       50.55     0.11104
16.0          76.0       48.76       46.17    0.072631
16.0          77.0        58.3       58.44  0.00067357
16.0          78.0       52.27       48.63     0.05339
16.0          79.0       76.04        67.9     0.12951
16.0          80.0       61.05       56.99    0.086418
16.0          81.0          81       65.52     0.17702
16.0          82.0       69.16       70.08   -0.018105
16.0          83.0       69.84       60.46     0.22854
16.0          84.0       68.42       61.61     0.11865
16.0          85.0       52.59       47.45     0.10844
16.0          86.0       57.24       53.54    0.082035
16.0          87.0       76.72        61.3     0.17307
16.0          88.0       53.81       53.55   0.0060626
16.0          89.0       72.55        63.8     0.13517
16.0          90.0       61.67       54.38     0.17791
16.0          91.0       64.28       59.91    0.078267
16.0          92.0       58.47       51.19     0.13865
16.0          93.0       70.12        58.6     0.19172
16.0          94.0       58.89       50.02     0.17103
16.0          95.0       61.27       57.13    0.080464
16.0          96.0       61.93       55.27     0.12089
16.0          97.0       61.26       53.47       0.117
16.0          98.0       81.47       61.11     0.27295
16.0          99.0        null        null        null
16.0         100.0       60.39       53.56      0.1348
16.0         101.0       68.56       62.12     0.11265
16.0         102.0       51.14       47.94    0.075121
16.0         103.0       65.93       57.54     0.17405
16.0         104.0       47.27       44.83    0.049647
16.0         105.0       44.95       42.39    0.055946
16.0         106.0       47.14       44.51    0.044002
16.0         107.0      102.42       78.62     0.20002
16.0         108.0        65.5       55.37     0.17039
16.0         109.0        95.7       82.22     0.17622
16.0         110.0       63.92       64.91   -0.017034
16.0         111.0       61.62       56.56     0.09043
16.0         112.0       61.24       54.59     0.11343
16.0         113.0       58.44       50.11     0.12813
16.0         114.0        64.8       60.37    0.098054
16.0         115.0        72.4       58.18     0.22381
16.0         116.0       70.05       57.36       0.201
16.0         117.0       84.43       62.25     0.25196
16.0         118.0          94       57.72     0.32363
16.0         119.0       58.32       53.68    0.081829
16.0         120.0       56.04        52.6    0.077337
16.0         121.0        null        null        null
16.0         122.0       79.54       75.95    0.058758
16.0         123.0        74.9       62.77      0.2101
16.0         124.0       75.32       67.69     0.12873
16.0         125.0       67.72       55.04     0.29857
16.0         126.0       68.58        45.8     0.42937
16.0         127.0      125.15       82.15     0.40762
16.0         128.0       59.08       47.96     0.10914
16.0         129.0       73.54       54.73     0.30261
16.0         130.0       54.02        49.7    0.096085
16.0         131.0       93.29       72.47     0.27163
16.0         132.0       68.44       63.59    0.098477
16.0         133.0       85.77       62.42     0.24411
16.0         134.0       44.57       39.47      0.1572
16.0         135.0       57.01       51.31    0.086401
16.0         136.0       99.82       64.24     0.34685
16.0         137.0       73.46       54.43     0.26257
16.0         138.0       93.55       63.45     0.29596
16.0         139.0       53.84       48.67     0.13012
16.0         140.0       75.85       62.82     0.22543
16.0         141.0       88.46       69.87     0.24471
16.0         142.0       50.54       48.35    0.075584
16.0         143.0       86.28       75.19     0.17396
16.0         144.0       69.85       62.67     0.14078
16.0         145.0       69.48       55.29     0.25068
16.0         146.0       76.65       62.04     0.23614
16.0         147.0       72.96       64.13     0.13634
16.0         148.0       84.97       62.07     0.30274
16.0         149.0       85.49        68.9     0.19781
16.0         150.0       88.71       76.61     0.18528
16.0         151.0       54.45        52.1    0.058249
16.0         152.0       62.71       67.04    -0.12131
16.0         153.0       72.46       61.52     0.18372
16.0         154.0      105.97       70.29     0.14331
16.0         155.0        58.6       53.92    0.096751
16.0         156.0       95.41       77.26     0.23651
16.0         157.0       77.85       62.37     0.21056
16.0         158.0       57.82       51.87     0.12543
16.0         159.0       53.47        48.2    0.091393
16.0         160.0      102.62       78.61     0.36248
16.0         161.0        57.2       50.59     0.10592
16.0         162.0       63.92       62.46    0.028276
16.0         163.0      115.44       49.57     0.48768
16.0         164.0       67.01        60.8    0.075607
16.0         165.0       47.12       46.33    0.019509
16.0         166.0       92.31       74.78     0.23067
16.0         167.0        null        null        null
16.0         168.0      126.27       85.55     0.41011
16.0         169.0       61.79       45.79     0.37098
16.0         170.0        null        null        null
16.0         171.0       80.79       63.98     0.26064
16.0         172.0        null        null        null
16.0         173.0       82.57       67.34      0.2253
16.0         174.0       58.63       57.26     0.03611
16.0         175.0      121.61       50.72      0.3629
16.0         176.0       78.71       66.83     0.14393
16.0         177.0       74.46       66.74     0.11737
16.0         178.0       72.69       57.83     0.18745
16.0         179.0       94.09       69.66     0.25692
16.0         180.0        null        null        null
16.0         181.0      134.22       50.51     0.43717
16.0         182.0       94.63       50.79     0.44255
16.0         183.0       79.98        68.9     0.18016
16.0         184.0        83.2       61.89     0.27269
16.0         185.0       94.16        40.7     0.52231
16.0         186.0       84.52       69.45     0.21133
16.0         187.0       79.26       67.21     0.21086
16.0         188.0        null        null        null
16.0         189.0        null        null        null
16.0         190.0       64.49       59.81    0.095762
16.0         191.0       61.73       41.45     0.44867
16.0         192.0       78.65       65.22     0.17015
16.0         193.0       58.37       58.37    0.008347
16.0         194.0       53.31       48.49    0.099105
16.0         195.0       75.91       66.08     0.14153
16.0         196.0       88.62       73.51     0.23688
16.0         197.0       60.15       52.85     0.12158
16.0         198.0        null        null        null
16.0         199.0       90.08       75.54     0.15518
16.0         200.0        null        null        null
16.0         201.0       57.39       56.84    0.018117
16.0         202.0       61.83       57.05     0.12029
16.0         203.0        null        null        null
16.0         204.0        null        null        null
16.0         205.0       61.03        59.3    0.034505
16.0         206.0        null        null        null
17.0           0.0       77.15       67.78     0.14037
17.0           1.0      108.84        77.2      0.3044
17.0           2.0       64.02       54.23     0.18075
17.0           3.0       81.26       72.76     0.13411
17.0           4.0      108.75       77.23     0.33297
17.0           5.0       85.32        66.7      0.2929
17.0           6.0        85.1       75.48     0.10003
17.0           7.0       68.05        57.3     0.20886
17.0           8.0      110.44       71.48     0.33625
17.0           9.0      114.11       75.15     0.34124
17.0          10.0       83.35       62.03      0.2294
17.0          11.0       94.58        80.4     0.16529
17.0          12.0       92.18       68.32     0.25905
17.0          13.0       72.62       60.51      0.1521
17.0          14.0      111.78       78.23     0.26573
17.0          15.0       58.14       53.49    0.099987
17.0          16.0       90.71       71.38     0.26066
17.0          17.0       85.97       72.92     0.18139
17.0          18.0       92.68       58.04     0.21954
17.0          19.0        null        null        null
17.0          20.0      126.61       64.52     0.39399
17.0          21.0      101.08        69.5     0.35947
17.0          22.0        null        null        null
17.0          23.0      125.55       85.64     0.52421
17.0          24.0       89.23       57.22     0.28301
17.0          25.0      163.59       90.92     0.53053
17.0          26.0       76.28       66.69     0.14923
17.0          27.0      190.38       95.77     0.55856
17.0          28.0      108.84       75.71      0.3155
17.0          29.0      124.18        82.1     0.37383
17.0          30.0      108.36       73.01     0.25601
17.0          31.0       81.24       70.71     0.14176
17.0          32.0        null        null        null
17.0          33.0       82.77       66.13     0.23282
17.0          34.0      100.25       86.07      0.1889
17.0          35.0      103.75        69.8     0.30984
17.0          36.0      123.24       93.57     0.41567
17.0          37.0      123.22       72.76      0.3642
17.0          38.0       100.1       69.98     0.30759
17.0          39.0       71.24       58.42     0.19284
17.0          40.0       70.25       56.63     0.25755
17.0          41.0      102.65       69.22     0.28034
17.0          42.0       92.77        69.6     0.26569
17.0          43.0      132.81       57.23     0.38355
17.0          44.0        70.3       61.56     0.14377
17.0          45.0       62.54       42.82     0.32044
17.0          46.0        95.8       70.53     0.23414
17.0          47.0       86.72       66.48     0.28855
17.0          48.0       92.61       60.76     0.30209
17.0          49.0      113.66       72.45     0.32513
17.0          50.0       84.41       64.54     0.31648
17.0          51.0       72.99       52.92     0.22418
17.0          52.0       96.03       68.49     0.31937
17.0          53.0       82.86       48.94     0.44235
17.0          54.0        89.8       64.17     0.32296
17.0          55.0        null        null        null
17.0          56.0        67.4       56.01    0.071984
17.0          57.0       88.27       55.45     0.35405
17.0          58.0      106.07       75.01     0.25058
17.0          59.0       96.63        67.5     0.30222
17.0          60.0       62.31       53.66    0.098398
17.0          61.0       82.68       64.94     0.23223
17.0          62.0      105.78       71.95     0.32813
17.0          63.0       78.25       57.72     0.31551
17.0          64.0       51.13       44.58     0.14248
17.0          65.0       79.16       63.08     0.19869
17.0          66.0       93.16       63.31      0.3301
17.0          67.0       63.57       54.98     0.12037
17.0          68.0       80.83       55.79     0.23452
17.0          69.0       94.82       60.53     0.28075
17.0          70.0       68.84       61.55    0.076247
17.0          71.0       72.14       65.44    0.091128
17.0          72.0       82.43       64.02     0.22148
17.0          73.0       63.65       57.17     0.10909
17.0          74.0       73.68       64.35     0.14642
17.0          75.0       73.79       55.83     0.22463
17.0          76.0       62.98        47.1     0.18337
17.0          77.0       72.96       58.64     0.19239
17.0          78.0      105.79       71.72     0.31398
17.0          79.0       66.14       58.55     0.11111
17.0          80.0       70.58       61.65     0.11775
17.0          81.0       60.38       55.63    0.081338
17.0          82.0       68.77       61.17      0.1108
17.0          83.0       71.82       63.66     0.13499
17.0          84.0        81.7       66.72      0.1841
17.0          85.0       72.23       61.45     0.15828
17.0          86.0       74.42        56.8     0.20705
17.0          87.0       68.54       55.87     0.17225
17.0          88.0       62.75       53.96     0.13449
17.0          89.0       76.46       65.58      0.1559
17.0          90.0       77.61       68.79     0.12671
17.0          91.0       54.03        48.8    0.099008
17.0          92.0       79.22       65.61     0.17577
17.0          93.0       75.81       63.67     0.16052
17.0          94.0        84.5       54.75     0.28116
17.0          95.0       60.64       57.41    0.055056
17.0          96.0       61.03       52.38     0.13156
17.0          97.0       84.59       63.97     0.24102
17.0          98.0       69.85          61     0.13987
17.0          99.0       61.27       48.52     0.19706
17.0         100.0        null        null        null
17.0         101.0       63.94       53.78     0.10409
17.0         102.0       69.72        56.7     0.18097
17.0         103.0       67.57       57.13      0.1359
17.0         104.0       76.24       67.88     0.13682
17.0         105.0       85.93       68.07      0.2191
17.0         106.0       80.15       68.41     0.16425
17.0         107.0        89.2       70.19      0.1923
17.0         108.0       75.52       59.49     0.16541
17.0         109.0       86.85        67.6      0.1887
17.0         110.0      100.85       76.88     0.28661
17.0         111.0       65.09       55.16     0.17363
17.0         112.0       60.37       49.77     0.18896
17.0         113.0       58.11       51.75     0.17322
17.0         114.0       56.62       53.88    0.062838
17.0         115.0       53.45       51.42    0.051104
17.0         116.0       69.28       60.85     0.14421
17.0         117.0       78.26       67.35     0.13763
17.0         118.0       75.43       65.89     0.13272
17.0         119.0       86.76       73.46     0.19431
17.0         120.0        78.4       61.86     0.17758
17.0         121.0        81.2       67.47     0.19052
17.0         122.0       84.13       77.42      0.1539
17.0         123.0       73.64       61.31     0.16091
17.0         124.0       68.74       51.11     0.25527
17.0         125.0       72.61       60.27     0.17797
17.0         126.0      110.59       73.46     0.34088
17.0         127.0       60.04       49.98    0.043702
17.0         128.0       80.02       70.84     0.15597
17.0         129.0       84.29       66.14     0.20748
17.0         130.0       86.21       67.12     0.24974
17.0         131.0       65.48       53.23     0.17864
17.0         132.0        91.3       70.76     0.21915
17.0         133.0       71.09       57.07     0.15209
17.0         134.0      102.13        77.3     0.32764
17.0         135.0       61.13       54.91     0.12371
17.0         136.0       58.09       55.72    0.042301
17.0         137.0      105.22        78.2     0.35074
17.0         138.0       73.66       61.91     0.18451
17.0         139.0        null        null        null
17.0         140.0       90.34       73.58     0.24106
17.0         141.0       61.78       50.96      0.2131
17.0         142.0       81.84        60.9     0.18661
17.0         143.0      104.45       77.67     0.28935
17.0         144.0      103.44       71.25      0.3156
17.0         145.0       74.57        63.9     0.18482
17.0         146.0        null        null        null
17.0         147.0        56.8       50.82     0.11478
17.0         148.0       92.64       68.68     0.28018
17.0         149.0       80.67       49.87     0.31352
17.0         150.0       62.37       59.95    0.040645
17.0         151.0        null        null        null
17.0         152.0       60.36       54.49     0.12002
17.0         153.0      111.26       73.72      0.3354
17.0         154.0       81.48       64.71      0.2242
17.0         155.0        53.1       51.26    0.045796
17.0         156.0      117.84       86.65     0.32663
17.0         157.0          61       56.13      0.1107
17.0         158.0        82.9       71.94     0.12852
17.0         159.0       90.83       69.05     0.20089
17.0         160.0       82.52       69.29     0.17292
17.0         161.0       77.24       71.11    0.075915
17.0         162.0         102       77.52     0.28622
17.0         163.0       98.05       64.66     0.28756
17.0         164.0      118.52       60.04     0.40685
17.0         165.0      104.35       77.39     0.26862
17.0         166.0      155.64        73.3     0.46519
17.0         167.0       77.33       61.42     0.19837
17.0         168.0       80.44        66.9     0.16931
17.0         169.0      121.56       82.57     0.31045
17.0         170.0       67.14       57.55     0.16516
17.0         171.0       90.69       65.94     0.33352
17.0         172.0       82.29       54.16     0.30284
17.0         173.0        89.6       67.34     0.23622
17.0         174.0      127.77       94.97     0.45767
17.0         175.0       90.96        74.8     0.19359
17.0         176.0       58.68       53.97    0.064787
17.0         177.0      111.73       72.67     0.44892
17.0         178.0       71.63        64.4     0.12488
17.0         179.0       62.02        52.9    0.098954
17.0         180.0       72.31       62.09     0.13228
17.0         181.0       92.32       66.04     0.28575
17.0         182.0       80.99       69.31     0.25746
17.0         183.0       62.95        49.4     0.27619
17.0         184.0       70.27       59.84     0.14027
17.0         185.0        null        null        null
17.0         186.0       56.02       54.87    0.032375
17.0         187.0       95.89        51.4     0.38761
17.0         188.0       93.42       77.52     0.31865
17.0         189.0       94.17       72.17     0.20462
17.0         190.0       83.37       60.94     0.18052
17.0         191.0       75.22       63.54      0.1486
17.0         192.0       117.1       60.64     0.35504
17.0         193.0        95.7       70.31     0.27825
17.0         194.0       67.88       62.81    0.089803
17.0         195.0      105.44       68.14     0.32915
17.0         196.0      114.89       56.21     0.44909
17.0         197.0       73.23       64.43     0.10959
17.0         198.0        null        null        null
17.0         199.0       84.51       67.58     0.19582
17.0         200.0       105.2       77.76     0.32216
17.0         201.0        51.8       48.51    0.050488
17.0         202.0        null        null        null
17.0         203.0       70.23       58.48     0.13663
17.0         204.0       87.16       56.36      0.3362
17.0         205.0       69.04       60.68     0.14414
17.0         206.0        86.1       66.43     0.19837
17.0         207.0       71.46       58.54     0.13358
17.0         208.0       69.66       56.69      0.2189
17.0         209.0       64.55       56.06     0.12666
17.0         210.0       93.89       85.36    0.058342
17.0         211.0        null        null        null
17.0         212.0       65.64          62    0.056589
17.0         213.0        null        null        null
17.0         214.0       72.26       59.56     0.17459
17.0         215.0        null        null        null
17.0         216.0       81.81        59.3     0.20844
17.0         217.0       71.79       65.07    0.057576
17.0         218.0       77.24       66.32     0.15155
17.0         219.0       77.28       62.92     0.16658
17.0         220.0        null        null        null
17.0         221.0       56.97       49.79     0.15501
17.0         222.0        null        null        null
17.0         223.0        null        null        null
17.0         224.0       67.29       64.17    0.055077
17.0         225.0       52.53       45.08     0.17574
17.0         226.0       63.88       61.33     0.04841
18.0           0.0       73.47       67.37     0.11031
18.0           1.0       86.11       71.11     0.22149
18.0           2.0        null        null        null
18.0           3.0       76.17       66.35     0.17472
18.0           4.0       65.84       59.24     0.14179
18.0           5.0       95.22       75.27     0.26525
18.0           6.0       70.23       58.85     0.13846
18.0           7.0       59.22       54.69     0.12395
18.0           8.0       78.39       67.24     0.20963
18.0           9.0      109.21        71.5     0.22291
18.0          10.0       63.98       51.39      0.1448
18.0          11.0       70.25       55.08     0.18818
18.0          12.0       61.02       55.05    0.093175
18.0          13.0      103.64       75.26     0.25102
18.0          14.0       52.61       52.57   0.0028364
18.0          15.0      123.87        97.5     0.12112
18.0          16.0       74.07       65.87     0.15265
18.0          17.0       58.38       47.87     0.22471
18.0          18.0       96.74       88.27    0.080629
18.0          19.0       79.32       58.41     0.17284
18.0          20.0      107.05       79.73     0.20085
18.0          21.0        null        null        null
18.0          22.0        null        null        null
18.0          23.0       95.41       79.42     0.25206
18.0          24.0      118.08       88.53     0.44103
18.0          25.0       54.67       46.62     0.20215
18.0          26.0      107.77       52.56     0.55031
18.0          27.0        null        null        null
18.0          28.0       76.16       55.12     0.25359
18.0          29.0       75.58       64.17     0.21162
18.0          30.0       70.79       67.42    0.067027
18.0          31.0       59.39       52.57     0.15621
18.0          32.0        null        null        null
18.0          33.0       81.77       65.75     0.25028
18.0          34.0       50.86       47.82    0.074895
18.0          35.0       66.46       51.12     0.22995
18.0          36.0       77.48        45.4     0.39334
18.0          37.0      115.89       73.76     0.33851
18.0          38.0       79.82       61.03     0.23123
18.0          39.0        null        null        null
18.0          40.0       65.66        50.9     0.18948
18.0          41.0       89.13       60.26     0.28144
18.0          42.0       63.78       61.81    0.023624
18.0          43.0       77.03       69.89     0.14973
18.0          44.0       59.25       67.69  -0.0048913
18.0          45.0       54.59        41.8     0.24184
18.0          46.0       60.03       58.32    0.044356
18.0          47.0        60.6       56.41      0.1009
18.0          48.0       82.73       63.13     0.28558
18.0          49.0       79.63       63.07     0.25029
18.0          50.0        67.7       47.26     0.30884
18.0          51.0       62.01       55.53     0.12912
18.0          52.0       56.81       39.36     0.39454
18.0          53.0       58.06       46.35     0.26178
18.0          54.0       86.73       76.08     0.19695
18.0          55.0       85.99       60.44     0.25208
18.0          56.0       46.58        43.5    0.088988
18.0          57.0        null        null        null
18.0          58.0       68.99       57.29     0.23855
18.0          59.0       53.97       47.49     0.12971
18.0          60.0       52.97       47.43     0.13813
18.0          61.0       65.03       50.22      0.2952
18.0          62.0       62.65       55.25     0.13283
18.0          63.0       75.18       65.55     0.16332
18.0          64.0       57.48       50.27     0.15574
18.0          65.0        56.9       51.13     0.12575
18.0          66.0       41.24       40.33    0.030309
18.0          67.0       63.57       59.52    0.086883
18.0          68.0       54.36       49.96     0.11148
18.0          69.0       69.71       45.52      0.3259
18.0          70.0       52.62       51.33    0.030595
18.0          71.0       63.39       56.84     0.14446
18.0          72.0       71.42       64.63    0.081969
18.0          73.0       61.41       60.36   -0.013163
18.0          74.0       55.81       54.67    0.026476
18.0          75.0       55.22        53.8    0.033705
18.0          76.0       49.76       49.33   0.0036021
18.0          77.0       65.93       57.89     0.16468
18.0          78.0       65.98       60.23    0.086492
18.0          79.0       58.88       47.72     0.13413
18.0          80.0        null        null        null
18.0          81.0       58.53       56.89    0.023987
18.0          82.0       49.53       50.24   -0.011392
18.0          83.0       56.94       56.45    0.012385
18.0          84.0       72.63       73.75   -0.031437
18.0          85.0       51.16       50.23    0.023274
18.0          86.0       61.37       55.61     0.13047
18.0          87.0       54.23       52.74    0.033741
18.0          88.0       49.99       49.45    0.015503
18.0          89.0       62.94       60.92    0.052775
18.0          90.0       57.07       53.08    0.078725
18.0          91.0       55.38       51.38    0.085817
18.0          92.0       48.54       44.98     0.09501
18.0          93.0       54.45       51.97    0.046607
18.0          94.0       49.89        47.1    0.074871
18.0          95.0        77.1       74.36    0.063341
18.0          96.0       54.53       51.35    0.048682
18.0          97.0       52.19       50.99    0.029725
18.0          98.0       54.17       53.82   0.0063444
18.0          99.0       58.28       54.98    0.074614
18.0         100.0       58.73       52.17     0.11124
18.0         101.0       56.02       50.62    0.046393
18.0         102.0       60.94       58.93    0.033493
18.0         103.0       56.07       49.86     0.12948
18.0         104.0       63.82       56.38     0.11717
18.0         105.0       56.03       51.96    0.052262
18.0         106.0       61.74       55.56     0.12798
18.0         107.0       64.17        52.6     0.11732
18.0         108.0        null        null        null
18.0         109.0        55.3       51.77    0.067225
18.0         110.0       48.28        46.4    0.046395
18.0         111.0       61.14       61.87    -0.02254
18.0         112.0       73.83       65.99    0.058375
18.0         113.0       55.56       49.78    0.077312
18.0         114.0       65.16       57.14     0.19826
18.0         115.0       44.75       41.14     0.10945
18.0         116.0       55.56       49.11     0.11815
18.0         117.0       58.08       44.02     0.22246
18.0         118.0       87.01       76.04     0.10011
18.0         119.0       48.37       49.76   -0.033998
18.0         120.0       63.63       63.13   0.0095026
18.0         121.0       48.89       48.98   -0.008353
18.0         122.0        55.5       51.83     0.09177
18.0         123.0       58.22       57.02    0.021482
18.0         124.0       64.71       61.44    0.065159
18.0         125.0       80.45       67.61     0.19004
18.0         126.0       88.48       67.48     0.22614
18.0         127.0       68.48       56.65     0.20139
18.0         128.0       59.78       58.82   0.0057365
18.0         129.0       66.75       58.04     0.13345
18.0         130.0       58.53       56.19    0.049379
18.0         131.0        51.2       56.15   -0.060242
18.0         132.0       57.21       54.61    0.057549
18.0         133.0       58.34        53.4    0.085435
18.0         134.0       68.89       59.14     0.10433
18.0         135.0       52.18       49.18    0.066534
18.0         136.0        51.9       51.44   0.0018787
18.0         137.0        null        null        null
18.0         138.0       65.22       58.75     0.13667
18.0         139.0        null        null        null
18.0         140.0       85.82       67.49     0.28964
18.0         141.0       48.93       42.26     0.20077
18.0         142.0        null        null        null
18.0         143.0       63.83        53.7     0.16794
18.0         144.0        null        null        null
18.0         145.0       94.45       78.93     0.24107
18.0         146.0       71.61       61.43     0.16013
18.0         147.0       61.89       50.43     0.25226
18.0         148.0       49.89       49.25    0.017917
18.0         149.0       54.68       49.34    0.098886
18.0         150.0        null        null        null
18.0         151.0       48.01       47.82  -0.0063359
18.0         152.0       51.92       48.27     0.08801
18.0         153.0      117.22       39.73     0.48408
18.0         154.0       61.81       58.98    0.071767
18.0         155.0       75.68       67.15     0.11688
18.0         156.0       66.98       57.33     0.16522
18.0         157.0       79.49        68.4     0.16598
18.0         158.0       58.53       55.58    0.082886
18.0         159.0       88.74       52.75     0.26561
18.0         160.0        76.8       68.52     0.19012
18.0         161.0       88.61       68.82     0.26664
18.0         162.0       60.33       43.75     0.18358
18.0         163.0        null        null        null
18.0         164.0       57.17       40.86      0.3717
18.0         165.0       62.45       54.73     0.12673
18.0         166.0        73.6       64.12     0.18715
18.0         167.0       54.58       53.25    0.025457
18.0         168.0       58.39       50.54      0.1326
18.0         169.0        null        null        null
18.0         170.0       66.03       56.87     0.17031
18.0         171.0       48.74       48.27   -0.011551
18.0         172.0       63.55       54.42     0.16744
18.0         173.0       53.39       47.08     0.17986
18.0         174.0       56.89        53.8    0.073771
18.0         175.0       45.98       44.28    0.040251
18.0         176.0        null        null        null
18.0         177.0        null        null        null
18.0         178.0       86.75       46.73     0.34862
18.0         179.0       56.14       56.94   -0.024491
18.0         180.0        null        null        null
18.0         181.0       57.99       53.15     0.10363
18.0         182.0       55.82       50.03     0.13982
18.0         183.0        65.1       59.72    0.076315
18.0         184.0        null        null        null
18.0         185.0        null        null        null
18.0         186.0        null        null        null
18.0         187.0        null        null        null
18.0         188.0       48.52       48.29    0.011032
18.0         189.0        null        null        null
18.0         190.0        null        null        null
18.0         191.0       46.84       46.34  0.00095476
18.0         192.0        null        null        null
18.0         193.0        52.1        49.1    0.096817
18.0         194.0       59.97       52.34     0.13714
18.0         195.0       75.25       62.04     0.17223
18.0         196.0       51.43       44.12     0.12294
18.0         197.0        null        null        null
18.0         198.0       59.73       51.88     0.19882
18.0         199.0        null        null        null
18.0         200.0       52.81       51.98   0.0080422
18.0         201.0       60.47       58.19    0.044837
18.0         202.0        null        null        null
18.0         203.0       67.61       57.09     0.19178
18.0         204.0        null        null        null
18.0         205.0       70.76       67.01    0.063911
18.0         206.0        null        null        null
18.0         207.0        null        null        null
18.0         208.0        null        null        null
18.0         209.0       61.42        55.6       0.109
18.0         210.0        null        null        null
18.0         211.0       54.47        49.8    0.055759
18.0         212.0        null        null        null
19.0           0.0       79.18       72.82    0.088466
19.0           1.0       58.53       44.21     0.31945
19.0           2.0       70.38       60.19     0.19434
19.0           3.0       68.77       62.24     0.14844
19.0           4.0        86.2       63.01     0.23481
19.0           5.0       77.66       74.65    0.063372
19.0           6.0       67.51       59.49      0.1444
19.0           7.0       62.36       52.35     0.17015
19.0           8.0       69.63       49.54     0.31028
19.0           9.0        83.9       56.04     0.38118
19.0          10.0      118.26       84.56     0.29367
19.0          11.0       87.72       72.93     0.13156
19.0          12.0      101.12        55.5     0.44074
19.0          13.0       88.23       58.98     0.38261
19.0          14.0       81.81       64.06     0.17762
19.0          15.0       82.86       46.86     0.51031
19.0          16.0       72.02       59.47     0.13026
19.0          17.0       70.72       60.95     0.14112
19.0          18.0       87.05       56.53     0.26868
19.0          19.0       65.27        55.7     0.17264
19.0          20.0       84.97        66.5     0.28234
19.0          21.0       85.22       56.32     0.38152
19.0          22.0       79.05       59.07      0.3266
19.0          23.0      126.77        85.7     0.36624
19.0          24.0       90.54       55.11     0.47181
19.0          25.0        null        null        null
19.0          26.0        null        null        null
19.0          27.0      101.32       74.07     0.32209
19.0          28.0       87.01       59.68     0.29719
19.0          29.0       88.56       64.97     0.28751
19.0          30.0      102.68       67.98     0.32789
19.0          31.0       65.59       35.83     0.52725
19.0          32.0        null        null        null
19.0          33.0      109.19       92.57     0.22594
19.0          34.0       71.98       59.35     0.14887
19.0          35.0       91.59       60.72     0.31605
19.0          36.0        72.7       58.84     0.24873
19.0          37.0       63.56       52.92     0.19905
19.0          38.0       71.28       62.89     0.09963
19.0          39.0       69.49       46.69     0.41048
19.0          40.0        92.5       72.75     0.20099
19.0          41.0       98.13       63.68     0.35668
19.0          42.0       78.51       63.13     0.25017
19.0          43.0       86.41       66.76     0.25123
19.0          44.0        null        null        null
19.0          45.0       54.69       52.92    0.093149
19.0          46.0       57.36       52.24     0.10839
19.0          47.0       55.25        50.1      0.1151
19.0          48.0       65.11       52.01     0.27117
19.0          49.0       63.25       54.35      0.1666
19.0          50.0       74.86       49.73      0.3519
19.0          51.0       55.76       49.12     0.13559
19.0          52.0       60.44       53.89     0.13312
19.0          53.0       58.36       48.53     0.20559
19.0          54.0       85.96       59.82     0.21024
19.0          55.0       70.34       58.13     0.14876
19.0          56.0       79.66       63.98     0.24412
19.0          57.0       74.31       60.08     0.23022
19.0          58.0        59.9       54.97    0.093704
19.0          59.0       66.52       60.47     0.12627
19.0          60.0       64.04          49      0.3354
19.0          61.0      120.89      107.97       0.197
19.0          62.0        82.1       65.79      0.2323
19.0          63.0       76.01       61.66     0.21691
19.0          64.0       50.87       45.25     0.13635
19.0          65.0        47.3        40.7     0.18788
19.0          66.0       49.97       45.71    0.092355
19.0          67.0       59.83       57.02    0.065185
19.0          68.0       71.17       59.81     0.18281
19.0          69.0       76.73       66.99     0.13265
19.0          70.0       53.78       47.78     0.11285
19.0          71.0       64.47          58     0.13324
19.0          72.0        65.1       60.49    0.084152
19.0          73.0       63.34       56.19      0.1108
19.0          74.0       75.37       62.18     0.20362
19.0          75.0       68.64        57.7     0.13728
19.0          76.0       71.57       66.01    0.085753
19.0          77.0       58.54        54.3    0.080278
19.0          78.0       78.09       54.24     0.22961
19.0          79.0       50.13       46.89    0.062752
19.0          80.0       63.79       60.48    0.066416
19.0          81.0       68.43       60.36      0.1501
19.0          82.0       58.63       53.25     0.12023
19.0          83.0       49.38       48.89    0.022708
19.0          84.0       65.68       56.78      0.1696
19.0          85.0        66.8       59.82     0.13308
19.0          86.0        61.7       55.86     0.11992
19.0          87.0       59.85       52.02     0.10734
19.0          88.0       90.08       73.78     0.15119
19.0          89.0        64.5       56.71     0.17102
19.0          90.0       64.67        56.3      0.1026
19.0          91.0       54.16       49.26    0.087994
19.0          92.0       63.95       53.68     0.19917
19.0          93.0        62.1       56.46     0.12081
19.0          94.0       62.94        49.9      0.1999
19.0          95.0       75.13        58.6     0.27984
19.0          96.0       66.26       56.85     0.17217
19.0          97.0       58.77       52.76     0.12839
19.0          98.0       95.74       64.46     0.19987
19.0          99.0       73.85       67.48    0.087341
19.0         100.0          75       69.33     0.11722
19.0         101.0       61.28       56.49    0.087188
19.0         102.0       65.97       58.63     0.14565
19.0         103.0       48.33       45.12    0.083214
19.0         104.0       80.46       67.44     0.21832
19.0         105.0       60.34       55.53     0.10782
19.0         106.0       69.91       59.26      0.1524
19.0         107.0       64.87       64.55   0.0084323
19.0         108.0       94.91        63.3     0.33913
19.0         109.0       53.34       51.41    0.051327
19.0         110.0       74.52       60.83    0.074102
19.0         111.0       48.37       47.26    0.030014
19.0         112.0       80.07       58.03      0.2702
19.0         113.0       73.91       66.47     0.10766
19.0         114.0        null        null        null
19.0         115.0       66.72       56.41     0.15392
19.0         116.0       70.86       56.31      0.2768
19.0         117.0       57.58       56.26    0.035964
19.0         118.0       78.02       64.48     0.19945
19.0         119.0       69.44        59.8     0.13335
19.0         120.0        76.1       59.19     0.33336
19.0         121.0        null        null        null
19.0         122.0       78.21       67.91     0.19352
19.0         123.0        null        null        null
19.0         124.0       80.99       65.21     0.19417
19.0         125.0       87.54       69.68     0.22836
19.0         126.0       76.33       62.33     0.27104
19.0         127.0       60.58       56.86     0.08333
19.0         128.0       44.43       42.42    0.062168
19.0         129.0       88.51       56.24     0.46876
19.0         130.0        null        null        null
19.0         131.0       61.96       57.92    0.095475
19.0         132.0       75.36       60.15     0.17254
19.0         133.0       67.16       63.22     0.08507
19.0         134.0       57.27       53.89    0.087247
19.0         135.0       87.48       73.03     0.26626
19.0         136.0       83.35       68.87     0.25329
19.0         137.0        null        null        null
19.0         138.0       56.92       52.86      0.0853
19.0         139.0       76.75       68.34      0.1538
19.0         140.0       69.95       55.55     0.26003
19.0         141.0        null        null        null
19.0         142.0        76.2       68.41     0.13408
19.0         143.0       84.81       72.16     0.20685
19.0         144.0       67.81       53.28      0.2483
19.0         145.0      106.12       86.22     0.23355
19.0         146.0       95.34       65.79     0.23547
19.0         147.0       83.43       59.03     0.28907
19.0         148.0       61.86       55.03     0.13539
19.0         149.0       55.32       52.39    0.077801
19.0         150.0       81.44       67.17     0.21331
19.0         151.0       49.55       47.24     0.07656
19.0         152.0       65.16       55.44     0.19194
19.0         153.0        72.9       63.66     0.14848
19.0         154.0       89.53       76.68     0.15926
19.0         155.0       86.05       65.14     0.25189
19.0         156.0       79.53       69.37     0.10929
19.0         157.0       69.99       61.98     0.15252
19.0         158.0       79.23       65.36     0.24486
19.0         159.0       72.27       70.58    0.034637
19.0         160.0       67.95       46.03     0.38678
19.0         161.0       95.54       81.87     0.22158
19.0         162.0       64.83       47.77     0.17968
19.0         163.0       65.96       63.17    0.055901
19.0         164.0       87.99       77.22     0.20796
19.0         165.0        null        null        null
19.0         166.0       62.21       59.08    0.070974
19.0         167.0        51.2       50.56   0.0084028
19.0         168.0       63.03       58.78    0.083832
19.0         169.0       50.74       48.25    0.070701
19.0         170.0        77.5       65.18     0.18228
19.0         171.0       67.13       55.79     0.21861
19.0         172.0        null        null        null
19.0         173.0       66.14        60.6     0.10423
19.0         174.0       75.59       58.63    0.061713
19.0         175.0        null        null        null
19.0         176.0      101.24      129.33   -0.020396
19.0         177.0       76.97       71.84     0.11071
19.0         178.0       65.92       60.06     0.11193
19.0         179.0       60.38       42.71     0.39335
19.0         180.0          48       45.04    0.070386
19.0         181.0       60.75       58.16     0.05804
19.0         182.0        null        null        null
19.0         183.0       61.01       57.06     0.08496
19.0         184.0       77.24        73.5    0.076129
19.0         185.0        null        null        null
19.0         186.0       67.27       61.49     0.11352
19.0         187.0        null        null        null
19.0         188.0       67.73       56.07     0.24896
19.0         189.0       86.92       70.49      0.3195
20.0           0.0       96.63       63.25     0.24911
20.0           1.0      101.49        75.6     0.29129
20.0           2.0       83.45       59.46     0.29308
20.0           3.0        89.7       66.55     0.31141
20.0           4.0       97.92       74.64     0.24735
20.0           5.0       71.19       60.52     0.17241
20.0           6.0       62.46       51.87     0.20218
20.0           7.0      146.68       66.17     0.45726
20.0           8.0      117.56       79.72     0.40466
20.0           9.0        null        null        null
20.0          10.0       89.43       78.67     0.18675
20.0          11.0      102.38       68.26     0.39687
20.0          12.0       75.19       59.99     0.24048
20.0          13.0       74.87       57.93     0.18597
20.0          14.0       88.77       56.74     0.43119
20.0          15.0      109.54       51.66     0.42142
20.0          16.0       149.1       74.05     0.41248
20.0          17.0       93.14       75.13     0.23988
20.0          18.0        null        null        null
20.0          19.0       97.35       67.61     0.36058
20.0          20.0      129.04       70.16     0.40391
20.0          21.0       92.09       65.85     0.34043
20.0          22.0      111.78       76.59     0.37665
20.0          23.0       73.04       54.44     0.34264
20.0          24.0      106.05       63.13     0.38232
20.0          25.0        68.7       55.89      0.1941
20.0          26.0       90.46       67.22     0.32833
20.0          27.0        null        null        null
20.0          28.0       66.18       57.37       0.129
20.0          29.0       72.96        55.7     0.21984
20.0          30.0       90.45       55.86     0.27718
20.0          31.0      100.91       66.81      0.2788
20.0          32.0       94.87       73.41     0.31372
20.0          33.0       87.72       59.15      0.2984
20.0          34.0       85.67       60.95      0.2786
20.0          35.0       77.48       62.68     0.21106
20.0          36.0       84.19       59.72     0.26759
20.0          37.0       76.52       55.31     0.23694
20.0          38.0       57.92       52.08    0.099387
20.0          39.0       69.72       57.98     0.21216
20.0          40.0       59.36       53.26     0.10719
20.0          41.0       56.28       49.62     0.11101
20.0          42.0       76.01       62.51     0.22304
20.0          43.0       77.11       58.87     0.21599
20.0          44.0       76.46       58.74     0.23354
20.0          45.0       70.18       53.74     0.22434
20.0          46.0       75.75       54.49     0.26599
20.0          47.0       90.08        72.8     0.30101
20.0          48.0        71.3       63.88     0.13714
20.0          49.0       81.65       63.95     0.27292
20.0          50.0      106.85       80.32     0.24006
20.0          51.0       54.75       49.22     0.11738
20.0          52.0       62.13       48.04     0.17429
20.0          53.0       60.87       55.72     0.10337
20.0          54.0       57.54       53.86    0.051014
20.0          55.0       74.39       63.68     0.15993
20.0          56.0       59.73       45.56     0.13738
20.0          57.0       69.91       62.01     0.14238
20.0          58.0       63.77       57.07     0.11316
20.0          59.0       65.87       53.81     0.15802
20.0          60.0       62.23       54.61     0.12194
20.0          61.0       59.14       46.36     0.16686
20.0          62.0        50.2       43.58     0.13506
20.0          63.0       72.89       60.13     0.19408
20.0          64.0       95.63       81.83     0.20533
20.0          65.0       64.21       53.37     0.17405
20.0          66.0       65.18       59.11     0.12056
20.0          67.0       77.85       67.23     0.17344
20.0          68.0       73.13       63.22     0.13256
20.0          69.0        63.3       51.23     0.15746
20.0          70.0        79.2       61.99     0.19808
20.0          71.0       70.11       59.84     0.17539
20.0          72.0       77.19       61.46     0.27001
20.0          73.0       67.85        51.1     0.17709
20.0          74.0       62.22       51.21     0.10883
20.0          75.0       66.75       60.45    0.091258
20.0          76.0       56.16       50.69     0.10327
20.0          77.0       74.79       53.59     0.24882
20.0          78.0       90.69        68.9     0.24601
20.0          79.0       72.54        51.8      0.1962
20.0          80.0       83.15       66.35     0.24452
20.0          81.0       62.83       53.99     0.12934
20.0          82.0       79.31       65.04     0.11979
20.0          83.0       92.52       55.27      0.3769
20.0          84.0       71.23       57.93     0.19371
20.0          85.0       57.51       50.58     0.10311
20.0          86.0       67.89       61.16     0.12077
20.0          87.0       64.85       62.81    0.027147
20.0          88.0      131.46       54.77     0.47061
20.0          89.0       73.69       60.74     0.15609
20.0          90.0       73.19       61.65     0.20639
20.0          91.0      104.27       68.53     0.35146
20.0          92.0       44.13        43.3    0.021846
20.0          93.0       76.48       66.01     0.19346
20.0          94.0       104.6       62.01     0.35068
20.0          95.0       79.47       66.71     0.12617
20.0          96.0      103.28       46.06     0.55294
20.0          97.0        75.3        63.9     0.13411
20.0          98.0       77.69       59.66     0.26743
20.0          99.0       82.38          60     0.26513
20.0         100.0      101.16       55.47     0.50066
20.0         101.0       59.25       55.16    0.087908
20.0         102.0       90.55       74.49     0.24182
20.0         103.0       90.11       69.63     0.24392
20.0         104.0       78.81       61.59     0.23808
20.0         105.0       90.79       69.31     0.40558
20.0         106.0        90.4       66.41        0.29
20.0         107.0      102.57       70.78     0.30214
20.0         108.0       63.88       59.06    0.086952
20.0         109.0       66.15       57.04     0.17235
20.0         110.0        71.7       63.49     0.14493
20.0         111.0       51.59       41.71     0.17545
20.0         112.0       67.07       56.15     0.23605
20.0         113.0        81.1       72.84     0.12731
20.0         114.0       82.75       70.57     0.18946
20.0         115.0       60.73       58.23    0.062834
20.0         116.0       96.14       75.17     0.31315
20.0         117.0      100.64       69.38     0.33152
20.0         118.0       72.11       65.94     0.12504
20.0         119.0       65.11       57.19     0.15346
20.0         120.0       79.29       66.66     0.18772
20.0         121.0       64.29       56.17     0.13505
20.0         122.0      119.96       96.41     0.37268
20.0         123.0      100.56       78.94     0.30033
20.0         124.0       66.48       57.86     0.16118
20.0         125.0       84.47       59.12     0.33787
20.0         126.0       57.25       51.94     0.10242
20.0         127.0       72.82        62.7     0.15906
20.0         128.0       70.78       58.67     0.19858
20.0         129.0      104.87       79.18     0.44792
20.0         130.0        null        null        null
20.0         131.0       67.58       57.62     0.13779
20.0         132.0       79.24       63.57     0.26444
20.0         133.0       70.86       55.24     0.18021
20.0         134.0       89.06       53.28     0.21489
20.0         135.0       76.15       67.76     0.14097
20.0         136.0       64.32       51.08     0.20795
20.0         137.0       68.06       53.84      0.2061
20.0         138.0      131.55       61.79     0.47234
20.0         139.0       68.98       46.64     0.23082
20.0         140.0       129.9       61.83     0.40462
20.0         141.0       70.27       64.93     0.10147
20.0         142.0       87.87       61.76     0.30238
20.0         143.0        null        null        null
20.0         144.0          91       71.97     0.25962
20.0         145.0       61.44       52.45      0.1542
20.0         146.0       80.79       68.24     0.17445
20.0         147.0       54.27       51.03    0.074497
20.0         148.0      118.88       97.52     0.30406
20.0         149.0       78.75       70.39     0.13793
20.0         150.0       86.73       67.13     0.31789
20.0         151.0        null        null        null
20.0         152.0      123.86      100.66     0.21728
20.0         153.0       80.82        67.6     0.21185
20.0         154.0       75.96       62.74     0.17905
20.0         155.0        null        null        null
20.0         156.0       73.03       63.07     0.17194
20.0         157.0        null        null        null
20.0         158.0       60.69       52.68      0.1417
20.0         159.0       79.85       65.08     0.16509
20.0         160.0       74.49        66.8    0.099906
20.0         161.0       81.23       73.79     0.12104
20.0         162.0        null        null        null
20.0         163.0       67.56       62.09    0.081693
20.0         164.0       75.77       64.89     0.13157
20.0         165.0        null        null        null
20.0         166.0        null        null        null
20.0         167.0       60.41       51.86     0.19152
20.0         168.0        null        null        null
20.0         169.0      138.01       69.48     0.47825
20.0         170.0       74.03       60.42      0.1156
20.0         171.0        null        null        null
21.0           0.0       71.64        53.9     0.28876
21.0           1.0       94.26       68.44     0.27443
21.0           2.0      101.44       62.13     0.34071
21.0           3.0      105.99       87.24     0.28941
21.0           4.0       90.51       63.98     0.30782
21.0           5.0       89.39       77.62     0.19226
21.0           6.0       84.99       64.07     0.21799
21.0           7.0        null        null        null
21.0           8.0       76.55       58.83     0.22073
21.0           9.0       96.73       58.61     0.46338
21.0          10.0       74.27       50.49     0.38915
21.0          11.0       78.44       52.84     0.42835
21.0          12.0        94.3       65.36     0.31609
21.0          13.0      112.05       68.01     0.36801
21.0          14.0      119.52       64.03     0.35647
21.0          15.0      121.61       74.43     0.49096
21.0          16.0       76.59       56.75     0.22551
21.0          17.0      102.39       69.29     0.37332
21.0          18.0      107.91        77.2     0.39049
21.0          19.0      100.65       63.83     0.32054
21.0          20.0      120.89       69.14     0.37692
21.0          21.0       102.3       71.91     0.23653
21.0          22.0        79.9       62.38     0.21089
21.0          23.0       73.94       58.01     0.22656
21.0          24.0       83.18       63.25     0.25699
21.0          25.0       88.71       67.47      0.2602
21.0          26.0        92.8       67.94     0.26061
21.0          27.0       94.25       66.04     0.30668
21.0          28.0       98.98       69.62     0.30207
21.0          29.0        99.8       74.45     0.28197
21.0          30.0       60.59       55.71    0.070427
21.0          31.0       91.11       63.44     0.34927
21.0          32.0       68.29       54.48     0.17049
21.0          33.0       75.52       59.28     0.22084
21.0          34.0       93.14       67.36     0.35049
21.0          35.0       95.98        67.4     0.37576
21.0          36.0       79.62       70.34     0.14235
21.0          37.0      112.28       72.46     0.35877
21.0          38.0       78.48       59.88     0.20373
21.0          39.0       77.62       61.64      0.2058
21.0          40.0       77.36       60.58     0.26619
21.0          41.0        75.4        59.4     0.22352
21.0          42.0       84.89       67.95     0.20603
21.0          43.0       65.89       59.57    0.081467
21.0          44.0       63.65       54.26     0.12941
21.0          45.0        84.8       65.21     0.25747
21.0          46.0        73.2          63     0.15116
21.0          47.0       62.57       52.39     0.16477
21.0          48.0       63.88        56.9    0.098202
21.0          49.0       62.32       53.84     0.12248
21.0          50.0       64.55       55.61      0.1814
21.0          51.0        76.5       65.07     0.17097
21.0          52.0       75.63       60.76     0.19917
21.0          53.0       63.65       54.95     0.13727
21.0          54.0       77.17       67.32     0.12057
21.0          55.0       77.84       67.31      0.1225
21.0          56.0       71.94          58     0.17909
21.0          57.0       68.42       57.19     0.16207
21.0          58.0       71.73       62.76     0.13352
21.0          59.0       84.93       69.56     0.16633
21.0          60.0       82.33       61.53     0.26147
21.0          61.0       92.04       69.21     0.18481
21.0          62.0       76.96       58.67     0.20417
21.0          63.0       91.92        71.9     0.23397
21.0          64.0       68.66       55.48     0.16399
21.0          65.0       50.67       47.31    0.071977
21.0          66.0       75.64       63.49     0.18134
21.0          67.0        65.8       54.29     0.19145
21.0          68.0       92.63       68.77     0.26234
21.0          69.0       80.59        62.5     0.23386
21.0          70.0       64.85       55.17       0.153
21.0          71.0       74.15       66.34     0.13505
21.0          72.0       69.56       57.31       0.124
21.0          73.0       69.79       58.72     0.16039
21.0          74.0       65.52       51.25     0.22834
21.0          75.0       60.04       54.27     0.10897
21.0          76.0       63.12        55.3     0.13784
21.0          77.0       60.88       50.76     0.14709
21.0          78.0       81.44       58.27     0.24675
21.0          79.0       74.07       63.94     0.15022
21.0          80.0      109.52       53.18     0.34101
21.0          81.0        64.2       58.17    0.088671
21.0          82.0       85.87       63.96     0.23669
21.0          83.0       72.39       65.73     0.10644
21.0          84.0       64.74       55.19     0.15756
21.0          85.0       48.92       45.87    0.086827
21.0          86.0       64.48       57.55     0.11681
21.0          87.0        58.8       51.55     0.11326
21.0          88.0       66.49       56.74      0.1655
21.0          89.0      140.52        67.2     0.55001
21.0          90.0       99.92       63.42     0.40599
21.0          91.0       69.72       63.28     0.11314
21.0          92.0       115.5       64.08     0.45045
21.0          93.0      121.71       77.25     0.48388
21.0          94.0       80.61       69.96     0.14996
21.0          95.0       103.5       72.03     0.37178
21.0          96.0       98.64       56.52     0.33353
21.0          97.0       71.34       63.64     0.13717
21.0          98.0       74.52       63.36     0.19074
21.0          99.0       65.93       52.18     0.21661
21.0         100.0        null        null        null
21.0         101.0       94.74       58.66     0.34003
21.0         102.0       94.13       65.11     0.31995
21.0         103.0       71.82       59.11     0.12322
21.0         104.0       89.09       76.63     0.18231
21.0         105.0       55.58       51.29     0.13176
21.0         106.0       67.53       57.03     0.16938
21.0         107.0      121.04       94.32     0.37417
21.0         108.0       70.94        65.9    0.091281
21.0         109.0      145.78       68.65      0.4734
21.0         110.0       75.98       62.69     0.20755
21.0         111.0       78.17       66.89     0.15531
21.0         112.0        null        null        null
21.0         113.0      111.12       80.58     0.35692
21.0         114.0       58.44        53.8    0.087303
21.0         115.0       81.66       64.41     0.14193
21.0         116.0      106.66       73.87     0.32922
21.0         117.0       81.93       69.27     0.17691
21.0         118.0       119.6       71.21     0.47989
21.0         119.0       54.31        49.4     0.12506
21.0         120.0       70.03       57.31      0.2268
21.0         121.0       96.73       58.42     0.32588
21.0         122.0      102.59       78.03     0.29795
21.0         123.0       69.72       65.68    0.070573
21.0         124.0       52.38       49.44    0.063627
21.0         125.0       84.37       64.05     0.25375
21.0         126.0       72.66       58.92     0.18745
21.0         127.0       59.54       45.94     0.25839
21.0         128.0       67.22       61.82    0.087915
21.0         129.0        null        null        null
21.0         130.0       71.18       60.86     0.20141
21.0         131.0       42.72       42.84  -0.0066397
21.0         132.0       83.59       70.68     0.17097
21.0         133.0       89.21       67.76     0.32788
21.0         134.0       80.44       63.31     0.19225
21.0         135.0       84.37        66.9     0.22308
21.0         136.0       68.76       62.74    0.072239
21.0         137.0        83.2       71.91     0.16732
21.0         138.0       71.15       64.25     0.11955
21.0         139.0       74.07       60.15     0.22381
21.0         140.0       75.19       64.42     0.20286
21.0         141.0       76.15       65.27      0.1053
21.0         142.0        null        null        null
21.0         143.0       73.64       62.46      0.1414
21.0         144.0       70.07       60.95     0.13707
21.0         145.0        66.9       59.55     0.15493
21.0         146.0       77.45       65.59      0.1298
21.0         147.0       65.77       61.77    0.078709
21.0         148.0       77.16       62.68     0.20219
21.0         149.0       97.33       73.05     0.15361
21.0         150.0        54.6        49.9     0.10606
22.0           0.0       91.58       68.26     0.28136
22.0           1.0      109.91       82.18     0.32781
22.0           2.0       87.08       71.86     0.23183
22.0           3.0       84.63       59.34     0.21133
22.0           4.0       98.38       73.89     0.28442
22.0           5.0        null        null        null
22.0           6.0        null        null        null
22.0           7.0       86.39       60.95     0.28197
22.0           8.0        null        null        null
22.0           9.0        null        null        null
22.0          10.0       74.02       60.39      0.1533
22.0          11.0      116.99       83.55     0.36455
22.0          12.0       92.79       68.82     0.21764
22.0          13.0       98.57       64.18     0.32432
22.0          14.0      100.49       63.98     0.32525
22.0          15.0      137.23       76.16     0.40318
22.0          16.0      101.17       65.12      0.3787
22.0          17.0       67.12        55.1     0.18483
22.0          18.0      114.69       64.16     0.31685
22.0          19.0      117.86       64.61     0.41439
22.0          20.0       77.89       57.78     0.21839
22.0          21.0      107.54       63.83     0.27997
22.0          22.0      110.52       78.85     0.31972
22.0          23.0       90.81       65.54     0.28788
22.0          24.0       81.78       55.63     0.23737
22.0          25.0       89.25       67.23     0.24582
22.0          26.0       90.96       67.52       0.264
22.0          27.0        92.4       64.46     0.25395
22.0          28.0      120.34       42.49     0.50523
22.0          29.0       93.56       68.26     0.32099
22.0          30.0       92.28       61.52     0.25536
22.0          31.0       57.28       49.96     0.10348
22.0          32.0       82.68       59.98     0.24346
22.0          33.0      118.91       93.77      0.2731
22.0          34.0       80.41       54.44      0.2825
22.0          35.0       89.63       67.34     0.31327
22.0          36.0       64.49       53.92     0.12764
22.0          37.0       81.21       65.84     0.22088
22.0          38.0       87.45       61.25     0.16955
22.0          39.0       82.34       59.28     0.23848
22.0          40.0       83.14       67.98     0.25152
22.0          41.0       55.81       48.58     0.11405
22.0          42.0       82.27       65.66     0.25497
22.0          43.0       51.81       47.49    0.094239
22.0          44.0       82.46        67.9     0.21052
22.0          45.0       64.08       54.69     0.15241
22.0          46.0       68.97       63.94    0.068823
22.0          47.0       65.11       57.42     0.10109
22.0          48.0       60.11       50.63     0.14075
22.0          49.0       68.45       56.91     0.17556
22.0          50.0       67.17       54.46     0.18443
22.0          51.0       61.08       52.11     0.12568
22.0          52.0       58.63       52.84     0.10859
22.0          53.0       65.25       53.75      0.1634
22.0          54.0       74.44       64.01     0.15943
22.0          55.0       58.88       53.16    0.095016
22.0          56.0       61.56       55.54    0.090097
22.0          57.0       77.35        64.4     0.17186
22.0          58.0       59.25       52.37     0.10268
22.0          59.0       70.76       59.99     0.17169
22.0          60.0       74.04       61.81     0.17006
22.0          61.0          60       48.01     0.17337
22.0          62.0       59.08        51.9    0.095199
22.0          63.0       67.95       58.47     0.13958
22.0          64.0       60.86       54.64    0.097808
22.0          65.0       67.98       59.38     0.12103
22.0          66.0        80.6       60.75      0.2209
22.0          67.0       65.55          59     0.12742
22.0          68.0       72.38       56.92     0.17954
22.0          69.0       87.91       66.28     0.18211
22.0          70.0       61.29       50.53     0.12232
22.0          71.0       67.76       55.13     0.19063
22.0          72.0       70.82       61.61     0.13258
22.0          73.0       60.45       50.46     0.11332
22.0          74.0       69.84          57     0.18498
22.0          75.0       78.71        60.6     0.21623
22.0          76.0       68.21       53.47     0.16804
22.0          77.0        67.2       56.94     0.14429
22.0          78.0       72.85       66.15    0.092524
22.0          79.0       64.69        54.3     0.16558
22.0          80.0       68.09       60.24     0.13037
22.0          81.0       72.67       62.65     0.20359
22.0          82.0        64.8       57.88     0.10448
22.0          83.0       68.54       61.97     0.15042
22.0          84.0       50.87       46.35    0.095525
22.0          85.0       72.36       58.11     0.17501
22.0          86.0       97.05       67.56     0.37939
22.0          87.0       73.98       64.19      0.1615
22.0          88.0       72.99       59.91     0.19597
22.0          89.0       112.5       61.83     0.34473
22.0          90.0       62.99       55.26     0.11855
22.0          91.0       63.87       54.73     0.12881
22.0          92.0      114.75       71.74     0.39068
22.0          93.0       65.07       55.15     0.14093
22.0          94.0       54.36       49.49    0.091359
22.0          95.0       91.69       59.23     0.35565
22.0          96.0       61.72       53.43     0.12912
22.0          97.0       88.69       55.83     0.32095
22.0          98.0       62.96       57.49    0.096739
22.0          99.0      133.07       95.49     0.59832
22.0         100.0      115.75       71.32     0.54698
22.0         101.0         108       56.12     0.42184
22.0         102.0       74.52       61.75     0.16773
22.0         103.0      100.65       69.35     0.32149
22.0         104.0       71.54       63.31     0.14089
22.0         105.0        99.8       68.64     0.23969
22.0         106.0       83.72       61.04     0.26655
22.0         107.0       64.53       51.43     0.18908
22.0         108.0       70.21       59.37     0.18352
22.0         109.0          76       63.41     0.16131
22.0         110.0       69.63       60.82     0.13094
22.0         111.0       88.23       63.65      0.2838
22.0         112.0       96.27        68.5     0.30308
22.0         113.0       62.53       50.03     0.22525
22.0         114.0       94.98       70.92     0.31685
22.0         115.0      103.36       69.43     0.32184
22.0         116.0       89.27       80.31      0.1478
22.0         117.0       79.74       63.77     0.20673
22.0         118.0       85.55       67.95     0.22335
22.0         119.0       80.27       59.45     0.29039
22.0         120.0       78.55       65.46     0.18952
22.0         121.0        67.3       56.93     0.17666
22.0         122.0      113.45       86.96      0.3505
22.0         123.0       73.03       58.55     0.20898
22.0         124.0       86.36       59.66     0.18563
22.0         125.0       49.34       46.87    0.061055
22.0         126.0       88.41       59.14      0.3532
22.0         127.0      107.35       74.39     0.35779
22.0         128.0       63.55        57.8     0.11441
22.0         129.0       83.47       70.35     0.17465
22.0         130.0       74.88       62.31     0.16625
22.0         131.0      136.42       57.64     0.29397
22.0         132.0       87.74       73.45     0.23135
22.0         133.0       88.86        70.1     0.24685
22.0         134.0        65.4       61.29    0.074466
22.0         135.0      100.01        67.1     0.43659
22.0         136.0       51.88       49.32    0.051267
22.0         137.0       82.43       70.29     0.18375
22.0         138.0       59.01       47.61     0.20791
22.0         139.0        null        null        null
22.0         140.0       89.03          71     0.21828
22.0         141.0      100.98       69.63     0.38487
22.0         142.0          92       70.76     0.22945
22.0         143.0        null        null        null
22.0         144.0       79.57       69.84     0.15523
22.0         145.0       75.47        61.9     0.18688
22.0         146.0       70.53       63.26     0.14222
22.0         147.0       96.42       78.23     0.28598
22.0         148.0       61.86       54.78     0.14753
22.0         149.0       60.42        54.9    0.094241
22.0         150.0       70.56       63.43     0.10934
22.0         151.0        null        null        null
22.0         152.0       46.71       45.96    0.018321
22.0         153.0       76.24       66.79     0.13993
22.0         154.0       65.68       60.76    0.099345
22.0         155.0       47.68       45.15    0.059101
22.0         156.0        null        null        null
22.0         157.0       86.26       74.86     0.18441
22.0         158.0      103.33       86.92     0.27975
22.0         159.0       68.65       62.97     0.10681
22.0         160.0       50.12        41.5      0.1959
22.0         161.0       62.51       58.74    0.063707
22.0         162.0       60.12        56.7    0.063272
22.0         163.0       89.81       51.61     0.24371
22.0         164.0       77.22       65.92      0.1532
22.0         165.0       82.94        65.8     0.16422
22.0         166.0       80.34       67.12     0.18972
22.0         167.0       60.88       56.43    0.070495
22.0         168.0       97.62       74.34     0.29574
22.0         169.0        52.5       43.57     0.22632
22.0         170.0       68.22       42.83     0.36721
22.0         171.0        69.7        59.5     0.12882
22.0         172.0       76.08       66.62     0.15594
22.0         173.0       75.38       61.74     0.20488
22.0         174.0       80.04       66.58     0.21348
22.0         175.0       80.11       69.76     0.17478
22.0         176.0       75.49       64.05      0.1845
22.0         177.0       78.65       62.24     0.23326
22.0         178.0       71.29       61.91     0.16446
22.0         179.0       77.17        64.6     0.18387
22.0         180.0        75.5       65.49     0.12992
24.0           0.0       57.58       52.63     0.10841
24.0           1.0       72.58       63.43     0.14227
24.0           2.0       50.12       48.47    0.042884
24.0           3.0       55.78       50.54     0.11339
24.0           4.0       80.24       64.42     0.26032
24.0           5.0       49.75       49.23     0.01161
24.0           6.0       53.01       52.11    0.020796
24.0           7.0       56.08       57.03   -0.027668
24.0           8.0          55       52.26    0.063572
24.0           9.0       64.97       58.17      0.1316
24.0          10.0       65.88       55.82     0.16228
24.0          11.0       83.37       61.32     0.22128
24.0          12.0       52.46       50.56    0.032923
24.0          13.0       54.49       52.18    0.053386
24.0          14.0      106.57       84.52     0.25775
24.0          15.0      105.98       76.83      0.3931
24.0          16.0       53.89       50.85    0.064692
24.0          17.0        58.5       49.59     0.17281
24.0          18.0       76.04        62.1      0.1882
24.0          19.0       58.96       58.26     0.01529
24.0          20.0       61.54        58.6    0.065449
24.0          21.0      103.56       63.55     0.46653
24.0          22.0      108.16       76.23     0.29352
24.0          23.0       78.29       63.38     0.20849
24.0          24.0        null        null        null
24.0          25.0       51.06       44.28     0.19153
24.0          26.0       60.09       50.75     0.18284
24.0          27.0       85.48       62.54     0.32218
24.0          28.0       78.93       68.66    0.096014
24.0          29.0       74.35       64.26     0.15116
24.0          30.0       93.28       74.81      0.2454
24.0          31.0       63.47       49.76     0.23149
24.0          32.0       46.69       42.89    0.093994
24.0          33.0       58.06       64.84    -0.18062
24.0          34.0       85.18       76.51     0.17232
24.0          35.0      101.89       77.47     0.32154
24.0          36.0        51.9       45.62     0.12464
24.0          37.0       74.16       64.83     0.19391
24.0          38.0        92.2       61.95     0.29629
24.0          39.0       52.43       51.69     0.02073
24.0          40.0       74.26        61.8     0.27918
24.0          41.0        null        null        null
24.0          42.0      100.65       75.12      0.3156
24.0          43.0       95.54       73.41     0.35232
24.0          44.0       80.66        59.6     0.27962
24.0          45.0      107.85       64.15     0.36845
24.0          46.0        86.6       68.24     0.30719
24.0          47.0       63.23       50.65     0.21621
24.0          48.0       48.92       46.34    0.058352
24.0          49.0        46.8       42.21     0.12351
24.0          50.0       55.55        53.8    0.038619
24.0          51.0      106.46          57     0.36311
24.0          52.0       64.69       49.62     0.20398
24.0          53.0        77.3       48.58     0.32366
24.0          54.0       74.02       47.08     0.33567
24.0          55.0       65.47       52.59     0.22378
24.0          56.0       40.51        39.9    0.014547
24.0          57.0       85.78       68.23     0.24602
24.0          58.0       70.63       61.79     0.15676
24.0          59.0       82.44       61.89     0.39483
24.0          60.0       68.83       58.44     0.18902
24.0          61.0       76.08       61.81     0.20722
24.0          62.0       75.74       62.91     0.18266
24.0          63.0        null        null        null
24.0          64.0       83.41       60.95     0.21482
24.0          65.0       85.83       76.58     0.18868
24.0          66.0       40.32       40.63   -0.012545
24.0          67.0       58.51       53.01    0.070298
24.0          68.0       40.07       39.45    0.019928
24.0          69.0       44.56       45.23    -0.02251
24.0          70.0       94.68       77.17     0.28687
24.0          71.0       59.48        54.4    0.098643
24.0          72.0       50.63       48.12    0.042565
24.0          73.0      111.59       87.35      0.2486
24.0          74.0       56.52       52.26    0.079211
24.0          75.0        null        null        null
24.0          76.0       45.72        44.4    0.038634
24.0          77.0       66.29       51.16     0.25424
24.0          78.0       44.12       44.27     -0.0124
24.0          79.0       62.63       53.24     0.18865
24.0          80.0       60.23       55.71    0.092297
24.0          81.0       52.66       47.12     0.11083
24.0          82.0       83.87       58.71     0.21053
24.0          83.0       82.83       60.06     0.19834
24.0          84.0       48.52       43.87     0.10079
24.0          85.0       49.19        47.4    0.047866
24.0          86.0       68.44       62.22     0.11163
24.0          87.0       82.13        58.7     0.24454
24.0          88.0       86.71       73.83     0.16003
24.0          89.0       48.39       45.21    0.080333
24.0          90.0        40.7       40.57   0.0047872
24.0          91.0       48.19       44.19     0.11122
24.0          92.0       47.55       44.76    0.083157
24.0          93.0       65.49       55.14     0.13985
24.0          94.0       48.07       44.26    0.087903
24.0          95.0       40.27       40.07  0.00063499
24.0          96.0       71.69       67.94    0.084046
24.0          97.0        52.9       44.88     0.13629
24.0          98.0       48.93       44.95    0.095425
24.0          99.0        null        null        null
24.0         100.0       43.75        43.2   0.0082475
24.0         101.0       54.96       54.39    0.044352
24.0         102.0       47.51       44.98    0.052288
24.0         103.0       57.65       55.21    0.039244
24.0         104.0       52.64       50.63    0.021708
24.0         105.0       59.95       55.02     0.12078
24.0         106.0        null        null        null
24.0         107.0       55.69       53.73    0.028525
24.0         108.0       69.66       57.57     0.21064
24.0         109.0        null        null        null
24.0         110.0        null        null        null
24.0         111.0       46.75       41.86    0.090318
24.0         112.0       47.61       43.58     0.10493
24.0         113.0       65.75       47.73     0.27111
24.0         114.0        null        null        null
24.0         115.0        null        null        null
24.0         116.0       61.77       58.09    0.050683
24.0         117.0         135       50.95     0.55612
24.0         118.0       61.33       53.69     0.16549
24.0         119.0       72.31       66.67     0.10217
24.0         120.0       65.24       53.15     0.19864
24.0         121.0       52.38       42.93     0.20482
24.0         122.0        null        null        null
24.0         123.0       78.75       72.78     0.10438
24.0         124.0       45.66       46.68   -0.037093
24.0         125.0        52.9       49.28     0.08679
24.0         126.0       48.34       47.18    0.031692
24.0         127.0        null        null        null
24.0         128.0          56       54.51    0.033455
24.0         129.0       49.48       49.92   -0.011529
24.0         130.0       48.73       42.75     0.13533
24.0         131.0        44.2       39.04      0.1593
24.0         132.0       39.88       38.74    0.039813
24.0         133.0       56.33       50.75     0.12138
24.0         134.0       53.06       49.07     0.10537
24.0         135.0       41.53        39.2    0.074783
24.0         136.0       59.42       50.15     0.20028
24.0         137.0        null        null        null
24.0         138.0        null        null        null
24.0         139.0       51.42       49.68    0.047577
24.0         140.0       43.01       43.19   -0.007875
24.0         141.0        50.1        49.2    0.019354
24.0         142.0        61.5       58.77    0.057925
24.0         143.0       38.59       40.41    -0.07008
24.0         144.0        null        null        null
24.0         145.0       70.77       66.59    0.099652
24.0         146.0        null        null        null
24.0         147.0        null        null        null
24.0         148.0       63.74       58.72    0.099018
24.0         149.0       42.83       43.16  -0.0020778
24.0         150.0       74.64       59.59     0.30772
24.0         151.0       57.53       54.53    0.067608
24.0         152.0        null        null        null
24.0         153.0        null        null        null
24.0         154.0       47.28       50.06   -0.080108
24.0         155.0        null        null        null
24.0         156.0        null        null        null
24.0         157.0        null        null        null
25.0           0.0       62.23       54.73     0.14587
25.0           1.0       57.53        51.8     0.10862
25.0           2.0       57.73       57.84  -0.0047672
25.0           3.0       56.02       49.92     0.14553
25.0           4.0       62.09        50.7     0.19093
25.0           5.0        60.9       54.39     0.14316
25.0           6.0       53.38       42.84     0.22595
25.0           7.0       53.05       47.94    0.093352
25.0           8.0       50.24       47.92    0.066892
25.0           9.0       55.33       57.94   -0.076883
25.0          10.0        72.4       63.27     0.17377
25.0          11.0      100.98       84.42     0.23418
25.0          12.0          86       65.37     0.24934
25.0          13.0       64.61       54.81     0.18429
25.0          14.0        null        null        null
25.0          15.0      106.72       71.36     0.31436
25.0          16.0      111.18        65.5     0.33659
25.0          17.0       77.37       49.51     0.42859
25.0          18.0       76.73       62.65     0.20267
25.0          19.0       39.05       33.09      0.2231
25.0          20.0       69.44        45.9     0.26058
25.0          21.0        null        null        null
25.0          22.0       69.32       55.38     0.24061
25.0          23.0       55.98       48.02     0.14453
25.0          24.0        null        null        null
25.0          25.0        42.7       45.55    -0.10002
25.0          26.0      106.03       65.95     0.38631
25.0          27.0       51.44       39.24     0.30496
25.0          28.0       45.56       45.57   -0.010005
25.0          29.0        null        null        null
25.0          30.0        null        null        null
25.0          31.0       55.77       52.69    0.060517
25.0          32.0      123.02       85.24     0.43946
25.0          33.0        null        null        null
25.0          34.0       40.26       40.49  -0.0076454
25.0          35.0        null        null        null
25.0          36.0        86.7       66.27     0.31183
25.0          37.0        null        null        null
25.0          38.0       72.58       54.21      0.2355
25.0          39.0       68.24       47.62     0.33309
25.0          40.0       92.17        70.2      0.2942
25.0          41.0       87.07       66.99     0.28766
25.0          42.0       66.96       47.82     0.22467
25.0          43.0       71.73       58.38     0.21454
25.0          44.0        null        null        null
25.0          45.0        null        null        null
25.0          46.0        null        null        null
25.0          47.0       83.78       71.82     0.17359
25.0          48.0       44.59       43.17    0.058139
25.0          49.0       63.76       50.69     0.24895
25.0          50.0       98.11       48.69     0.32384
25.0          51.0       91.55       62.14     0.33781
25.0          52.0       70.41       66.24    0.070623
25.0          53.0       64.95       58.25     0.14697
25.0          54.0        null        null        null
25.0          55.0        null        null        null
25.0          56.0       72.02       61.29     0.16346
25.0          57.0          54       43.15     0.25057
25.0          58.0       72.34       57.73     0.21894
25.0          59.0       57.87       56.79     0.02611
25.0          60.0       46.06        43.2    0.078854
25.0          61.0       58.81       52.36     0.09851
25.0          62.0        null        null        null
25.0          63.0       63.12       55.96     0.13552
25.0          64.0       45.77       43.17    0.071089
25.0          65.0       62.97       58.51    0.091979
25.0          66.0       98.58       58.63     0.43071
25.0          67.0       47.95       45.84    0.058107
25.0          68.0       60.41       55.89     0.11101
25.0          69.0       60.74       48.29     0.18504
25.0          70.0       53.58       50.76    0.074881
25.0          71.0       51.02       45.16     0.14951
25.0          72.0       50.02       46.72    0.078206
25.0          73.0       42.33       41.73    0.018541
25.0          74.0       65.28        57.9     0.12618
25.0          75.0       47.15       44.54    0.075632
25.0          76.0       60.85       56.01     0.10501
25.0          77.0       56.78       53.33    0.074347
25.0          78.0       46.45       44.03    0.075886
25.0          79.0       52.58       51.28    0.028848
25.0          80.0       60.77       58.34     0.05026
25.0          81.0       49.26       45.93    0.076705
25.0          82.0       45.91       45.16    0.010211
25.0          83.0       66.95       59.23     0.10289
25.0          84.0       47.02       46.62   0.0057333
25.0          85.0       40.46       39.67    0.026468
25.0          86.0       40.68       40.79  -0.0062939
25.0          87.0       61.65       58.29    0.087372
25.0          88.0       59.28       59.17   0.0030822
25.0          89.0       61.63       53.95     0.14132
25.0          90.0       77.14       66.11     0.15183
25.0          91.0       44.79        42.3    0.069684
25.0          92.0       48.91       45.84     0.07786
25.0          93.0        null        null        null
25.0          94.0       50.85       49.05    0.039469
25.0          95.0       53.23        53.1   0.0028299
25.0          96.0       60.75       51.11     0.20686
25.0          97.0       74.05       55.85      0.2943
25.0          98.0       45.66       44.41     0.03941
25.0          99.0       67.77       43.23     0.32334
25.0         100.0       55.96       47.45      0.1943
25.0         101.0       55.71       41.25     0.29178
25.0         102.0        48.6       43.68     0.11055
25.0         103.0       63.51       56.35     0.14137
25.0         104.0       80.39       67.17     0.19776
25.0         105.0       66.99       54.82     0.13977
25.0         106.0       44.73       41.92    0.084648
25.0         107.0        null        null        null
25.0         108.0        40.2        40.6   -0.012981
25.0         109.0       57.03       55.65    0.022887
25.0         110.0       90.71       68.75     0.29629
25.0         111.0       84.05       58.99     0.33659
25.0         112.0       48.35       46.93    0.031972
25.0         113.0       62.71       49.84     0.30966
25.0         114.0       51.64       47.94    0.098243
25.0         115.0        40.3       39.72    0.017646
25.0         116.0       89.88       68.06     0.29207
25.0         117.0       57.87       53.73    0.074595
25.0         118.0       49.54       48.32    0.027279
25.0         119.0        null        null        null
25.0         120.0       55.46       51.05     0.12438
25.0         121.0       50.81       43.96     0.16543
25.0         122.0       87.68       67.54     0.13596
25.0         123.0       69.27       61.17     0.14444
25.0         124.0       76.37       70.45      0.1244
25.0         125.0        57.4       56.84   0.0091212
25.0         126.0       58.54       52.76     0.14438
25.0         127.0       45.32       45.39  -0.0032696
25.0         128.0       56.84       54.65    0.045972
25.0         129.0       53.46       48.36     0.12555
25.0         130.0       53.63       52.95     0.02021
25.0         131.0       42.85       42.48    0.011452
25.0         132.0       84.87       87.58   -0.079161
25.0         133.0        94.6       87.29     0.15863
25.0         134.0        null        null        null
25.0         135.0       52.61       48.83    0.098146
25.0         136.0       61.69       61.22     0.01208
25.0         137.0       62.71       59.16    0.058613
25.0         138.0        61.8       59.17    0.064242
25.0         139.0        null        null        null
25.0         140.0        null        null        null
25.0         141.0       41.89        42.7   -0.027688
25.0         142.0       73.87       60.78     0.19876
26.0           0.0       48.63       46.57     0.05053
26.0           1.0        65.1       61.68     0.10093
26.0           2.0       61.15       54.19    0.083669
26.0           3.0       61.01       54.57     0.12231
26.0           4.0       66.49       58.15     0.17222
26.0           5.0       53.31       47.37     0.14515
26.0           6.0       59.13       53.55     0.11354
26.0           7.0       49.45        46.8    0.072888
26.0           8.0       55.28       57.33   -0.065787
26.0           9.0       60.68       52.64     0.15953
26.0          10.0       75.63       60.12     0.23238
26.0          11.0       70.22       60.92     0.15582
26.0          12.0       51.57       51.41   0.0053199
26.0          13.0      114.58       48.16     0.39181
26.0          14.0       70.61       63.37     0.11172
26.0          15.0       68.84       65.55    0.079001
26.0          16.0       72.52       54.04      0.2789
26.0          17.0       67.44       53.82     0.25993
26.0          18.0        null        null        null
26.0          19.0       76.92        63.1     0.25006
26.0          20.0       47.79       46.98    0.020835
26.0          21.0       78.48       65.23     0.22123
26.0          22.0        null        null        null
26.0          23.0       88.63       77.69     0.16747
26.0          24.0      106.31       85.68      0.3327
26.0          25.0        null        null        null
26.0          26.0       87.83       77.26      0.1888
26.0          27.0        70.8       64.13     0.12137
26.0          28.0       45.92       45.69   0.0076537
26.0          29.0        null        null        null
26.0          30.0       93.22          59     0.38653
26.0          31.0       68.44       52.04     0.26579
26.0          32.0        null        null        null
26.0          33.0        null        null        null
26.0          34.0        67.6       63.42    0.079905
26.0          35.0       91.84       61.85     0.42833
26.0          36.0       84.01       66.05     0.27472
26.0          37.0       95.97       62.01     0.33706
26.0          38.0      101.13       58.47     0.36271
26.0          39.0        null        null        null
26.0          40.0        null        null        null
26.0          41.0       80.26       62.46     0.22823
26.0          42.0      139.23       60.92     0.50282
26.0          43.0        null        null        null
26.0          44.0        null        null        null
26.0          45.0       80.67        52.5     0.34122
26.0          46.0       69.59       64.91    0.087261
26.0          47.0      113.94       72.47     0.40791
26.0          48.0       47.61       45.13    0.067381
26.0          49.0       80.91       53.43     0.31366
26.0          50.0      122.75       97.78     0.34464
26.0          51.0      119.93       74.65     0.39517
26.0          52.0       69.08       62.47     0.10248
26.0          53.0       57.42       50.89     0.13998
26.0          54.0       60.49       54.76     0.10161
26.0          55.0       79.69       57.35     0.25712
26.0          56.0       55.05       52.54    0.062484
26.0          57.0       62.09        55.2     0.12757
26.0          58.0       57.67        43.9     0.30152
26.0          59.0        56.7       52.79    0.093522
26.0          60.0       75.58       57.34     0.24655
26.0          61.0        null        null        null
26.0          62.0       46.52       42.99    0.097302
26.0          63.0       54.62       55.78   0.0020487
26.0          64.0       97.37       66.93     0.31548
26.0          65.0       68.43       53.97     0.24317
26.0          66.0       52.45        48.2    0.090924
26.0          67.0       47.09       45.83    0.033355
26.0          68.0       44.88       44.54   0.0070993
26.0          69.0        51.1          47     0.10162
26.0          70.0       72.52       64.24     0.15492
26.0          71.0       54.29       53.62    0.004492
26.0          72.0       48.87       48.66   0.0040302
26.0          73.0       75.47       60.11     0.32078
26.0          74.0       46.75        44.3    0.072565
26.0          75.0       59.52        57.8    0.036134
26.0          76.0       51.63       42.04     0.19024
26.0          77.0       42.84       40.94    0.057717
26.0          78.0       49.94       43.59     0.15087
26.0          79.0       64.01       53.66     0.22797
26.0          80.0       71.65       62.38     0.14757
26.0          81.0       48.94       47.38    0.039822
26.0          82.0       86.74       72.44     0.26818
26.0          83.0        73.1       51.74     0.26008
26.0          84.0       45.71       44.65    0.033003
26.0          85.0       44.38        43.7    0.020179
26.0          86.0       40.68       43.63   -0.092501
26.0          87.0       48.73       47.43    0.040992
26.0          88.0       80.22       55.12     0.32328
26.0          89.0       63.45       58.69     0.11752
26.0          90.0        null        null        null
26.0          91.0       47.17       47.24  -0.0031903
26.0          92.0        55.5       51.31      0.1365
26.0          93.0        null        null        null
26.0          94.0        44.5       40.87      0.1043
26.0          95.0       72.84       48.75     0.28357
26.0          96.0       56.85       53.47    0.087697
26.0          97.0        null        null        null
26.0          98.0       48.23       46.97     0.03878
26.0          99.0       50.02       41.06     0.25765
26.0         100.0       53.93       50.14    0.091198
26.0         101.0       48.27       41.87     0.20341
26.0         102.0       47.52       46.07    0.043037
26.0         103.0       40.24       40.19   0.0022238
26.0         104.0       55.59       49.66     0.17339
26.0         105.0       55.82        53.2    0.069407
26.0         106.0       44.81       43.45    0.038529
26.0         107.0       79.15        68.6     0.17706
26.0         108.0       70.89       73.45   -0.053115
26.0         109.0       59.58       57.31    0.057509
26.0         110.0       45.58       42.54    0.089798
26.0         111.0       60.54       50.35     0.15028
26.0         112.0       88.49       73.95     0.23413
26.0         113.0       55.05       52.48    0.062961
26.0         114.0       49.77       44.39     0.13833
26.0         115.0       62.02       60.97    0.025081
26.0         116.0       64.69       60.41     0.10599
26.0         117.0        null        null        null
26.0         118.0       48.56       49.59   -0.029528
26.0         119.0       55.41       53.98    0.039334
26.0         120.0       56.61       50.44      0.1513
26.0         121.0       61.18       52.14     0.19929
26.0         122.0       53.24       51.32    0.045888
26.0         123.0       53.69       52.18    0.039352
26.0         124.0       84.55       76.95     0.11205
26.0         125.0       41.75       41.72    0.001571
26.0         126.0       69.71       61.81     0.14601
26.0         127.0        null        null        null
26.0         128.0       67.86       55.82     0.26784
26.0         129.0       51.52       47.58     0.11987
26.0         130.0       54.35       46.41     0.18045
26.0         131.0       65.17       55.75      0.2522
26.0         132.0       52.66       53.45    -0.02123
26.0         133.0        null        null        null
26.0         134.0       41.94       42.91   -0.033771
26.0         135.0       49.06       43.91     0.12276
26.0         136.0       49.93       51.16   -0.037009
26.0         137.0       51.23       44.99     0.12836
26.0         138.0       49.77       50.89   -0.029825
26.0         139.0       44.04       46.24   -0.067859
26.0         140.0       48.34       50.19   -0.050523
26.0         141.0        null        null        null
27.0           0.0       48.26       52.16    -0.12313
27.0           1.0       54.34       48.07      0.1256
27.0           2.0       63.33       55.36     0.14417
27.0           3.0       45.57       48.58    -0.12263
27.0           4.0       62.68       50.95     0.22459
27.0           5.0       76.27       59.12     0.20865
27.0           6.0        62.9       53.88     0.19714
27.0           7.0       64.12       58.06     0.11757
27.0           8.0       65.79       63.41    0.037426
27.0           9.0       60.05       53.83    0.097474
27.0          10.0       50.27       46.14     0.11861
27.0          11.0       76.81        52.2     0.25249
27.0          12.0      123.22       73.74     0.45126
27.0          13.0        72.4       59.74     0.20606
27.0          14.0        null        null        null
27.0          15.0        null        null        null
27.0          16.0       35.89       41.06    -0.21555
27.0          17.0       43.92       40.55     0.11015
27.0          18.0       67.08       61.67     0.10137
27.0          19.0        null        null        null
27.0          20.0       71.33       59.59     0.11771
27.0          21.0       42.22       43.37   -0.037743
27.0          22.0        null        null        null
27.0          23.0       59.48       43.21     0.28313
27.0          24.0       57.04       56.82  -0.0010844
27.0          25.0       53.05       50.46    0.052661
27.0          26.0       62.72       64.25   -0.026157
27.0          27.0        51.8       45.05     0.15995
27.0          28.0      102.85       51.71     0.42961
27.0          29.0       96.38       78.67     0.30262
27.0          30.0       83.34       54.47     0.31964
27.0          31.0        75.2       67.53     0.10607
27.0          32.0        null        null        null
27.0          33.0       67.51       57.53     0.13937
27.0          34.0       78.66       60.92     0.34877
27.0          35.0       52.75       44.03     0.18622
27.0          36.0       60.27       56.16    0.070706
27.0          37.0        null        null        null
27.0          38.0        81.4       46.19     0.21435
27.0          39.0        55.4       45.21      0.2669
27.0          40.0        59.5       47.77      0.2084
27.0          41.0       43.82          44   -0.011266
27.0          42.0       64.84       58.23     0.11713
27.0          43.0       74.83       62.59     0.15345
27.0          44.0       80.68        48.9     0.36463
27.0          45.0       64.66       60.68    0.080372
27.0          46.0        44.1       44.45   -0.012628
27.0          47.0       67.46        52.8     0.17341
27.0          48.0       79.33       81.95   -0.055199
27.0          49.0       63.05       60.02    0.056781
27.0          50.0       95.07       75.46     0.27154
27.0          51.0        64.9       59.66    0.080581
27.0          52.0      102.35       75.61     0.31283
27.0          53.0       52.69       52.16    0.014393
27.0          54.0       59.25        55.4    0.072553
27.0          55.0       47.83       47.13    0.027289
27.0          56.0        49.9       49.92  -0.0018422
27.0          57.0       50.53       48.77    0.048274
27.0          58.0        42.5       35.41     0.22846
27.0          59.0       55.76       48.06      0.1632
27.0          60.0       54.44       48.01    0.092989
27.0          61.0       44.54       44.46  -0.0077886
27.0          62.0       43.86        42.4    0.043834
27.0          63.0        63.8       54.68     0.14362
27.0          64.0       44.08       43.97  -0.0034819
27.0          65.0       74.67       53.24     0.27812
27.0          66.0       62.41       56.95      0.1198
27.0          67.0        50.9       47.22    0.083971
27.0          68.0       71.63       58.14     0.12904
27.0          69.0       40.02       41.78   -0.064838
27.0          70.0       72.32       62.12      0.1776
27.0          71.0       64.13       57.61     0.13026
27.0          72.0       41.48       40.79    0.023626
27.0          73.0       47.29        46.3    0.023091
27.0          74.0        null        null        null
27.0          75.0       50.61       45.67      0.1138
27.0          76.0       43.45       42.17    0.030646
27.0          77.0       46.61       38.68     0.21982
27.0          78.0       47.29       50.11   -0.079686
27.0          79.0       50.86       43.57     0.22587
27.0          80.0       44.09       42.55    0.046296
27.0          81.0       59.35        55.4      0.1273
27.0          82.0       53.57       46.22     0.18763
27.0          83.0        null        null        null
27.0          84.0       49.99       50.69   -0.015191
27.0          85.0       51.17       46.04     0.11952
27.0          86.0        48.6       47.15    0.037161
27.0          87.0       50.93       48.67    0.056383
27.0          88.0       58.95       51.53     0.17529
27.0          89.0       55.85       50.76     0.13889
27.0          90.0       63.71       60.94    0.049877
27.0          91.0       56.29       37.92      0.4347
27.0          92.0        47.1       46.82   0.0031823
27.0          93.0        null        null        null
27.0          94.0       50.39       42.92     0.21535
27.0          95.0       44.96       44.48    0.014729
27.0          96.0       49.99       49.05    0.027621
27.0          97.0       48.21        47.1    0.031818
27.0          98.0       59.88       54.07      0.1255
27.0          99.0        null        null        null
27.0         100.0       43.98       41.61    0.073604
27.0         101.0       58.63       55.96    0.060933
27.0         102.0       49.25       40.71     0.20671
27.0         103.0       60.87       46.64     0.31041
27.0         104.0        null        null        null
27.0         105.0        null        null        null
27.0         106.0       66.56          58      0.1748
27.0         107.0        63.1       56.59     0.14662
27.0         108.0          52       52.75   -0.018465
27.0         109.0        null        null        null
27.0         110.0        null        null        null
27.0         111.0       87.81       49.09     0.38962
27.0         112.0        null        null        null
27.0         113.0       55.41       51.87     0.10269
27.0         114.0       40.67       41.51   -0.036781
27.0         115.0       50.86       43.13     0.17987
27.0         116.0        null        null        null
27.0         117.0        47.3       40.56     0.20932
27.0         118.0       49.77       48.91    0.022408
27.0         119.0       50.35       48.73    0.076817
27.0         120.0       63.81       54.73     0.17585
27.0         121.0       62.73       58.59    0.098896
27.0         122.0          54       52.62    0.036303
27.0         123.0        null        null        null
27.0         124.0        null        null        null
27.0         125.0       49.06       50.47   -0.019034
27.0         126.0        54.1       54.22  -0.0029652
28.0           0.0       46.62       46.15    0.014118
28.0           1.0       53.89        54.2  -0.0076533
28.0           2.0       61.53       57.17    0.096491
28.0           3.0       53.18       52.78   0.0077071
28.0           4.0       60.01       56.18    0.076417
28.0           5.0       72.38       64.05     0.17165
28.0           6.0       61.47       54.44     0.12173
28.0           7.0       56.07       54.44    0.040222
28.0           8.0       38.02       48.42    -0.47392
28.0           9.0          73       64.49     0.16088
28.0          10.0       61.01       57.85    0.063713
28.0          11.0       77.75       64.94     0.22035
28.0          12.0       61.71       56.08     0.11465
28.0          13.0       91.46       68.49     0.31965
28.0          14.0        59.3       56.71    0.054121
28.0          15.0       50.35        51.1   -0.024219
28.0          16.0       53.75       53.84  -0.0030631
28.0          17.0        null        null        null
28.0          18.0        null        null        null
28.0          19.0        null        null        null
28.0          20.0        null        null        null
28.0          21.0       50.05        45.6    0.075806
28.0          22.0       70.83       58.53     0.24491
28.0          23.0       89.93       46.39     0.43031
28.0          24.0        81.7       54.43     0.45675
28.0          25.0        null        null        null
28.0          26.0        null        null        null
28.0          27.0       84.26       80.34    0.042986
28.0          28.0       68.18       52.69      0.2948
28.0          29.0        null        null        null
28.0          30.0       83.31       70.08     0.18833
28.0          31.0       77.81       68.81     0.15136
28.0          32.0        null        null        null
28.0          33.0       67.93       55.87     0.22227
28.0          34.0        null        null        null
28.0          35.0       67.22       60.97     0.13587
28.0          36.0        null        null        null
28.0          37.0        null        null        null
28.0          38.0       73.87       72.08    0.026198
28.0          39.0        null        null        null
28.0          40.0       55.18       45.47     0.20707
28.0          41.0        null        null        null
28.0          42.0       82.02       56.36     0.40635
28.0          43.0        null        null        null
28.0          44.0       48.69       49.62   -0.026576
28.0          45.0       47.03       47.43   -0.012305
28.0          46.0       62.78       54.29     0.14106
28.0          47.0       80.92       61.41     0.26267
28.0          48.0        70.4        57.6     0.22562
28.0          49.0       85.69       56.02     0.43024
28.0          50.0       64.63       51.19      0.2474
28.0          51.0       57.58       55.95    0.029051
28.0          52.0       71.25       51.33     0.31338
28.0          53.0       57.07       52.32     0.11478
28.0          54.0       64.78       61.79    0.026127
28.0          55.0          75       57.09      0.1543
28.0          56.0        53.1       46.34      0.1601
28.0          57.0       59.25       52.35    0.099059
28.0          58.0       37.87       38.39   -0.023236
28.0          59.0       77.96       68.02     0.15449
28.0          60.0       46.75       47.19   0.0043604
28.0          61.0       58.25       56.66    0.041199
28.0          62.0       72.24       57.85       0.123
28.0          63.0       51.63       50.89    0.019165
28.0          64.0       57.19       54.64    0.057715
28.0          65.0       72.41       68.57    0.056192
28.0          66.0       54.84       49.95    0.097049
28.0          67.0       43.01       42.93  -0.0018228
28.0          68.0       47.99       43.29     0.10043
28.0          69.0       55.67       55.62  -0.0038882
28.0          70.0       68.15       62.23    0.092493
28.0          71.0       58.87       57.22    0.022957
28.0          72.0        47.6       46.57    0.030826
28.0          73.0       61.19       58.66    0.051907
28.0          74.0       49.49       48.45    0.029292
28.0          75.0       71.26       63.99    0.076662
28.0          76.0       42.02       42.57   -0.019424
28.0          77.0       66.75       64.21    0.050544
28.0          78.0        61.9       53.63     0.14752
28.0          79.0       48.39        48.6   -0.005759
28.0          80.0       69.66       61.05     0.13938
28.0          81.0       60.19       52.93     0.13995
28.0          82.0       54.72       52.86    0.051414
28.0          83.0        41.7       41.73  -0.0040126
28.0          84.0       51.09       51.17  0.00099128
28.0          85.0       51.35        51.9   -0.018574
28.0          86.0       52.67       42.94     0.21563
28.0          87.0        76.2       71.26    0.059435
28.0          88.0       59.65       47.68     0.26026
28.0          89.0        null        null        null
28.0          90.0       69.41       66.96    0.033221
28.0          91.0        null        null        null
28.0          92.0       46.36       45.62     0.02972
28.0          93.0        null        null        null
28.0          94.0       68.45       45.88     0.30263
28.0          95.0        50.5        45.3     0.13723
28.0          96.0       54.06       50.75    0.094906
28.0          97.0       51.97       45.52     0.11511
28.0          98.0       61.52       55.92      0.1335
28.0          99.0        50.4       48.36    0.050689
28.0         100.0       44.11       43.71    0.018611
28.0         101.0       96.82       80.52     0.31664
28.0         102.0       57.24       57.42  -0.0051079
28.0         103.0       51.61        48.7    0.082136
28.0         104.0       40.83       40.09   0.0066727
28.0         105.0       50.76       46.04     0.14354
28.0         106.0       55.22       56.28   -0.049739
28.0         107.0       55.79       55.05   -0.015131
28.0         108.0        null        null        null
28.0         109.0        null        null        null
28.0         110.0       78.12       43.48     0.34915
28.0         111.0       51.69       47.86     0.10426
28.0         112.0       60.63       51.52      0.1855
28.0         113.0       41.88       42.41   -0.021134
28.0         114.0        null        null        null
28.0         115.0       52.93       55.36   -0.046678
28.0         116.0        null        null        null
28.0         117.0       61.75       59.55    0.052705
28.0         118.0          53       50.72    0.041566
28.0         119.0       54.18       58.48   -0.086831
29.0           0.0       59.05       58.52   -0.022587
29.0           1.0        60.5       62.77  -0.0067393
29.0           2.0       60.39       58.45    0.041337
29.0           3.0       60.37       50.63      0.1233
29.0           4.0       51.65       48.94     0.06489
29.0           5.0       54.37        57.3   -0.073833
29.0           6.0       64.89       59.92    0.099747
29.0           7.0       66.29       56.94     0.16286
29.0           8.0       56.12       55.43    0.017577
29.0           9.0       62.14       48.93     0.26842
29.0          10.0       68.01       57.04     0.18554
29.0          11.0       80.25       61.67     0.26978
29.0          12.0        null        null        null
29.0          13.0       54.13       52.94    0.030246
29.0          14.0       49.64       52.04   -0.039261
29.0          15.0       83.53       56.71     0.38211
29.0          16.0       91.33       59.55     0.27794
29.0          17.0        null        null        null
29.0          18.0       52.34       42.87     0.21626
29.0          19.0        70.4       49.71     0.36647
29.0          20.0       60.05       54.33     0.12469
29.0          21.0        58.8       53.52     0.11792
29.0          22.0        null        null        null
29.0          23.0        null        null        null
29.0          24.0       53.72       51.62    0.051516
29.0          25.0        null        null        null
29.0          26.0       79.03       65.42     0.18118
29.0          27.0        68.4       60.27     0.21679
29.0          28.0        null        null        null
29.0          29.0       73.09       69.86    0.057194
29.0          30.0       77.17       53.18     0.24986
29.0          31.0       73.72       60.23      0.2476
29.0          32.0        null        null        null
29.0          33.0        null        null        null
29.0          34.0       67.75       54.16     0.21048
29.0          35.0      103.17       66.52     0.39328
29.0          36.0        null        null        null
29.0          37.0       66.17       54.93      0.1688
29.0          38.0        null        null        null
29.0          39.0       78.05       63.28     0.24628
29.0          40.0       65.37       63.49    0.034301
29.0          41.0       71.33       64.76     0.12106
29.0          42.0       36.54       34.42    0.086429
29.0          43.0        null        null        null
29.0          44.0       75.22       67.99    0.096389
29.0          45.0       71.83       62.66     0.20407
29.0          46.0       84.44       57.46     0.32246
29.0          47.0        61.8       49.74     0.21566
29.0          48.0        null        null        null
29.0          49.0        null        null        null
29.0          50.0        null        null        null
29.0          51.0       52.66       52.95   -0.015136
29.0          52.0       70.52       58.44     0.20783
29.0          53.0       50.06       49.95  -0.0085884
29.0          54.0       40.47       39.79    0.022444
29.0          55.0        null        null        null
29.0          56.0        null        null        null
29.0          57.0       50.52       46.84     0.10819
29.0          58.0        null        null        null
29.0          59.0       59.13       55.94    0.050349
29.0          60.0       44.97       46.78    -0.05796
29.0          61.0       65.69       54.17     0.22991
29.0          62.0        null        null        null
29.0          63.0       58.72       55.27    0.062643
29.0          64.0       47.43       47.74   -0.019779
29.0          65.0        null        null        null
29.0          66.0       49.78       36.24     0.36235
29.0          67.0       62.59        51.9     0.18952
29.0          68.0        50.7       48.78    0.040474
29.0          69.0       50.74       49.55    0.015317
29.0          70.0       45.98       45.54   0.0035913
29.0          71.0       70.44       72.65   -0.049945
29.0          72.0       37.81       38.18   -0.015512
29.0          73.0       59.52       50.19     0.22092
29.0          74.0       50.56       51.14   -0.019035
29.0          75.0       69.35       59.94     0.15465
29.0          76.0       73.52       62.51     0.19248
29.0          77.0       58.75       51.41     0.15951
29.0          78.0       53.84       52.45    0.029018
29.0          79.0       56.07       52.69    0.075669
29.0          80.0       44.77       43.22    0.044106
29.0          81.0        51.3       36.73     0.35851
29.0          82.0        48.6       45.37    0.084898
29.0          83.0        45.7       43.74     0.05988
29.0          84.0       62.46       58.78    0.074218
29.0          85.0       64.13       59.19    0.063862
29.0          86.0       42.39       42.27  0.00024694
29.0          87.0       64.41       48.55    0.085426
29.0          88.0       64.37       57.04     0.15218
29.0          89.0        64.3       56.24     0.16099
29.0          90.0        68.9       68.89   0.0070639
29.0          91.0       46.39       39.58     0.18962
29.0          92.0       66.92       66.96    0.020303
29.0          93.0       41.43       40.04     0.03931
29.0          94.0       50.17       49.25    0.025516
29.0          95.0       48.88       46.31    0.041513
29.0          96.0       48.27       45.63    0.057126
29.0          97.0       64.07       55.58     0.21681
29.0          98.0       44.26       42.13    0.055782
29.0          99.0       68.46       68.91  -0.0026971
29.0         100.0       51.24       44.91     0.16056
29.0         101.0       41.61        40.6    0.047518
29.0         102.0        null        null        null
29.0         103.0        null        null        null
29.0         104.0       43.27       43.63   -0.019645
29.0         105.0       54.74       54.43    0.029121
29.0         106.0       67.35       53.97     0.23856
29.0         107.0        null        null        null
29.0         108.0       47.02        47.6   -0.018178
29.0         109.0       66.24       52.47     0.29728
29.0         110.0        54.1       52.18    0.053536
29.0         111.0       54.53       46.81     0.18141
29.0         112.0        null        null        null
29.0         113.0       51.45       55.96    -0.15962
29.0         114.0       57.35       58.36   -0.027294
29.0         115.0       44.88       40.18     0.15305
29.0         116.0        null        null        null
29.0         117.0       45.41        43.2     0.06645
29.0         118.0       58.96       48.23     0.11403
29.0         119.0       92.86       85.96     0.13888
29.0         120.0       50.61       46.45     0.10981
29.0         121.0       70.93       66.69     0.06302
29.0         122.0        null        null        null
29.0         123.0       66.72       61.32     0.11877
29.0         124.0       72.14       69.71    0.055417
29.0         125.0        null        null        null
29.0         126.0       57.68       58.36    -0.01417
29.0         127.0        null        null        null
29.0         128.0       65.13       60.51     0.11639
29.0         129.0       40.91       34.31     0.23885
29.0         130.0        null        null        null
29.0         131.0       53.18       43.48     0.18402
29.0         132.0       43.64        44.8   -0.036192
29.0         133.0        null        null        null
29.0         134.0       54.95       44.84     0.20213
29.0         135.0       57.05       51.35     0.12821
29.0         136.0        null        null        null
29.0         137.0        null        null        null
29.0         138.0       66.13       57.61     0.18556
29.0         139.0       44.33       50.72    -0.22968
30.0           0.0       78.31       67.69      0.1891
30.0           1.0       53.35       50.09    0.068974
30.0           2.0          59       59.22  -0.0045794
30.0           3.0       59.98       58.13    0.046984
30.0           4.0       60.66       58.66    0.026946
30.0           5.0       76.48       65.07     0.18025
30.0           6.0       57.79       59.43   -0.046278
30.0           7.0       70.43       60.74     0.12859
30.0           8.0       59.52       56.94    0.054291
30.0           9.0       66.83       55.88     0.21052
30.0          10.0       51.29       47.57     0.10537
30.0          11.0       88.22       69.41      0.1833
30.0          12.0       62.14       44.58     0.39653
30.0          13.0       63.34       62.01    0.023902
30.0          14.0       48.35       48.81   -0.012398
30.0          15.0       67.93       53.94     0.26292
30.0          16.0       87.39       66.08     0.28832
30.0          17.0       68.89       51.73     0.32509
30.0          18.0          68       60.21    0.099169
30.0          19.0        78.8       62.09     0.20322
30.0          20.0       41.44       43.13    -0.05709
30.0          21.0       37.48       33.43     0.16115
30.0          22.0       61.11       49.54     0.19356
30.0          23.0       66.78       48.12     0.30292
30.0          24.0        null        null        null
30.0          25.0       47.64       41.63     0.17111
30.0          26.0       85.12       45.85     0.40839
30.0          27.0        null        null        null
30.0          28.0       47.95       40.48     0.23431
30.0          29.0       68.85        62.3     0.11785
30.0          30.0       97.47       54.66     0.42778
30.0          31.0       63.95       51.34     0.21107
30.0          32.0        null        null        null
30.0          33.0       61.75       51.78     0.17204
30.0          34.0       52.33       50.47    0.039238
30.0          35.0        null        null        null
30.0          36.0       70.18       57.81     0.23884
30.0          37.0        null        null        null
30.0          38.0       84.84       55.97     0.33502
30.0          39.0       57.69        46.6      0.2163
30.0          40.0        61.8       57.72    0.092794
30.0          41.0       59.71       54.95      0.1146
30.0          42.0       61.65       56.96    0.092028
30.0          43.0       85.39       50.45     0.29851
30.0          44.0       48.39       50.45   -0.060766
30.0          45.0        null        null        null
30.0          46.0       98.33       51.19      0.4581
30.0          47.0        66.9       54.34     0.15649
30.0          48.0       46.13        44.8    0.039591
30.0          49.0        54.8       47.26     0.16323
30.0          50.0       49.07       45.95      0.0849
30.0          51.0       53.99        52.5    0.026358
30.0          52.0        52.7       51.35    0.045887
30.0          53.0        55.8       53.38    0.051497
30.0          54.0       53.27       53.47  -0.0055364
30.0          55.0        null        null        null
30.0          56.0       55.23       48.99     0.17284
30.0          57.0       54.14       53.55    0.030213
30.0          58.0       73.97       70.83     0.14692
30.0          59.0       43.76       44.65   -0.027666
30.0          60.0       54.24       51.23    0.072367
30.0          61.0        50.7       51.67   -0.028157
30.0          62.0       46.49       45.06    0.027579
30.0          63.0       57.31       56.49   0.0066895
30.0          64.0       60.26       51.01     0.14649
30.0          65.0       49.52       47.95    0.044748
30.0          66.0       71.64       67.51     0.08975
30.0          67.0       52.95       42.57     0.25957
30.0          68.0        49.5       46.67    0.075491
30.0          69.0        null        null        null
30.0          70.0       50.58       46.36      0.1067
30.0          71.0       73.93       74.35   -0.010033
30.0          72.0        61.3       59.78    0.040051
30.0          73.0        48.2       47.87   0.0052234
30.0          74.0       42.01       33.69      0.2797
30.0          75.0       49.14       41.19     0.20304
30.0          76.0       41.75       42.47   -0.023517
30.0          77.0       44.53       43.29    0.042405
30.0          78.0       56.21       57.82   -0.035327
30.0          79.0       49.66       47.35    0.056039
30.0          80.0       67.37       54.61       0.236
30.0          81.0       62.85        57.1     0.13968
30.0          82.0       50.71        48.4    0.064545
30.0          83.0       73.64       67.73      0.1562
30.0          84.0        null        null        null
30.0          85.0       64.98          38     0.51703
30.0          86.0       51.45        50.3    0.036303
30.0          87.0       62.77       45.55     0.33644
30.0          88.0       74.69       58.51     0.25061
30.0          89.0       60.01       52.05     0.15582
30.0          90.0       47.97       45.43    0.068263
30.0          91.0        null        null        null
30.0          92.0        null        null        null
30.0          93.0       49.88       43.35     0.17678
30.0          94.0       55.98       57.49   -0.039159
30.0          95.0       71.08        55.9     0.30802
30.0          96.0        null        null        null
30.0          97.0       60.78       58.75     0.03815
30.0          98.0       55.61       50.79     0.13377
30.0          99.0        null        null        null
30.0         100.0       44.24       58.24    -0.57657
30.0         101.0       57.65       47.94     0.23623
30.0         102.0       84.71       83.04    0.002362
30.0         103.0       64.92       49.33     0.31939
30.0         104.0        null        null        null
30.0         105.0       51.88       44.78     0.19688
30.0         106.0        59.1        53.6    0.095854
30.0         107.0       57.08       57.87   -0.021396
30.0         108.0       63.36       53.64      0.2083
30.0         109.0       59.62       49.31       0.223
30.0         110.0       56.24       49.43     0.17283
30.0         111.0       60.56        56.6    0.098929
30.0         112.0       58.88       47.51     0.24423
30.0         113.0       50.17       53.39    -0.10121
30.0         114.0        null        null        null
30.0         115.0        null        null        null
30.0         116.0       61.42       46.46      0.2797
30.0         117.0        null        null        null
30.0         118.0       42.31       38.84     0.12148
30.0         119.0        null        null        null
30.0         120.0        null        null        null
30.0         121.0       45.47       47.78   -0.071071
30.0         122.0       44.55       46.61   -0.065458
30.0         123.0        46.2        46.7   -0.013214
30.0         124.0       40.54       43.26     -0.1044
30.0         125.0       47.72       46.55    0.040163
30.0         126.0        43.6        45.8   -0.069171
30.0         127.0       68.87       59.77     0.23311
30.0         128.0      109.11      103.27     0.10404
30.0         129.0        null        null        null
30.0         130.0       68.11       62.28     0.18342
30.0         131.0       53.58          40     0.31351
30.0         132.0        null        null        null
38.0           0.0       52.06       60.66    -0.18748
38.0           1.0        50.6       48.67    0.045756
38.0           2.0       52.17       51.26    0.026132
38.0           3.0       85.86       72.17     0.16045
38.0           4.0       57.78        55.2    0.061218
38.0           5.0       47.37       46.15     0.03222
38.0           6.0       47.23       43.32    0.096002
38.0           7.0       47.68       43.56      0.1054
38.0           8.0       38.27       39.21   -0.040421
38.0           9.0       57.05       54.06    0.051734
38.0          10.0       58.03       59.07   -0.027936
38.0          11.0       74.39       67.81     0.12363
38.0          12.0        null        null        null
38.0          13.0        null        null        null
38.0          14.0       59.09       41.48      0.3938
38.0          15.0       57.71       45.15     0.13948
38.0          16.0        null        null        null
38.0          17.0       70.48       60.17     0.18819
38.0          18.0       41.95       40.57    0.035225
38.0          19.0       66.93       63.77    0.064392
38.0          20.0       82.76       63.51     0.22453
38.0          21.0       65.21       56.26     0.16162
38.0          22.0        null        null        null
38.0          23.0        null        null        null
38.0          24.0       63.62       51.15     0.26639
38.0          25.0        null        null        null
38.0          26.0        null        null        null
38.0          27.0        null        null        null
38.0          28.0       110.8        72.7     0.40543
38.0          29.0        null        null        null
38.0          30.0        null        null        null
38.0          31.0      108.23       57.16     0.42938
38.0          32.0        null        null        null
38.0          33.0        61.5       52.32     0.17556
38.0          34.0       52.48        49.9    0.048168
38.0          35.0       57.21       50.02     0.18228
38.0          36.0        null        null        null
38.0          37.0       65.23       64.55    0.018193
38.0          38.0       90.55       82.19    0.043664
38.0          39.0       63.51       50.62     0.27365
38.0          40.0        null        null        null
38.0          41.0       61.19       59.19   0.0075383
38.0          42.0       80.08       51.99     0.39999
38.0          43.0       72.95       58.45     0.23511
38.0          44.0       48.21       40.74     0.19322
38.0          45.0       49.94       45.51     0.11951
38.0          46.0       43.46       44.54   -0.049731
38.0          47.0        null        null        null
38.0          48.0       66.74       55.31     0.27038
38.0          49.0       58.68       47.31     0.25716
38.0          50.0        null        null        null
38.0          51.0        null        null        null
38.0          52.0        null        null        null
38.0          53.0       63.35       63.94  -0.0087628
38.0          54.0        null        null        null
38.0          55.0       46.86       45.21    0.036266
38.0          56.0       55.73        50.9    0.092006
38.0          57.0       44.05       44.93   -0.031665
38.0          58.0       67.12       48.43     0.32612
38.0          59.0        null        null        null
38.0          60.0       78.27       70.57     0.13625
38.0          61.0        null        null        null
38.0          62.0       50.34       50.91   -0.018594
38.0          63.0       55.12       52.14    0.080728
38.0          64.0        null        null        null
38.0          65.0       53.28        47.5     0.14547
38.0          66.0       55.28       49.11      0.1455
38.0          67.0       54.34       52.57    0.030321
38.0          68.0       62.06       57.98     0.11084
38.0          69.0        null        null        null
38.0          70.0        null        null        null
38.0          71.0       56.78       51.48     0.13245
38.0          72.0       58.88       56.18    0.053909
38.0          73.0       73.08       64.26     0.10226
38.0          74.0        null        null        null
38.0          75.0       43.03       43.67   -0.021963
38.0          76.0       41.63       37.48     0.13059
38.0          77.0        null        null        null
38.0          78.0        null        null        null
38.0          79.0        null        null        null
38.0          80.0       61.61       52.43     0.21378
38.0          81.0       52.48       52.08    0.034577
38.0          82.0       46.16       44.36    0.041093
38.0          83.0        null        null        null
38.0          84.0        null        null        null
38.0          85.0       39.17       40.08   -0.033165
38.0          86.0       49.53       48.18    0.061774
38.0          87.0       79.74       81.47   -0.036614
38.0          88.0       38.92       38.79   0.0032147
38.0          89.0        null        null        null
38.0          90.0        null        null        null
38.0          91.0        null        null        null
38.0          92.0       53.13       48.89     0.10785
38.0          93.0        null        null        null
38.0          94.0        null        null        null
38.0          95.0        null        null        null
38.0          96.0        null        null        null
38.0          97.0        null        null        null
38.0          98.0        null        null        null
38.0          99.0        null        null        null
38.0         100.0        null        null        null
38.0         101.0        null        null        null
38.0         102.0        null        null        null
38.0         103.0        null        null        null
38.0         104.0       97.41       81.39       0.189
38.0         105.0        null        null        null
38.0         106.0        null        null        null
38.0         107.0        null        null        null
38.0         108.0       51.55       46.34     0.16116
38.0         109.0       41.49       41.54   -0.032606
38.0         110.0       50.88        46.6     0.14565
38.0         111.0       55.73       57.62    0.044601
38.0         112.0       56.79       53.78    0.066987
38.0         113.0        null        null        null
38.0         114.0        null        null        null
38.0         115.0        null        null        null
38.0         116.0        null        null        null
38.0         117.0       50.79       66.95    -0.54809
38.0         118.0        null        null        null
38.0         119.0       42.71       40.47    0.080093
38.0         120.0       44.91       45.12  -0.0025148
38.0         121.0        null        null        null
38.0         122.0        null        null        null
38.0         123.0        null        null        null
38.0         124.0        null        null        null
38.0         125.0        null        null        null
38.0         126.0       42.58       40.05    0.083479
38.0         127.0        null        null        null
38.0         128.0       39.33       38.56    0.024027
38.0         129.0       49.53       48.62    0.026944
38.0         130.0        null        null        null
38.0         131.0        null        null        null
38.0         132.0        null        null        null
38.0         133.0       46.32       52.89    -0.17699
