site      roi       npix      medx      medy      neuropil_pix  radius      aspect_ratio   skew        std         mrs         mrs0        compact     solidity  
-----------------------------------------------------------------------------------------------------------------------------------------------------------------
2         0         167       254       19        509           8.6397      1.2274         2.8544      146.9591    1.3142      4.7907      1.0506      1.1329    
2         1         35        266       16        756           3.5056      1.1637         0.5767      190.1483    0.5523      2.0674      1.0231      1.3953    
2         2         34        398       17        361           2.7540      0.9991         0.5294      158.1474    0.4894      1.8744      1.0000      1.5625    
2         3         132       446       19        908           6.4941      1.0850         1.6068      305.6149    1.1129      4.2236      1.0091      1.1351    
2         4         161       435       23        498           7.3152      1.1227         -0.0756     205.8992    1.2466      4.7021      1.0153      1.0986    
2         5         56        296       23        358           3.7509      1.0520         0.4377      134.9220    0.6424      2.4602      1.0000      1.3231    
2         6         111       24        28        513           5.9706      1.0338         3.1319      151.7906    0.9829      3.7366      1.0074      1.1579    
2         7         46        297       29        878           3.6199      1.0994         0.5117      166.9064    0.6133      2.3095      1.0170      1.3571    
2         8         95        457       32        390           5.5068      1.1012         -0.1095     215.4232    0.9613      3.6431      1.0105      1.1975    
2         9         291       335       38        741           9.1615      1.1109         0.1447      163.9028    1.6126      6.1252      1.0082      1.0729    
2         10        138       153       39        506           6.3164      1.0338         0.1974      123.5761    1.1417      4.3519      1.0047      1.1552    
2         11        75        486       37        426           6.0352      1.2126         0.3586      132.8372    0.8825      3.2397      1.0432      1.1746    
2         12        110       102       39        462           5.9301      1.0102         1.5285      115.2455    1.0076      3.8529      1.0015      1.1732    
2         13        129       196       43        520           6.0370      1.0116         1.3751      73.3468     1.0204      3.9079      1.0000      1.1803    
2         14        75        382       42        431           4.8800      1.0631         0.4270      97.0172     0.7872      3.0058      1.0030      1.2190    
2         15        149       364       45        517           6.3730      1.0217         0.5869      122.0481    1.1587      4.4301      1.0016      1.1440    
2         16        132       273       52        544           6.4865      1.0462         0.4182      94.0564     1.1114      4.2401      1.0038      1.1441    
2         17        141       67        58        533           6.3143      1.0516         0.4551      309.6198    1.1382      4.3365      1.0052      1.1515    
2         18        42        125       59        379           4.5480      1.2489         0.5206      150.5420    0.6535      2.3095      1.0835      1.2063    
2         19        91        303       60        461           6.5458      1.3217         -0.1249     249.9143    0.9633      3.4126      1.0810      1.2148    
2         20        114       331       64        412           6.2401      1.0771         0.3245      96.9025     0.9950      3.7948      1.0042      1.1657    
2         21        127       157       66        547           6.5337      1.1008         0.4384      97.9610     1.0881      4.1205      1.0113      1.1429    
2         22        23        21        65        801           2.8968      1.1129         1.3243      151.6781    0.4466      1.6354      1.0457      1.5833    
2         23        70        359       69        440           4.7375      1.1017         0.3736      138.5298    0.7759      2.9585      1.0044      1.2277    
2         24        215       323       78        580           7.2624      0.9997         0.1053      214.4516    1.3641      5.2240      1.0000      1.1092    
2         25        63        375       76        420           4.4049      1.1107         0.5879      178.7570    0.7533      2.8419      1.0151      1.2128    
2         26        168       473       90        579           7.5076      1.1417         1.2805      230.2731    1.2559      4.7468      1.0132      1.1080    
2         27        108       184       91        488           6.3987      1.1399         0.5337      97.3969     1.0286      3.8529      1.0224      1.1602    
2         28        117       140       95        503           6.0220      1.0551         0.3732      83.8870     0.9955      3.7948      1.0046      1.1657    
2         29        132       440       96        438           6.6782      1.1402         0.5671      139.1524    1.0790      4.0873      1.0110      1.1569    
2         30        81        78        98        449           4.8828      1.0516         0.2969      121.3621    0.7979      3.0503      1.0017      1.2110    
2         31        24        46        100       355           2.9196      1.1585         0.3801      254.7096    0.4534      1.6655      1.0427      1.5385    
2         32        69        335       100       439           5.4343      1.1748         0.3143      134.6804    0.8422      3.0921      1.0430      1.1930    
2         33        30        427       99        648           2.6137      1.0116         0.5591      206.3312    0.4678      1.7914      1.0000      1.5333    
2         34        80        282       104       454           5.8063      1.1730         0.2819      148.4308    0.9006      3.3511      1.0293      1.1704    
2         35        271       215       108       675           8.4583      1.0940         0.5973      209.4396    1.5032      5.7282      1.0050      1.0995    
2         36        54        126       105       383           3.6737      1.0078         0.4511      118.8261    0.6424      2.4602      1.0000      1.3030    
2         37        130       432       110       427           6.8949      1.0859         0.4737      93.0426     1.0995      4.1897      1.0051      1.1376    
2         38        44        243       116       387           3.6941      1.0631         0.4595      149.7870    0.6092      2.3095      1.0101      1.2881    
2         39        67        194       121       402           5.7050      1.3003         0.3312      146.2551    0.8256      2.9337      1.0777      1.1961    
2         40        156       226       129       387           6.6107      1.0731         -0.1882     184.7367    1.1506      4.3968      1.0022      1.1369    
2         41        29        21        128       855           3.5950      1.1891         0.4438      202.6243    0.5359      1.9950      1.0288      1.4000    
2         42        194       179       133       574           7.5542      1.0932         -0.0064     139.3114    1.3098      4.9860      1.0060      1.1034    
2         43        98        483       131       482           5.3754      1.0121         0.4576      149.1965    0.9635      3.6794      1.0028      1.1636    
2         44        161       241       136       490           7.4148      1.0471         0.2450      88.8743     1.2414      4.7321      1.0047      1.1127    
2         45        143       211       135       464           6.7131      1.0703         0.8531      166.5757    1.1430      4.3671      1.0023      1.1441    
2         46        268       154       139       706           8.1102      1.0260         0.1784      137.3270    1.5228      5.8237      1.0014      1.0934    
2         47        107       366       136       494           5.7887      1.0690         0.3616      114.6631    0.9756      3.7170      1.0052      1.1598    
2         48        122       403       139       531           5.9550      1.0497         0.2896      90.3423     1.0076      3.8529      1.0015      1.1798    
2         49        82        108       140       442           6.1504      1.1890         0.4168      96.6388     0.8979      3.3082      1.0394      1.2126    
2         50        100       469       153       370           6.2925      1.0977         0.4119      69.0130     0.9642      3.6614      1.0084      1.1656    
2         51        185       199       158       609           9.4473      1.2282         4.1924      182.5267    1.3603      5.0282      1.0360      1.0982    
2         52        137       459       157       491           6.9137      1.0587         1.9621      86.6906     1.1197      4.2724      1.0037      1.1366    
2         53        135       228       159       521           8.0694      1.2176         0.2628      106.2736    1.1624      4.2888      1.0380      1.1556    
2         54        105       484       161       437           6.2548      1.1054         0.4458      70.0566     0.9801      3.7170      1.0098      1.1737    
2         55        178       36        164       562           7.5451      1.0930         -0.0489     199.3052    1.2720      4.8202      1.0106      1.0897    
2         56        208       418       169       638           8.9381      1.1870         0.4154      109.2545    1.3836      5.1692      1.0250      1.1020    
2         57        49        77        173       883           3.8194      1.0430         0.5539      137.9663    0.6418      2.4330      1.0103      1.2923    
2         58        261       361       180       747           9.1525      1.0803         0.7270      110.0829    1.5761      5.9716      1.0108      1.0678    
2         59        88        210       176       438           4.6124      1.0015         0.4441      164.0099    0.8126      3.1121      1.0000      1.2321    
2         60        109       458       177       492           6.2885      1.0935         0.3772      81.1732     0.9822      3.7366      1.0066      1.1716    
2         61        51        80        179       384           4.2938      1.0925         0.6758      161.3143    0.7150      2.6625      1.0285      1.1765    
2         62        63        327       182       427           4.6052      1.0577         0.4824      116.8749    0.7640      2.8894      1.0126      1.2421    
2         63        71        296       198       399           4.5585      1.0516         0.3390      131.7843    0.7892      3.0058      1.0055      1.2190    
2         64        192       457       201       547           7.6588      1.0407         0.3598      94.8457     1.3366      5.0985      1.0040      1.1152    
2         65        152       30        201       470           6.5745      1.0262         0.2825      222.5177    1.1658      4.4624      1.0005      1.1371    
2         66        118       311       201       484           5.8961      1.0107         0.3374      99.3567     1.0111      3.8529      1.0050      1.1667    
2         67        292       196       206       692           11.2027     1.2033         0.5569      263.0941    1.6839      6.2377      1.0338      1.0848    
2         68        153       44        213       468           6.4442      1.0201         0.9074      168.0628    1.1741      4.4938      1.0006      1.1440    
2         69        91        430       219       489           5.6424      1.1115         -0.1258     228.0215    0.9381      3.5452      1.0134      1.1410    
2         70        20        284       218       807           2.6716      1.1521         0.5923      216.4232    0.4213      1.5648      1.0311      1.6190    
2         71        17        448       220       743           2.3446      1.0641         0.4066      299.5140    0.3977      1.5228      1.0001      1.5238    
2         72        171       157       227       596           8.0524      1.1457         3.7619      213.4257    1.2576      4.7468      1.0146      1.1042    
2         73        134       324       232       510           6.8157      1.0482         0.3027      81.1066     1.1208      4.2724      1.0046      1.1366    
2         74        99        406       235       477           6.1597      1.0758         0.3682      113.8726    0.9757      3.6970      1.0107      1.1412    
2         75        53        182       234       751           4.4534      1.1346         0.4158      183.0996    0.7037      2.6625      1.0122      1.2500    
2         76        56        199       235       411           4.7219      1.1677         0.4116      182.2887    0.7167      2.6911      1.0199      1.2439    
2         77        242       108       241       583           9.0386      1.1793         0.9248      161.9767    1.4327      5.3758      1.0207      1.1271    
2         78        184       177       243       510           7.6818      1.0886         2.1977      354.8555    1.2935      4.9189      1.0071      1.1140    
2         79        141       283       243       465           6.7223      1.0860         1.0680      122.9504    1.1243      4.2888      1.0039      1.1556    
2         80        338       128       259       772           9.5113      1.0421         -0.6682     381.1016    1.6958      6.4913      1.0005      1.0778    
2         81        125       58        256       547           7.0309      1.0961         0.4114      70.2163     1.0936      4.1367      1.0124      1.1204    
2         82        267       236       259       642           8.5476      1.0584         0.2168      106.2144    1.5174      5.7886      1.0039      1.1101    
2         83        126       348       257       520           6.6620      1.1243         0.1512      132.8040    1.0894      4.1205      1.0125      1.1374    
2         84        118       295       258       442           5.6679      1.0277         0.4525      106.8425    1.0045      3.8339      1.0034      1.1685    
2         85        183       389       265       608           9.3960      1.2248         0.6291      136.9567    1.3470      4.9596      1.0401      1.0943    
2         86        186       153       269       610           7.1950      1.0417         0.0482      221.5649    1.2989      4.9462      1.0057      1.1125    
2         87        64        188       266       420           5.0035      1.1504         0.6414      113.5141    0.7401      2.7707      1.0230      1.2135    
2         88        76        288       288       433           4.6577      1.0289         0.4242      105.3505    0.8020      3.0715      1.0000      1.2182    
2         89        39        316       293       377           3.5284      1.0402         0.5185      153.3739    0.5971      2.2745      1.0053      1.2982    
2         90        90        481       298       418           6.0433      1.1038         4.6978      134.5149    0.9354      3.5452      1.0104      1.2027    
2         91        102       167       302       474           5.6057      1.0487         0.1113      188.0836    0.9835      3.7558      1.0028      1.1696    
2         92        590       77        312       1155          14.3040     1.1730         1.2698      496.0175    2.2532      8.2652      1.0440      1.0309    
2         93        32        30        306       362           3.2791      1.1754         0.3832      270.3657    0.5611      2.1027      1.0220      1.2917    
2         94        117       238       310       481           5.8750      1.0169         0.7409      105.7314    1.0110      3.8716      1.0000      1.1713    
2         95        54        487       310       406           4.7880      1.1886         0.8090      145.8480    0.6965      2.5745      1.0361      1.2208    
2         96        151       335       316       571           6.6778      1.0568         0.0192      152.6688    1.1563      4.4136      1.0033      1.1358    
2         97        40        413       313       870           3.7251      1.0690         2.0143      197.7321    0.6045      2.2745      1.0177      1.3704    
2         98        45        383       325       381           3.6998      1.0885         0.3287      218.4309    0.6217      2.3428      1.0163      1.3684    
2         99        259       129       334       736           8.6555      1.0505         0.4558      179.7150    1.4909      5.6788      1.0055      1.0988    
2         100       131       259       338       439           6.8295      1.1369         0.1029      144.6918    1.0983      4.1547      1.0124      1.1296    
2         101       86        176       338       442           5.9043      1.1280         0.2978      136.5884    0.9030      3.4126      1.0133      1.1799    
2         102       188       84        343       646           6.9578      0.9981         -0.2022     229.5242    1.3066      4.9860      1.0036      1.1034    
2         103       302       273       346       657           8.6625      1.1152         -0.0101     140.3324    1.4945      5.6913      1.0057      1.1090    
2         104       165       220       355       547           7.5211      1.1217         1.3196      175.0012    1.2549      4.7321      1.0156      1.1326    
2         105       126       480       364       520           6.7144      1.0337         0.4293      68.7771     1.1029      4.1897      1.0081      1.1324    
2         106       104       385       375       500           5.4025      1.0008         0.8251      209.7511    0.9835      3.7558      1.0028      1.1696    
2         107       86        439       375       400           5.2567      1.0835         0.1117      165.0699    0.8971      3.4126      1.0068      1.1884    
2         108       220       90        383       588           8.5022      1.0629         -0.1449     286.0237    1.4533      5.5149      1.0092      1.1082    
2         109       24        280       377       761           2.6982      1.0596         0.5648      212.9870    0.4567      1.6926      1.0333      1.5000    
2         110       78        306       380       426           4.7140      1.0704         0.3353      127.2627    0.7897      3.0058      1.0061      1.2549    
2         111       79        426       382       404           5.8081      1.1187         0.4523      90.5569     0.8713      3.3082      1.0087      1.1756    
2         112       36        242       381       755           3.2475      1.0587         0.4228      231.8414    0.5758      2.1962      1.0041      1.3600    
2         113       112       480       385       461           6.2372      1.0455         1.4289      76.0054     1.0065      3.8529      1.0004      1.1798    
2         114       331       259       392       747           9.4157      1.0797         -0.6481     424.3497    1.6592      6.3155      1.0061      1.0763    
2         115       204       360       397       690           8.6937      1.1423         0.0045      144.7542    1.3991      5.2524      1.0201      1.1017    
2         116       103       78        396       400           4.7557      1.0099         1.4503      213.7665    0.8126      3.1121      1.0000      1.2321    
2         117       27        489       394       715           2.7680      1.0062         0.5833      102.4653    0.4625      1.7443      1.0154      1.5172    
2         118       149       430       399       511           7.1001      1.0579         5.9192      137.5526    1.1507      4.3968      1.0023      1.1369    
2         119       117       29        400       503           6.0684      1.0144         0.4033      65.4703     1.0034      3.8339      1.0022      1.1620    
2         120       234       123       411       718           8.5602      1.0361         0.1323      328.9940    1.4752      5.6279      1.0038      1.0874    
2         121       108       55        410       493           6.0108      1.0429         0.5625      113.2228    0.9877      3.7746      1.0021      1.1744    
2         122       29        487       414       359           4.2892      1.2588         0.5459      101.2274    0.5900      1.9577      1.1541      1.1739    
2         123       134       272       418       536           6.6697      1.0893         0.2884      106.8996    1.1078      4.2236      1.0045      1.1403    
2         124       110       428       419       514           6.8326      1.1008         0.2892      81.0771     1.0357      3.9079      1.0150      1.1368    
2         125       151       466       425       511           6.8156      1.0661         0.1793      87.1851     1.1496      4.3821      1.0047      1.1477    
2         126       71        292       428       440           4.6345      1.0767         0.3897      125.0571    0.7664      2.9119      1.0080      1.2500    
2         127       25        225       427       828           2.7915      1.0843         0.7051      127.6201    0.4352      1.6354      1.0191      1.4615    
2         128       141       391       434       523           6.7874      1.0905         1.0066      217.9276    1.1335      4.3049      1.0084      1.1391    
2         129       21        446       441       782           1.6276      0.9717         -0.0690     435.6172    0.2802      1.0730      1.0000      0.9000    
2         130       112       50        456       488           5.8506      1.0272         3.1775      172.4634    1.0065      3.8529      1.0004      1.1798    
2         131       76        356       454       407           4.5615      1.0285         -0.3626     297.9389    0.8020      3.0715      1.0000      1.2182    
2         132       205       187       459       607           8.3152      1.1637         -0.1661     156.8974    1.3794      5.1692      1.0219      1.1118    
2         133       90        77        460       426           5.9189      1.1645         0.0767      206.7284    0.9110      3.3918      1.0286      1.2273    
2         134       124       371       462       497           5.5582      1.0550         -0.0092     250.7695    1.0022      3.8339      1.0011      1.1620    
2         135       102       484       466       438           6.1443      1.0769         0.2540      61.8709     0.9631      3.6431      1.0124      1.1750    
2         136       235       236       469       649           8.6621      1.0565         2.7220      99.2926     1.4838      5.6662      1.0029      1.1073    
2         137       43        488       476       713           3.8209      1.0131         0.6399      79.9365     0.6381      2.4330      1.0043      1.2923    
2         138       80        50        482       454           4.8726      1.0039         0.4459      103.9578    0.8074      3.0921      1.0000      1.2252    
2         139       230       287       483       636           7.5650      1.1065         0.1511      154.9881    1.3203      5.0282      1.0056      1.1118    
2         140       58        133       482       384           4.7199      1.1576         0.3660      194.2983    0.7368      2.7452      1.0279      1.2619    
2         141       187       199       487       481           7.8471      1.1227         0.2260      95.7908     1.2704      4.8056      1.0124      1.1439    
2         142       72        348       489       507           6.6786      1.3804         0.3271      128.9990    0.8785      3.0058      1.1193      1.1852    
2         143       97        115       492       477           5.8585      1.0809         0.5182      134.9276    0.9442      3.5657      1.0141      1.1613    
2         144       133       214       493       424           6.2927      1.0612         0.0489      167.9044    1.1084      4.1723      1.0174      1.1659    
2         145       119       486       492       524           5.4857      1.0737         0.8509      136.5260    0.9907      3.7746      1.0052      1.1543    
2         146       68        454       495       420           5.7348      1.3208         -0.1786     283.7583    0.8205      2.8894      1.0876      1.2826    
3         0         39        35        15        386           4.7086      1.2314         0.5670      100.5736    0.5861      2.3095      1.1027      1.2063    
3         1         186       152       18        552           7.2623      1.0462         -0.3769     329.2002    1.1370      4.9050      1.0074      1.1333    
3         2         100       273       16        892           5.6811      1.0681         0.5712      93.3408     0.8397      3.5857      1.0177      1.2133    
3         3         27        438       14        851           3.6247      1.2934         0.8042      165.9710    0.4502      1.8346      1.0663      1.5000    
3         4         211       262       23        543           7.9582      1.0594         3.3039      106.0286    1.1777      5.0985      1.0038      1.1018    
3         5         39        167       24        396           4.5937      1.2389         0.8582      129.3495    0.5612      2.2238      1.0967      1.1667    
3         6         71        18        28        440           4.7321      1.0348         0.5384      80.9755     0.6843      2.9585      1.0051      1.2039    
3         7         210       344       42        645           8.3570      1.0957         -0.0473     134.0104    1.2562      5.4019      1.0106      1.0987    
3         8         184       306       43        582           8.6849      1.1491         0.4107      81.5242     1.1909      5.0708      1.0205      1.1098    
3         9         225       490       48        687           8.7524      1.1462         0.2708      96.5801     1.2643      5.3625      1.0246      1.0856    
3         10        127       407       46        543           7.2046      1.1472         1.7538      94.0048     0.9508      4.0702      1.0151      1.1304    
3         11        93        373       51        461           5.4918      1.0666         0.4610      137.6638    0.8336      3.5857      1.0103      1.1818    
3         12        24        249       51        804           2.6554      1.1431         0.8646      221.0281    0.3904      1.6655      1.0186      1.6667    
3         13        85        75        61        474           4.6622      1.0077         0.5199      142.3475    0.7115      3.0921      1.0000      1.2252    
3         14        139       110       66        531           6.4112      1.0077         0.4604      91.9045     0.9995      4.3208      1.0052      1.1234    
3         15        98        312       66        474           5.5703      1.0501         0.3204      130.3402    0.8367      3.5657      1.0198      1.1688    
3         16        158       343       69        562           6.8772      1.0178         0.2949      93.7295     1.0830      4.6557      1.0109      1.0929    
3         17        45        368       69        736           3.7167      1.0423         0.5905      162.9275    0.5661      2.4602      1.0000      1.3231    
3         18        38        367       75        720           3.4758      1.0999         0.5103      189.6187    0.5125      2.1962      1.0140      1.3333    
3         19        197       380       81        586           7.4786      1.1141         1.3099      153.1585    1.1393      4.8910      1.0123      1.1118    
3         20        123       334       84        475           6.6941      1.1097         0.3040      115.4370    0.9458      4.0702      1.0098      1.1471    
3         21        100       155       93        408           5.7740      1.0649         0.4381      98.9349     0.8467      3.6431      1.0099      1.1750    
3         22        226       481       96        627           7.7845      1.0629         -0.6886     330.2296    1.1905      5.1692      1.0008      1.1085    
3         23        140       193       101       518           6.7059      1.1211         0.6991      95.1784     0.9630      4.1367      1.0117      1.1362    
3         24        42        201       97        742           3.5488      1.1310         0.6155      202.9475    0.5327      2.2745      1.0177      1.3704    
3         25        142       351       102       555           6.6001      1.0119         0.3354      92.2001     1.0164      4.3968      1.0045      1.1230    
3         26        101       171       101       471           6.0501      1.0743         0.5429      73.5141     0.8486      3.6614      1.0072      1.1656    
3         27        248       398       105       687           8.3635      1.0963         1.2095      260.3220    1.2835      5.5401      1.0067      1.1157    
3         28        157       447       102       640           7.7866      1.2140         0.0497      178.7231    1.0568      4.4464      1.0329      1.1111    
3         29        108       139       102       446           5.8699      1.0052         0.6923      84.9826     0.8823      3.8339      1.0000      1.1620    
3         30        122       19        106       498           5.8871      1.0224         0.5768      245.0878    0.8951      3.8899      1.0000      1.1758    
3         31        290       223       113       634           8.6885      1.0688         -0.7283     346.6517    1.3389      5.8004      1.0031      1.1121    
3         32        181       207       127       422           7.1142      1.0183         0.2514      112.0228    1.1472      4.9596      1.0052      1.0841    
3         33        136       162       126       528           8.0985      1.2083         1.1129      91.8982     1.0315      4.3049      1.0412      1.1197    
3         34        215       308       128       694           9.9144      1.2651         0.3299      96.2601     1.2926      5.2944      1.0610      1.0674    
3         35        39        493       128       354           3.5953      1.0585         0.5859      108.9099    0.5342      2.3095      1.0051      1.3103    
3         36        158       21        132       587           7.5954      1.1328         0.0644      235.2776    1.0791      4.6237      1.0142      1.1062    
3         37        139       288       132       474           6.9127      1.0647         0.3915      99.4051     1.0005      4.3208      1.0062      1.1330    
3         38        121       455       134       503           6.0235      1.0027         0.4129      66.4832     0.9033      3.9255      1.0000      1.1848    
3         39        161       187       137       546           7.7818      1.1147         0.1577      112.9845    1.1084      4.7613      1.0116      1.1111    
3         40        208       219       140       509           7.5327      1.0408         -0.6307     311.3305    1.1835      5.1410      1.0004      1.1131    
3         41        177       161       144       570           7.8584      1.1327         0.1399      121.3179    1.1142      4.7613      1.0169      1.1150    
3         42        52        411       142       418           4.8153      1.1930         0.6385      123.4934    0.6241      2.6042      1.0414      1.2152    
3         43        155       239       164       538           6.4357      0.9929         0.2957      95.2364     1.0311      4.4782      1.0006      1.1406    
3         44        65        17        171       409           6.1053      1.2930         0.8790      101.3427    0.7343      2.9337      1.0876      1.2842    
3         45        120       427       175       504           5.9030      1.0125         0.3937      90.2561     0.8836      3.8339      1.0016      1.1751    
3         46        160       86        178       581           7.7846      1.1934         1.7985      286.2543    1.0940      4.6237      1.0282      1.1022    
3         47        319       369       184       743           8.9589      1.0655         0.0841      111.0212    1.4586      6.3155      1.0036      1.0825    
3         48        205       398       187       623           7.2194      1.0406         0.1068      197.3353    1.1751      5.0847      1.0042      1.1193    
3         49        140       334       187       532           6.5302      1.0425         0.3232      130.6663    1.0045      4.3519      1.0030      1.1261    
3         50        95        106       190       435           6.7772      1.2349         0.5104      86.7862     0.8719      3.5857      1.0567      1.1895    
3         51        160       30        200       562           6.9768      1.0145         0.4083      98.1676     1.0211      4.4301      1.0016      1.1440    
3         52        312       464       207       783           9.2884      1.0585         0.6998      334.2966    1.4607      6.3155      1.0051      1.0682    
3         53        38        268       202       354           3.5176      1.1063         0.9913      255.9897    0.5244      2.2499      1.0129      1.3333    
3         54        45        90        203       383           3.6523      1.0864         1.3304      166.0314    0.5377      2.3095      1.0117      1.3571    
3         55        255       303       209       609           9.0206      1.1102         0.3030      93.3792     1.3741      5.8860      1.0145      1.0769    
3         56        246       203       212       583           9.9290      1.1731         -0.2890     342.3646    1.3584      5.7646      1.0240      1.0829    
3         57        159       52        219       434           6.6696      1.0454         -0.2240     345.3740    1.0217      4.4301      1.0023      1.1301    
3         58        169       219       223       470           7.4706      1.0795         0.3111      152.6416    1.1069      4.7757      1.0072      1.1142    
3         59        85        295       221       376           5.5874      1.1472         0.4186      138.7224    0.7975      3.4126      1.0155      1.1884    
3         60        150       60        229       506           6.6870      1.0677         1.4391      142.2468    0.9843      4.2564      1.0049      1.1130    
3         61        131       414       229       543           6.1490      1.0226         0.7446      187.1644    0.9743      4.2067      1.0065      1.1312    
3         62        221       164       233       695           9.3501      1.1631         3.1159      255.9393    1.2619      5.3758      1.0201      1.0997    
3         63        181       207       240       548           7.8224      1.1190         -0.3746     243.5658    1.1272      4.8490      1.0101      1.1067    
3         64        90        186       238       450           6.0690      1.1571         0.4266      132.1888    0.7965      3.4126      1.0143      1.1884    
3         65        253       113       248       657           8.2167      1.0674         1.9536      322.4010    1.3131      5.6788      1.0048      1.0831    
3         66        94        382       250       461           4.7833      1.0005         2.4732      160.5829    0.7161      3.1121      1.0000      1.2321    
3         67        321       134       265       763           10.1238     1.0788         0.1081      100.4785    1.5348      6.6135      1.0085      1.0655    
3         68        321       244       265       745           9.5965      1.0792         -0.7564     344.7094    1.4693      6.3593      1.0040      1.0692    
3         69        68        162       273       365           4.7403      1.0918         0.5556      141.4799    0.6708      2.8894      1.0089      1.2421    
3         70        62        166       280       391           4.5271      1.0625         0.6385      111.8515    0.6535      2.7953      1.0159      1.2222    
3         71        157       404       291       565           8.0059      1.1128         4.1356      260.5212    1.0905      4.6713      1.0145      1.1039    
3         72        71        207       289       904           4.6732      1.0919         1.5029      143.3830    0.6779      2.9119      1.0117      1.2371    
3         73        208       296       293       640           7.4359      1.0782         0.0047      136.4022    1.1444      4.9462      1.0055      1.1090    
3         74        101       213       294       496           7.7788      1.3459         1.4080      129.6614    0.9272      3.6244      1.1117      1.1006    
3         75        155       480       299       511           6.4377      0.9965         1.1707      134.6464    1.0311      4.4782      1.0006      1.1406    
3         76        74        457       298       435           4.5506      1.0491         3.2642      276.8984    0.6959      3.0058      1.0061      1.2549    
3         77        187       242       311       667           9.6101      1.2276         0.7660      81.4223     1.2068      5.0568      1.0370      1.1003    
3         78        542       78        317       936           11.6825     1.0090         0.9735      509.0118    1.9428      8.4343      1.0010      1.0534    
3         79        120       220       317       523           6.3075      1.0566         0.9147      164.3250    0.9483      4.0873      1.0082      1.1401    
3         80        54        392       330       724           4.6763      1.2330         0.3140      199.7363    0.6341      2.6327      1.0466      1.3067    
3         81        263       137       340       679           8.6015      1.0171         -0.7146     509.9073    1.3472      5.8353      1.0033      1.1030    
3         82        60        269       335       748           3.6482      1.0096         0.5830      143.0448    0.5779      2.5111      1.0000      1.3235    
3         83        49        385       338       733           3.5092      0.9937         0.3320      256.2558    0.5779      2.5111      1.0000      1.3235    
3         84        205       402       341       538           7.4311      1.0394         0.1071      219.0749    1.1682      5.0568      1.0039      1.1207    
3         85        51        186       342       371           4.8041      1.2256         0.3044      184.4064    0.6341      2.6327      1.0466      1.3067    
3         86        124       493       346       494           6.3535      1.0785         0.5087      145.9046    0.9639      4.1205      1.0166      1.1594    
3         87        137       233       348       565           6.7759      1.1132         2.0391      146.2385    0.9818      4.2236      1.0101      1.1507    
3         88        420       275       352       840           12.5590     1.2134         0.5114      100.0966    1.7693      7.3615      1.0444      1.0450    
3         89        171       364       351       575           7.3024      1.0722         0.4741      123.7462    1.1150      4.8056      1.0083      1.1203    
3         90        40        197       354       367           3.7072      1.1181         0.7389      255.9579    0.5267      2.2238      1.0292      1.3208    
3         91        132       249       370       536           6.9938      1.0905         3.4481      132.2614    0.9671      4.1723      1.0072      1.1284    
3         92        177       392       381       525           7.3540      1.0690         -0.5016     337.8005    1.1376      4.9189      1.0050      1.1068    
3         93        215       181       384       675           8.7524      1.0972         0.3301      126.5719    1.2662      5.4274      1.0138      1.0947    
3         94        66        98        385       890           5.6016      1.2309         0.2370      268.3823    0.7272      2.9585      1.0682      1.2039    
3         95        114       313       388       506           6.6496      1.1303         0.4584      119.9710    0.9293      3.9629      1.0191      1.1385    
3         96        186       91        393       643           7.5750      1.0738         0.7791      141.0559    1.1153      4.8202      1.0055      1.1081    
3         97        165       407       392       499           6.8330      1.0075         0.5256      134.8156    1.0281      4.4624      1.0012      1.1371    
3         98        273       267       398       707           9.5122      1.1434         -0.2237     144.0076    1.3712      5.8609      1.0167      1.1020    
3         99        35        375       394       353           3.6615      1.2119         0.8167      434.3099    0.4920      2.1027      1.0169      1.4091    
3         100       178       478       400       598           7.3673      1.1005         -0.2286     161.3702    1.1320      4.8632      1.0115      1.1133    
3         101       153       69        406       445           6.2880      0.9923         0.3992      264.0653    1.0376      4.5092      1.0000      1.1474    
3         102       49        237       415       378           3.6246      1.0273         0.5727      153.7660    0.5623      2.4330      1.0043      1.2923    
3         103       84        62        417       369           5.4564      1.0873         0.4035      127.9475    0.7883      3.4126      1.0038      1.1799    
3         104       18        18        421       815           2.5483      1.1390         0.8161      177.2301    0.3538      1.5228      1.0097      1.5238    
3         105       131       189       425       512           6.8386      1.0973         0.4926      98.5233     0.9681      4.1547      1.0126      1.1509    
3         106       203       399       440       595           7.7011      1.0887         -0.4339     281.9722    1.1704      5.0708      1.0030      1.1064    
3         107       107       340       443       465           6.0223      1.0879         0.2321      158.5195    0.8555      3.6794      1.0104      1.1852    
3         108       97        19        450       445           5.6872      1.0480         0.9031      104.9846    0.8382      3.6244      1.0050      1.1923    
3         109       96        366       452       504           5.9236      1.1505         -0.1460     227.9245    0.8218      3.5095      1.0175      1.1600    
3         110       58        75        454       388           4.6470      1.1370         0.2398      195.2313    0.6421      2.7707      1.0071      1.2706    
3         111       25        495       460       805           2.5151      1.0274         0.6754      149.4542    0.4014      1.7443      1.0000      1.5172    
3         112       102       18        465       434           5.6951      1.0728         0.4423      146.9566    0.8442      3.6431      1.0070      1.1899    
3         113       37        199       465       399           3.4309      1.0252         0.6423      146.4806    0.5117      2.1962      1.0126      1.2364    
3         114       156       339       470       560           6.7184      1.0710         0.0567      143.3048    1.0031      4.3365      1.0052      1.1515    
3         115       142       385       474       550           6.4144      1.0979         0.0130      235.0198    0.9849      4.2236      1.0134      1.1300    
3         116       39        241       474       398           4.9711      1.3403         0.7023      123.0341    0.5858      2.2499      1.1314      1.2414    
3         117       105       280       476       417           7.3314      1.2581         0.3056      155.1523    0.9083      3.7366      1.0564      1.1314    
3         118       18        247       474       770           2.5429      1.1106         0.9035      154.8256    0.3402      1.4209      1.0404      1.6471    
3         119       122       48        480       546           6.9448      1.1627         0.7486      131.4446    0.9334      3.9444      1.0283      1.1282    
3         120       32        295       479       610           3.6512      1.1495         0.6910      154.0794    0.4902      2.0674      1.0303      1.3953    
3         121       80        417       482       430           4.5182      1.0071         0.3541      126.7120    0.7161      3.1121      1.0000      1.2321    
3         122       36        281       483       590           3.3516      1.0977         0.7213      224.2734    0.5029      2.1669      1.0085      1.3200    
3         123       184       294       489       435           7.1808      1.0626         0.1850      182.2487    1.1350      4.9050      1.0056      1.1184    
3         124       62        363       490       408           4.5155      1.1236         0.4601      163.7797    0.6646      2.8660      1.0078      1.2473    
3         125       56        458       492       392           3.9132      1.0454         0.4866      77.5386     0.5599      2.4330      1.0000      1.2923    
3         126       69        308       495       830           4.5486      1.0481         0.4504      135.8387    0.6804      2.9337      1.0078      1.2577    
3         127       20        212       494       806           2.9078      1.2224         1.0240      172.3188    0.3657      1.5228      1.0437      1.6000    
3         128       37        272       496       352           3.7393      1.1510         0.6726      167.6179    0.5071      2.1669      1.0169      1.4348    
3         129       19        420       496       745           1.6580      0.9781         0.7808      145.4984    0.2469      1.0730      1.0000      0.9000    
4         0         111       74        26        412           6.6840      1.2070         1.5587      153.5631    1.0024      3.8145      1.0342      1.1573    
4         1         186       113       34        634           7.3187      1.0878         0.8309      84.7532     1.2406      4.8202      1.0129      1.1310    
4         2         32        64        31        563           2.8155      1.0165         0.7292      116.6174    0.4662      1.8346      1.0000      1.5484    
4         3         29        143       31        686           3.6622      1.2582         0.7893      125.3411    0.5104      1.8744      1.0717      1.5152    
4         4         151       41        37        508           6.9051      1.0120         0.3546      52.1495     1.1239      4.4136      1.0021      1.1311    
4         5         193       141       39        679           7.5499      1.0872         0.8346      76.8398     1.2632      4.9462      1.0050      1.1019    
4         6         124       431       39        523           7.1102      1.1007         0.5560      53.0227     1.0574      4.1205      1.0099      1.1321    
4         7         102       69        40        384           6.0368      1.0597         0.8264      75.2107     0.9571      3.7558      1.0028      1.1696    
4         8         96        268       41        474           6.4161      1.1951         0.5798      64.4667     0.9638      3.6244      1.0465      1.1698    
4         9         106       53        42        357           6.1090      1.0924         0.3903      65.5498     0.9390      3.6614      1.0093      1.1875    
4         10        139       206       48        535           5.8409      1.0034         0.5359      68.1575     1.1148      4.3821      1.0012      1.1333    
4         11        64        348       47        402           4.6990      1.1091         0.5914      85.4350     0.7430      2.8894      1.0119      1.2292    
4         12        122       368       51        521           6.0187      1.0009         0.9324      55.2034     0.9884      3.8899      1.0000      1.1758    
4         13        133       108       56        533           6.5563      1.1207         0.9718      98.0066     1.0632      4.1547      1.0071      1.1564    
4         14        57        173       56        391           3.7798      1.0104         0.6279      73.6237     0.6318      2.4863      1.0000      1.3134    
4         15        316       478       63        728           9.9802      1.0874         0.7770      289.8535    1.6096      6.3155      1.0030      1.0743    
4         16        157       82        61        563           8.0449      1.0946         0.3340      49.5134     1.2042      4.7021      1.0079      1.1264    
4         17        119       387       62        438           6.6381      1.1178         1.4444      76.1704     1.0385      4.0352      1.0128      1.1443    
4         18        123       400       64        443           7.0953      1.1088         0.3505      59.7623     1.0633      4.1367      1.0115      1.1256    
4         19        109       26        68        465           5.7764      1.0227         1.0215      82.9564     0.9795      3.8529      1.0004      1.1798    
4         20        81        476       76        358           5.6374      1.1463         0.4954      179.1177    0.8516      3.2155      1.0423      1.1145    
4         21        35        61        75        393           4.0039      1.1669         0.6485      79.2359     0.5694      2.1027      1.0657      1.1698    
4         22        198       130       77        515           7.1676      1.0741         1.6258      116.3651    1.2715      4.9729      1.0063      1.1290    
4         23        126       164       77        522           6.6656      1.0914         0.5926      59.5973     1.0681      4.1723      1.0075      1.1389    
4         24        149       114       78        419           6.2672      1.0383         0.3890      92.2733     1.1116      4.3671      1.0017      1.1441    
4         25        88        356       77        462           5.3153      1.0724         0.4704      96.3930     0.8938      3.4910      1.0075      1.1544    
4         26        207       99        81        491           7.6267      1.0810         0.8615      96.3444     1.2955      5.0847      1.0027      1.1159    
4         27        134       331       82        567           6.2334      1.0101         0.3724      75.0481     1.0918      4.2724      1.0057      1.1316    
4         28        93        84        86        835           5.9331      1.0697         2.1103      78.5839     0.9166      3.5657      1.0116      1.2081    
4         29        37        75        87        820           4.4091      1.1537         0.8841      79.1322     0.6304      2.2238      1.1155      1.1111    
4         30        209       366       96        747           8.5669      1.1855         0.9455      99.0105     1.3455      5.1121      1.0358      1.0979    
4         31        78        246       102       364           5.4715      1.1616         0.5595      85.6368     0.8554      3.2860      1.0245      1.2160    
4         32        70        146       106       438           5.4151      1.2124         0.5641      90.4627     0.8100      3.0715      1.0379      1.2072    
4         33        137       80        112       516           6.7503      1.0183         1.8167      74.9397     1.1059      4.3365      1.0036      1.1271    
4         34        269       181       114       657           8.1784      1.0681         4.4083      124.3191    1.4512      5.6913      1.0034      1.1010    
4         35        89        237       111       394           5.7588      1.1622         0.6326      83.4225     0.8846      3.3918      1.0263      1.2273    
4         36        279       338       116       693           8.7425      1.0541         0.0050      114.7074    1.4876      5.8481      1.0011      1.1076    
4         37        214       385       119       693           8.7072      1.1741         0.4959      76.8133     1.3587      5.1969      1.0289      1.0977    
4         38        59        65        120       734           5.6481      1.1507         0.3964      119.4578    0.8421      2.7707      1.1961      0.9231    
4         39        217       210       126       554           8.7474      1.1296         0.3001      58.5146     1.3784      5.3357      1.0167      1.1074    
4         40        308       58        132       706           10.9640     1.1406         0.3683      108.7024    1.6870      6.5026      1.0210      1.0584    
4         41        367       292       134       790           11.1116     1.0586         0.8170      58.9881     1.8347      7.0951      1.0177      1.0379    
4         42        265       194       142       503           8.2394      1.0088         0.1839      81.4329     1.4894      5.8481      1.0023      1.1025    
4         43        20        412       135       810           2.7775      1.1360         0.9654      90.7326     0.4084      1.6021      1.0032      1.6364    
4         44        270       129       145       672           8.1054      1.0438         0.2004      82.0383     1.4855      5.8353      1.0019      1.1005    
4         45        106       298       149       403           6.9278      1.2050         0.3638      78.9448     0.9976      3.7746      1.0401      1.1412    
4         46        80        335       148       454           4.7566      0.9912         1.5366      73.5562     0.7908      3.1121      1.0000      1.2321    
4         47        183       205       152       467           7.9598      1.1116         0.3031      62.0156     1.2407      4.8347      1.0099      1.1224    
4         48        40        229       151       351           3.9496      1.0890         0.6060      98.5621     0.6101      2.3428      1.0248      1.3220    
4         49        207       390       156       590           7.1892      1.0248         0.4190      78.4099     1.3173      5.1831      1.0002      1.1111    
4         50        285       117       168       646           8.3924      1.0710         0.2476      65.3124     1.4408      5.6406      1.0052      1.1029    
4         51        40        488       164       352           3.3564      1.0736         0.7224      107.0498    0.5882      2.2745      1.0177      1.3704    
4         52        135       43        172       444           6.6696      1.0243         2.0958      89.2152     1.1065      4.3365      1.0042      1.1515    
4         53        35        54        171       762           3.9092      1.1124         0.6012      109.6774    0.5867      2.1358      1.0811      1.1034    
4         54        170       254       178       667           7.3171      1.1238         0.5184      121.8213    1.2136      4.7021      1.0157      1.1064    
4         55        140       103       178       398           6.3085      0.9979         0.3342      65.6291     1.1124      4.3519      1.0059      1.1404    
4         56        174       226       179       573           6.5858      1.0087         0.3346      78.7060     1.1497      4.5244      1.0000      1.1508    
4         57        38        438       176       370           3.7133      1.1103         0.6668      72.1861     0.5537      2.1358      1.0202      1.3333    
4         58        50        53        184       767           3.7561      1.0048         0.4592      95.5861     0.6182      2.4330      1.0000      1.3125    
4         59        61        275       184       370           4.5844      1.1841         0.3057      177.0248    0.7208      2.7953      1.0148      1.2500    
4         60        48        279       189       397           4.5186      1.2066         0.6361      120.9932    0.6626      2.4863      1.0488      1.2394    
4         61        309       356       198       753           9.1097      1.0603         0.3188      72.6929     1.6085      6.3044      1.0041      1.0808    
4         62        22        388       194       810           1.6386      0.9766         0.7617      135.2144    0.2726      1.0730      1.0000      0.9000    
4         63        81        446       197       451           5.3811      1.1976         0.2424      160.8336    0.8615      3.3082      1.0248      1.1938    
4         64        64        475       197       426           4.9488      1.0726         0.5228      47.8044     0.7449      2.8894      1.0145      1.1800    
4         65        101       97        202       468           5.7182      1.0938         0.4838      66.8460     0.9199      3.5657      1.0153      1.1688    
4         66        215       234       209       669           7.6298      1.0684         0.3879      94.8946     1.2958      5.0847      1.0029      1.0925    
4         67        52        25        209       443           4.9267      1.1226         0.4274      75.6138     0.7178      2.5435      1.1106      1.0000    
4         68        94        259       208       459           6.0642      1.1001         0.4755      72.6243     0.9158      3.5657      1.0107      1.1765    
4         69        37        60        209       353           4.0013      1.1411         0.6060      89.9875     0.5772      2.2238      1.0214      1.2963    
4         70        23        46        210       351           3.9960      1.3404         0.5399      196.9115    0.5443      1.7443      1.2281      1.2222    
4         71        150       135       218       630           8.2900      1.2065         0.4824      64.2386     1.1760      4.4624      1.0372      1.1146    
4         72        30        63        216       808           3.9475      1.2272         0.6218      97.5321     0.5429      1.9950      1.0709      1.3023    
4         73        210       82        219       622           8.6099      1.1446         2.2806      106.4899    1.3729      5.3220      1.0152      1.1019    
4         74        101       280       216       370           5.7402      1.0562         0.8311      96.9199     0.9471      3.6970      1.0082      1.1617    
4         75        311       451       221       753           9.3205      1.0779         0.6853      111.7646    1.6109      6.3044      1.0056      1.0849    
4         76        18        26        216       801           3.2740      1.3347         0.6200      149.3582    0.4263      1.5228      1.1017      1.5238    
4         77        257       290       225       590           8.2781      1.0458         0.2881      82.0843     1.4719      5.7886      1.0007      1.0998    
4         78        17        371       229       818           1.6554      1.0539         0.8230      176.9929    0.2618      1.0303      1.0000      0.8000    
4         79        59        282       234       700           4.5332      1.1044         0.4936      105.4680    0.7232      2.7953      1.0182      1.2222    
4         80        226       207       238       596           8.3228      1.0676         0.8084      166.5676    1.4263      5.5770      1.0064      1.1083    
4         81        27        419       239       351           2.9942      1.1148         0.6597      124.9583    0.4501      1.7443      1.0154      1.5172    
4         82        122       58        250       519           6.5024      1.0916         0.6431      61.5487     1.0268      3.9811      1.0150      1.1256    
4         83        146       268       251       549           7.5995      1.1610         0.6309      73.4677     1.1751      4.5092      1.0255      1.1034    
4         84        173       395       254       605           8.2443      1.0893         1.7898      72.8793     1.2407      4.8490      1.0070      1.1104    
4         85        165       36        258       576           7.8045      1.1132         0.6308      60.6074     1.2084      4.6868      1.0147      1.1032    
4         86        165       111       258       564           7.6975      1.1403         0.7483      69.8877     1.1961      4.6398      1.0146      1.1136    
4         87        108       231       260       518           5.7837      1.0830         0.8246      98.2825     0.9463      3.6794      1.0122      1.1497    
4         88        96        96        263       388           6.0715      1.1271         0.7822      67.5879     0.9154      3.5452      1.0161      1.1410    
4         89        95        180       265       471           6.8504      1.2456         1.3200      102.1097    0.9726      3.6244      1.0561      1.1553    
4         90        115       86        273       394           5.6305      1.0430         0.3874      70.1155     0.9697      3.7948      1.0056      1.1591    
4         91        194       390       278       640           7.6237      1.0752         0.2494      117.3314    1.2810      5.0137      1.0055      1.1022    
4         92        228       326       277       636           7.2407      1.0505         0.7547      106.5675    1.2975      5.0847      1.0042      1.1193    
4         93        130       443       278       582           7.5659      1.2517         0.8357      97.3355     1.0975      4.1205      1.0482      1.1111    
4         94        249       233       283       627           9.4436      1.1003         0.2895      53.6576     1.5243      5.8985      1.0170      1.0766    
4         95        37        69        279       393           3.7020      1.1245         0.6363      95.3702     0.5637      2.1669      1.0238      1.2692    
4         96        76        98        283       406           5.7057      1.2208         0.5011      78.6492     0.8262      3.0921      1.0516      1.1624    
4         97        90        300       285       440           4.4813      1.0099         0.4861      80.2260     0.7908      3.1121      1.0000      1.2321    
4         98        110       143       288       516           6.2151      1.0600         0.7236      63.5574     0.9599      3.7558      1.0058      1.1628    
4         99        143       349       287       475           6.3261      1.0760         0.4188      115.0832    1.0899      4.2564      1.0077      1.1378    
4         100       67        249       288       363           5.5123      1.2188         0.5815      86.4890     0.8015      3.0284      1.0416      1.2264    
4         101       130       468       290       536           6.5990      1.0904         0.9067      81.7050     1.0493      4.0873      1.0103      1.1401    
4         102       213       275       294       599           8.6059      1.1709         0.5730      71.5941     1.3597      5.2524      1.0187      1.1175    
4         103       97        365       297       447           6.5936      1.1471         2.4559      101.0896    0.9394      3.6244      1.0200      1.1625    
4         104       172       110       302       512           7.4391      1.0994         0.3109      73.4719     1.2307      4.8056      1.0078      1.1319    
4         105       137       95        302       461           7.7234      1.1939         0.3401      61.9106     1.1411      4.3519      1.0319      1.1453    
4         106       50        482       309       834           3.8210      1.0328         2.3712      102.2177    0.6252      2.4602      1.0000      1.3030    
4         107       88        442       316       466           5.9551      1.1088         2.2801      109.8227    0.9015      3.4528      1.0275      1.2174    
4         108       159       163       319       535           6.6168      1.0430         0.5223      89.4464     1.1305      4.4464      1.0006      1.1336    
4         109       197       37        323       489           7.3133      1.0363         0.4625      78.2654     1.2938      5.0708      1.0041      1.1166    
4         110       95        272       321       481           5.8606      1.1277         0.5550      67.8684     0.9043      3.5095      1.0140      1.1678    
4         111       75        474       320       376           5.7719      1.1726         0.4022      84.0251     0.8495      3.2397      1.0319      1.2131    
4         112       82        24        324       812           5.9359      1.1580         0.4194      51.2772     0.8553      3.2860      1.0244      1.2063    
4         113       107       198       325       466           6.0796      1.0289         1.1773      69.9421     0.9680      3.7948      1.0039      1.1657    
4         114       104       376       323       485           6.5410      1.1835         1.9628      187.2384    0.9904      3.7558      1.0378      1.1905    
4         115       458       65        333       838           10.9576     1.0070         1.2951      328.2813    1.9886      7.8250      1.0001      1.0678    
4         116       78        27        334       742           4.8096      1.0431         0.4794      49.3755     0.7626      2.9826      1.0062      1.2475    
4         117       25        488       335       815           2.5230      1.0341         0.7120      148.1980    0.4501      1.7443      1.0154      1.5172    
4         118       45        177       339       360           4.6163      1.1618         0.8238      101.3662    0.6576      2.4330      1.0636      1.1667    
4         119       116       191       342       477           6.2433      1.0875         0.3331      94.3857     1.0327      4.0172      1.0117      1.1457    
4         120       42        237       341       368           3.5444      1.0997         0.7360      112.7542    0.5882      2.2745      1.0177      1.3455    
4         121       85        260       348       477           6.7038      1.3791         0.4847      112.7834    0.9281      3.3299      1.0968      1.1818    
4         122       81        286       350       487           5.6127      1.2954         0.3777      180.8181    0.8444      3.1653      1.0498      1.2137    
4         123       81        88        359       453           4.7321      1.0165         0.3678      81.2021     0.7908      3.1121      1.0000      1.2321    
4         124       187       314       361       585           6.9357      1.0350         2.1283      113.0193    1.2737      4.9860      1.0053      1.1139    
4         125       142       349       365       586           6.4754      1.0541         0.3157      105.4684    1.1043      4.3208      1.0058      1.1379    
4         126       277       259       367       692           8.9635      1.0545         0.4516      63.0145     1.5645      6.1252      1.0052      1.0928    
4         127       77        168       366       430           4.9602      1.0645         0.5930      84.7418     0.7635      2.9826      1.0074      1.2475    
4         128       161       451       375       605           6.6311      1.1249         -0.0574     107.8292    1.0912      4.2564      1.0089      1.1378    
4         129       154       311       390       512           6.6985      1.0102         6.7137      116.1740    1.1426      4.4938      1.0006      1.1440    
4         130       198       58        392       567           7.4198      1.0380         2.2293      107.4257    1.3018      5.1121      1.0022      1.1045    
4         131       103       246       395       498           5.5568      1.0765         0.4699      91.0267     0.9481      3.6970      1.0093      1.1617    
4         132       33        458       392       760           2.6862      1.0541         0.6776      156.4550    0.4662      1.8346      1.0000      1.5484    
4         133       269       170       399       680           10.2398     1.1907         -0.0262     150.0834    1.5205      5.7886      1.0337      1.0847    
4         134       40        415       396       869           4.1191      1.1022         0.5997      81.3889     0.6039      2.3095      1.0291      1.2667    
4         135       192       376       402       597           8.8458      1.1804         0.3533      91.0602     1.3237      5.0847      1.0245      1.1024    
4         136       63        466       397       897           5.0088      1.1247         0.4524      69.4071     0.7365      2.8660      1.0113      1.2747    
4         137       220       79        410       633           8.4520      1.0621         0.1895      152.6493    1.4076      5.5022      1.0068      1.1031    
4         138       39        41        412       351           3.7641      1.0915         1.0154      96.1172     0.5791      2.2499      1.0129      1.3333    
4         139       56        103       424       392           4.3440      1.0944         0.3386      133.7871    0.7064      2.7187      1.0225      1.2530    
4         140       154       345       427       568           6.2648      1.0138         0.2947      132.5062    1.1345      4.4624      1.0005      1.1371    
4         141       127       98        449       497           6.6142      1.1171         1.7218      151.4218    1.0575      4.1205      1.0100      1.1374    
4         142       62        87        450       362           4.5348      1.0573         0.0659      185.6684    0.7544      2.9337      1.0120      1.1961    
4         143       201       278       453       613           7.5131      1.1304         1.3607      99.3349     1.2525      4.8910      1.0078      1.1229    
4         144       129       47        454       498           6.8715      1.0638         4.8460      124.3217    1.0829      4.2401      1.0051      1.1189    
4         145       115       221       455       503           6.4016      1.1173         0.5708      73.0311     1.0305      3.9629      1.0234      1.1100    
4         146       83        71        458       779           4.8896      1.0167         0.3843      86.5512     0.7760      3.0503      1.0011      1.2110    
4         147       257       137       465       677           8.6823      1.0604         0.6020      101.2367    1.4448      5.6662      1.0035      1.0913    
4         148       73        60        463       695           4.5534      1.0244         0.6960      118.0714    0.7704      3.0284      1.0012      1.2264    
4         149       73        116       464       414           4.4934      1.0137         0.4153      116.1551    0.7751      3.0503      1.0000      1.2110    
4         150       111       68        468       379           7.9243      1.2828         0.2849      97.5515     1.0453      3.9079      1.0526      1.1739    
4         151       162       178       472       533           6.6227      1.0248         0.4852      74.6538     1.1386      4.4782      1.0006      1.1406    
4         152       105       474       473       497           6.1305      1.0373         0.3393      44.2417     0.9518      3.7366      1.0024      1.1647    
4         153       49        85        472       374           3.8102      1.0666         1.1279      159.8644    0.6209      2.4330      1.0043      1.3125    
4         154       242       333       477       659           9.4908      1.1506         0.4184      84.2376     1.4900      5.6913      1.0303      1.0827    
4         155       55        105       476       371           3.9494      1.0385         0.9626      100.3093    0.6209      2.4330      1.0043      1.2923    
4         156       110       163       477       432           5.6080      1.0357         0.3572      85.1985     0.9589      3.7558      1.0048      1.1628    
4         157       87        134       479       810           4.5854      1.0006         2.9624      162.3708    0.7908      3.1121      1.0000      1.2321    
4         158       22        31        483       839           2.7565      1.1540         0.6662      173.3672    0.4266      1.6354      1.0267      1.5200    
4         159       56        65        487       402           4.9210      1.2198         0.3687      126.8461    0.7013      2.6327      1.0484      1.3067    
5         0         15        78        27        648           2.3687      1.0495         0.7280      173.6221    0.3552      1.3582      1.0967      1.5294    
5         1         52        165       27        378           5.6463      1.3493         0.5902      136.3520    0.7127      2.6625      1.1225      1.3514    
5         2         129       68        31        502           6.2720      1.0719         1.9526      195.6328    1.0169      4.2401      1.0056      1.1390    
5         3         192       115       34        635           7.6448      1.0994         0.2132      81.2063     1.1614      4.8347      1.0073      1.1263    
5         4         92        94        35        479           5.9546      1.0339         0.3572      70.0791     0.8842      3.5095      1.0564      1.0296    
5         5         171       143       40        518           7.3701      1.0302         0.3576      69.2651     1.1734      4.9050      1.0031      1.1039    
5         6         145       295       44        551           6.9760      1.0951         0.3894      61.3128     1.0243      4.2564      1.0091      1.1278    
5         7         52        389       43        396           4.0117      1.0698         0.6843      95.2998     0.5795      2.4044      1.0106      1.2813    
5         8         45        201       47        467           5.5671      1.2683         0.7371      71.8747     0.6916      2.4863      1.1664      1.0732    
5         9         90        135       53        402           5.5560      1.1057         0.4384      82.1037     0.8194      3.4126      1.0068      1.1884    
5         10        156       110       56        560           6.6855      1.0420         0.3379      78.6498     1.0569      4.4136      1.0041      1.1452    
5         11        201       176       58        649           7.6597      1.1553         0.2935      81.1580     1.1670      4.8347      1.0122      1.1037    
5         12        98        91        59        468           5.3958      1.0350         0.3351      91.2913     0.8728      3.6431      1.0046      1.1394    
5         13        37        331       61        353           3.7417      1.1300         0.6413      117.7487    0.5322      2.1962      1.0162      1.3077    
5         14        55        25        66        408           5.1674      1.2179         0.4073      73.1259     0.6640      2.5745      1.0814      1.1325    
5         15        75        389       65        451           6.0269      1.2115         3.4561      118.3557    0.7972      3.1653      1.0561      1.1094    
5         16        238       359       75        708           8.0954      1.0502         1.3391      96.1371     1.3474      5.6151      1.0062      1.1040    
5         17        241       476       77        671           8.6368      1.0604         0.7832      85.1152     1.3532      5.6406      1.0060      1.0976    
5         18        165       117       79        496           6.1741      1.0045         0.7266      112.9839    1.0753      4.5092      1.0000      1.1474    
5         19        164       167       77        522           6.2488      1.0761         1.6844      173.7008    1.0498      4.3821      1.0046      1.1525    
5         20        93        130       79        395           4.5545      0.9915         0.5420      82.1636     0.7422      3.1121      1.0000      1.2321    
5         21        73        298       82        426           5.9130      1.2773         0.4440      107.8786    0.7781      3.0715      1.0623      1.2523    
5         22        102       408       84        496           5.3457      1.0685         0.2495      122.4857    0.8729      3.6244      1.0099      1.1772    
5         23        84        191       97        488           7.0109      1.3484         0.4907      85.7061     0.8873      3.3918      1.0970      1.1739    
5         24        190       147       102       614           7.2789      1.0537         0.3852      95.5451     1.2130      5.0708      1.0030      1.1131    
5         25        64        248       102       420           4.3138      1.1959         0.2671      194.5448    0.6705      2.7452      1.0243      1.2471    
5         26        251       403       115       623           8.4632      1.0576         -0.2116     178.8770    1.3734      5.7403      1.0033      1.1043    
5         27        259       341       116       673           8.4899      1.0853         0.2264      81.4772     1.3518      5.6406      1.0049      1.1166    
5         28        124       458       115       500           6.2257      1.0083         0.3308      52.9544     0.9319      3.9079      1.0000      1.1803    
5         29        25        296       113       758           3.6461      1.2874         0.6794      157.7758    0.4810      1.7914      1.1259      1.4375    
5         30        92        483       118       483           6.3351      1.1794         0.3833      59.6894     0.8440      3.4528      1.0250      1.1667    
5         31        276       71        122       582           10.0916     1.1765         0.2248      116.1093    1.4264      5.8481      1.0228      1.0852    
5         32        74        94        119       432           6.2471      1.1948         0.4177      73.1695     0.8012      3.1391      1.0703      1.1024    
5         33        139       428       127       615           8.2928      1.2690         0.4408      89.9541     1.0813      4.2888      1.0572      1.1111    
5         34        186       60        131       491           7.6847      1.1078         0.1719      91.8059     1.1516      4.7757      1.0112      1.1065    
5         35        86        211       127       433           4.6845      1.0321         0.4203      84.3546     0.7262      3.0284      1.0056      1.2150    
5         36        377       293       133       813           10.0861     1.0458         0.1849      141.0287    1.6848      7.0345      1.0043      1.0769    
5         37        20        464       133       795           2.6159      1.0808         0.8264      108.9677    0.3765      1.5648      1.0089      1.6190    
5         38        92        28        138       482           5.9329      1.0568         0.2938      66.7066     0.8508      3.5276      1.0113      1.1069    
5         39        63        252       136       427           4.8018      1.1575         0.4927      105.7312    0.6814      2.7953      1.0221      1.2360    
5         40        137       195       140       491           6.6797      1.0417         0.3254      76.3719     1.0284      4.2888      1.0054      1.1111    
5         41        256       132       145       720           8.4852      1.0530         0.2354      62.4783     1.3772      5.7403      1.0060      1.0965    
5         42        72        188       148       728           4.5031      1.0222         0.4911      121.4677    0.7287      3.0503      1.0017      1.2110    
5         43        186       233       152       609           7.7482      1.0730         0.2955      64.8426     1.1769      4.9050      1.0061      1.1221    
5         44        94        425       154       482           8.6287      1.4070         0.4164      68.4107     0.9970      3.6052      1.1596      1.1152    
5         45        100       392       155       504           5.7119      1.0726         0.4417      78.6962     0.8774      3.6431      1.0099      1.1463    
5         46        54        281       153       406           4.3879      1.2292         0.4904      159.1715    0.6408      2.5745      1.0438      1.2877    
5         47        379       177       164       853           12.5354     1.2327         0.2374      80.6786     1.7645      7.0951      1.0428      1.0533    
5         48        217       118       168       571           8.6060      1.0857         0.2051      66.7027     1.3077      5.3758      1.0200      1.0625    
5         49        151       130       172       457           6.2872      1.0457         0.2026      112.4251    1.0581      4.4301      1.0015      1.1440    
5         50        37        442       173       398           3.7095      1.0701         0.6175      77.7941     0.5313      2.1962      1.0144      1.2830    
5         51        163       256       178       547           7.2472      1.1376         0.2591      119.2308    1.1251      4.6237      1.0203      1.1022    
5         52        162       280       187       557           6.6106      1.0214         0.3777      82.7649     1.0717      4.4938      1.0000      1.1440    
5         53        60        255       186       699           4.7021      1.2496         -0.2458     314.0916    0.6653      2.6625      1.0478      1.3158    
5         54        100       256       194       415           6.8721      1.1948         0.3787      79.9830     0.9199      3.7170      1.0378      1.1395    
5         55        268       356       197       676           9.4389      1.0685         0.2494      59.7590     1.4668      6.1135      1.0061      1.0754    
5         56        58        485       193       407           4.7192      1.0800         0.5526      53.4625     0.6650      2.7452      1.0158      1.1778    
5         57        33        239       194       680           3.5344      1.1988         0.3739      249.8297    0.5099      2.1027      1.0169      1.4091    
5         58        61        116       204       405           4.5699      1.0898         0.5126      94.6384     0.6888      2.8660      1.0078      1.2473    
5         59        175       238       209       560           7.5704      1.0770         0.2839      71.1822     1.1532      4.8056      1.0062      1.1164    
5         60        163       28        215       551           6.6647      1.0427         0.3019      98.5860     1.0671      4.4624      1.0027      1.1371    
5         61        289       452       219       780           11.0566     1.1933         0.3033      61.7922     1.5526      6.3155      1.0309      1.0522    
5         62        92        132       215       375           5.3803      1.0597         0.3508      106.4568    0.8523      3.5452      1.0081      1.1711    
5         63        210       140       225       564           8.5750      1.1008         2.4734      114.7996    1.2905      5.3492      1.0116      1.0688    
5         64        95        85        221       481           5.7087      1.0920         0.5951      81.2617     0.8550      3.5452      1.0113      1.1711    
5         65        444       288       227       1021          13.9494     1.2309         0.1867      60.4200     1.9117      7.6709      1.0450      1.0348    
5         66        68        375       230       445           4.4481      1.0422         0.4774      109.6263    0.7096      2.9585      1.0057      1.1923    
5         67        122       417       236       526           7.1744      1.1909         0.4756      86.3031     0.9757      3.9811      1.0277      1.1487    
5         68        113       169       236       509           6.7743      1.1677         0.3650      86.7688     0.9500      3.8899      1.0241      1.1444    
5         69        49        137       235       804           4.2789      1.0238         0.5910      86.1883     0.6466      2.6042      1.0411      1.0787    
5         70        173       209       238       575           7.5217      1.0558         0.2652      78.2214     1.1742      4.9050      1.0038      1.1148    
5         71        142       331       239       545           7.7980      1.1371         0.3669      61.1752     1.0853      4.4464      1.0235      1.1382    
5         72        129       60        254       527           6.6120      1.1107         1.2350      92.2949     1.0030      4.1367      1.0167      1.1204    
5         73        192       41        261       596           7.0902      1.0440         2.2635      202.0563    1.2077      5.0568      1.0014      1.1037    
5         74        139       112       259       560           6.7289      1.0525         0.3671      66.0110     1.0330      4.3049      1.0062      1.1245    
5         75        187       234       261       577           7.2745      1.0960         1.4708      132.2452    1.1659      4.8632      1.0053      1.1171    
5         76        50        337       258       378           3.5334      1.0309         1.3668      209.1124    0.5867      2.4602      1.0000      1.3030    
5         77        92        193       265       434           5.7444      1.0940         0.3644      97.2447     0.8491      3.5276      1.0094      1.1973    
5         78        165       392       278       583           7.8695      1.1314         0.4696      85.8377     1.1446      4.7321      1.0143      1.1010    
5         79        175       327       279       587           7.5747      1.1065         0.3018      67.7340     1.1470      4.7757      1.0071      1.1259    
5         80        66        102       284       422           7.2913      1.4207         0.4871      87.5781     0.8634      3.0058      1.2044      1.1963    
5         81        142       350       287       390           6.2970      1.0240         0.3408      106.2833    1.0457      4.3671      1.0041      1.1489    
5         82        171       66        292       599           7.9464      1.1299         0.9668      61.3897     1.1401      4.6868      1.0200      1.1151    
5         83        158       361       295       444           7.3478      1.1144         0.2425      106.5105    1.1256      4.6557      1.0138      1.1292    
5         84        81        412       299       449           5.4287      1.1275         0.5537      144.3142    0.7970      3.3082      1.0102      1.1846    
5         85        122       134       313       498           7.9046      1.2293         0.3738      67.4007     1.0324      4.1367      1.0465      1.1415    
5         86        246       445       317       669           8.6732      1.0642         -0.6687     254.9065    1.3528      5.6534      1.0034      1.1051    
5         87        124       64        317       397           5.8167      1.0131         0.4838      85.3044     0.9287      3.8899      1.0011      1.1758    
5         88        242       40        324       647           8.2368      1.0601         -0.1411     94.6365     1.3642      5.6913      1.0051      1.0905    
5         89        123       168       323       572           7.0220      1.1309         0.3160      79.2963     0.9852      4.0702      1.0150      1.1090    
5         90        145       274       321       523           6.4752      1.0440         0.4236      73.5036     1.0358      4.3208      1.0052      1.1429    
5         91        171       131       328       581           9.1901      1.2317         0.2962      67.3665     1.2016      4.8490      1.0391      1.0957    
5         92        456       70        334       816           13.9337     1.2024         1.2106      172.7291    1.9373      7.8428      1.0358      1.0610    
5         93        32        32        333       638           2.6410      0.9932         0.6008      125.0259    0.4470      1.8744      1.0000      1.5625    
5         94        122       318       340       475           6.5728      1.0298         0.4957      72.7788     0.9929      4.1367      1.0065      1.1362    
5         95        83        306       343       357           4.5208      1.0344         0.5023      108.2224    0.7283      3.0503      1.0011      1.2336    
5         96        127       393       347       520           7.3685      1.1298         0.2884      88.5864     1.0087      4.1723      1.0138      1.1182    
5         97        98        292       346       407           5.7958      1.1136         0.4490      87.3238     0.8565      3.5452      1.0131      1.1946    
5         98        23        266       346       743           3.5718      1.3724         0.6776      242.6880    0.4570      1.6655      1.1505      1.4286    
5         99        265       344       356       636           8.4162      1.0219         -0.0591     250.5840    1.3768      5.7525      1.0036      1.1038    
5         100       27        284       351       770           2.6296      1.0463         0.8296      157.9039    0.4160      1.7443      1.0000      1.5172    
5         101       138       252       356       426           6.5087      1.0787         0.3837      96.9277     1.0202      4.2564      1.0051      1.1480    
5         102       42        485       353       869           3.6609      1.1138         0.8194      246.7939    0.5734      2.4044      1.0000      1.3226    
5         103       125       315       363       520           6.5945      1.1160         0.4812      90.5433     0.9800      4.0702      1.0096      1.1471    
5         104       134       239       368       464           6.5210      1.0605         0.4883      99.3927     1.0325      4.2888      1.0095      1.1354    
5         105       49        263       368       378           3.6049      1.1077         0.6675      178.4509    0.5715      2.3743      1.0093      1.2698    
5         106       181       439       377       603           8.1605      1.1644         0.2055      84.0258     1.1446      4.7021      1.0207      1.1264    
5         107       65        53        377       397           4.5267      1.0683         0.4566      93.7980     0.7051      2.9337      1.0078      1.2449    
5         108       178       112       381       508           7.5749      1.0705         0.2781      134.1721    1.1776      4.8910      1.0096      1.1229    
5         109       45        292       378       388           3.7627      1.0679         0.6384      112.8319    0.5795      2.4044      1.0106      1.3016    
5         110       37        249       385       693           2.6802      1.0056         0.6652      163.0119    0.4470      1.8744      1.0000      1.5625    
5         111       75        377       389       836           4.3467      1.0014         0.6863      139.8059    0.7325      3.0715      1.0000      1.2182    
5         112       16        476       387       786           1.7422      1.0171         0.6950      123.5615    0.2581      1.0303      1.0503      0.8000    
5         113       38        125       389       781           4.6589      1.3236         0.6173      164.7477    0.5766      2.2238      1.0872      1.3462    
5         114       255       63        396       761           8.4090      1.0712         0.3391      152.1217    1.3474      5.6151      1.0062      1.0958    
5         115       135       248       394       508           5.9415      1.0379         0.1897      139.5898    1.0171      4.2401      1.0058      1.1289    
5         116       108       189       396       468           5.8785      1.0063         0.8174      96.7165     0.9157      3.8339      1.0016      1.1751    
5         117       256       378       402       576           8.4840      1.0182         0.6198      154.3603    1.3792      5.7766      1.0012      1.1002    
5         118       152       393       416       518           6.4709      1.0687         -0.0422     142.3985    1.0224      4.2564      1.0073      1.1278    
5         119       158       463       416       587           6.6345      1.0941         0.1104      122.8434    1.0443      4.3519      1.0062      1.1261    
5         120       51        114       414       383           4.6708      1.2150         0.2186      208.9733    0.6243      2.5111      1.0425      1.2676    
5         121       38        65        414       788           3.7547      1.1743         0.4250      192.7678    0.5353      2.1962      1.0222      1.4468    
5         122       52        80        424       434           5.8853      1.3767         0.3076      144.5515    0.7153      2.6625      1.1265      1.2346    
5         123       154       225       424       564           7.6692      1.1608         0.4394      78.5484     1.1130      4.5745      1.0202      1.1341    
5         124       69        106       424       387           4.7172      1.0887         0.2565      142.5591    0.7028      2.9337      1.0045      1.2200    
5         125       105       346       429       469           5.4134      1.0068         0.3196      112.1477    0.9009      3.7558      1.0058      1.1628    
5         126       175       420       437       571           7.1614      1.0543         -0.5306     194.7597    1.1828      4.9326      1.0055      1.1097    
5         127       80        30        442       429           4.7646      0.9926         0.3874      69.4407     0.7422      3.1121      1.0000      1.2321    
5         128       71        220       443       433           5.7241      1.1987         0.5743      78.8516     0.7699      3.0921      1.0441      1.1724    
5         129       133       101       451       486           6.5898      1.0703         2.7193      152.3212    1.0121      4.2067      1.0089      1.1364    
5         130       59        278       455       423           5.8121      1.2745         0.5416      99.6067     0.7503      2.8419      1.1071      1.1287    
5         131       163       365       457       484           8.0060      1.1163         0.4505      74.0739     1.1353      4.7021      1.0124      1.1304    
5         132       129       386       458       491           6.6793      1.0817         0.1774      107.3619    1.0162      4.2401      1.0050      1.1441    
5         133       250       189       464       658           8.3407      1.0785         0.4007      107.3132    1.3472      5.6151      1.0061      1.0985    
5         134       159       63        465       584           6.7246      1.0319         1.2337      121.0963    1.0614      4.4464      1.0010      1.1475    
5         135       112       93        465       581           9.2290      1.4411         0.4207      147.8736    1.0819      3.8716      1.1718      1.1459    
5         136       166       139       466       601           8.0499      1.1784         0.2420      90.7498     1.1205      4.5908      1.0235      1.1161    
5         137       96        167       465       457           4.7039      1.0084         0.4990      97.1530     0.7422      3.1121      1.0000      1.2321    
5         138       148       462       466       551           6.1917      1.0392         0.1679      191.2051    1.0582      4.4301      1.0016      1.1440    
5         139       108       118       465       455           5.8186      1.0780         0.3530      108.0628    0.8911      3.6970      1.0107      1.1829    
5         140       204       302       469       519           7.5521      1.0572         -0.2923     162.3090    1.2082      5.0426      1.0047      1.1111    
5         141       31        75        467       566           2.9385      1.0761         0.2108      226.3905    0.4272      1.7914      1.0000      1.5333    
5         142       60        356       470       383           4.5191      1.1274         0.3521      157.2608    0.6925      2.8419      1.0218      1.2258    
5         143       73        291       473       357           5.9476      1.2277         0.4146      96.1824     0.7927      3.1391      1.0589      1.1864    
5         144       129       82        476       437           6.8046      1.0931         0.3479      111.9647    1.0083      4.1897      1.0091      1.1222    
5         145       292       332       478       811           9.7800      1.1317         -0.4744     244.0069    1.4582      6.0077      1.0178      1.0759    
5         146       55        312       480       714           6.1339      1.2954         0.4958      113.6977    0.7231      2.7187      1.1153      1.0722    
5         147       135       217       482       509           7.8860      1.2534         0.4761      91.4575     1.0590      4.1723      1.0644      1.1714    
5         148       44        59        484       362           3.9306      1.1765         -0.0934     262.8869    0.5464      2.2499      1.0184      1.3585    
6         0         181       38        26        415           7.1235      1.0221         0.3402      109.1661    1.1684      4.9596      1.0052      1.1299    
6         1         167       396       30        637           7.4941      1.1500         0.3294      76.4748     1.1108      4.6557      1.0181      1.1007    
6         2         146       154       30        520           6.5388      1.0745         0.3991      74.9960     1.0157      4.3049      1.0068      1.1441    
6         3         122       193       36        617           8.1357      1.3175         0.4651      61.8480     1.0143      3.9629      1.0921      1.1443    
6         4         139       30        39        396           6.7963      1.0424         3.3536      96.1413     1.0055      4.2724      1.0043      1.1416    
6         5         70        39        38        754           5.8344      1.1522         0.4641      71.5143     0.7667      3.1121      1.0513      1.1695    
6         6         130       376       51        614           7.4144      1.1412         0.3790      63.5401     1.0248      4.1723      1.0481      1.0649    
6         7         39        436       48        742           3.7162      1.1332         1.1513      175.4829    0.5502      2.2745      1.0322      1.2982    
6         8         147       332       53        478           6.2589      1.0174         0.5070      84.6815     1.0399      4.4301      1.0016      1.1440    
6         9         137       184       54        494           7.3836      1.1953         0.5696      79.7391     1.0650      4.3821      1.0370      1.1148    
6         10        163       263       58        589           6.7474      1.0439         0.6142      83.9403     1.1195      4.7613      1.0033      1.1073    
6         11        38        424       54        707           3.6266      1.1144         0.5885      122.8757    0.5370      2.2499      1.0184      1.3585    
6         12        58        440       55        823           4.4504      1.1730         0.8809      167.1023    0.6561      2.7452      1.0199      1.2471    
6         13        44        343       58        376           5.0032      1.2791         0.6014      80.5238     0.6073      2.3095      1.1221      1.1515    
6         14        101       316       60        416           7.9731      1.3624         0.4219      80.2432     0.9716      3.6970      1.1214      1.1548    
6         15        107       425       62        430           5.8546      1.0788         0.3643      72.5340     0.8712      3.6794      1.0104      1.1852    
6         16        190       200       70        709           8.9518      1.2030         0.5871      66.3179     1.2086      4.8910      1.0545      1.0336    
6         17        197       53        77        631           8.5603      1.1418         0.3292      120.5878    1.2444      5.2105      1.0191      1.0909    
6         18        234       165       78        679           8.2629      1.0988         0.3192      68.4734     1.2956      5.4772      1.0094      1.1042    
6         19        49        422       77        692           4.1144      1.1101         0.6131      75.7018     0.5590      2.3428      1.0182      1.3220    
6         20        43        264       79        371           3.3624      0.9911         0.7185      118.5862    0.5635      2.4044      1.0000      1.3226    
6         21        31        339       85        853           3.4530      1.1520         0.6652      142.1340    0.4810      2.0296      1.0112      1.4146    
6         22        259       418       90        636           8.3125      1.0302         0.3436      70.5743     1.3336      5.6534      1.0066      1.0971    
6         23        89        363       91        441           4.5644      1.0077         0.4057      88.7064     0.7246      3.0921      1.0000      1.2252    
6         24        274       90        99        666           9.7028      1.1508         0.0772      95.7590     1.4175      5.9352      1.0191      1.0826    
6         25        57        440       94        759           4.6292      1.2193         0.5160      120.2192    0.6457      2.6327      1.0466      1.3067    
6         26        206       445       105       610           8.8191      1.2080         0.2387      83.3153     1.2621      5.2240      1.0309      1.0966    
6         27        423       310       109       899           10.5856     1.0425         -0.2437     208.4180    1.6754      7.1254      1.0034      1.0765    
6         28        100       24        103       470           6.6458      1.1876         0.4282      78.5919     0.8962      3.6970      1.0344      1.1758    
6         29        62        77        104       779           4.7701      1.1365         0.3980      111.8938    0.6679      2.7953      1.0196      1.2222    
6         30        94        273       108       483           5.6458      1.0331         0.4579      71.5364     0.8458      3.5657      1.0122      1.1613    
6         31        255       153       120       655           8.6937      1.0353         0.3204      48.6175     1.3585      5.7766      1.0035      1.1080    
6         32        129       50        122       450           6.4351      1.0501         0.4111      113.3138    0.9945      4.2236      1.0048      1.1455    
6         33        135       181       123       431           6.7761      1.0645         0.5792      63.8597     0.9972      4.2236      1.0075      1.1560    
6         34        195       89        126       607           7.2526      1.0212         0.4055      124.2014    1.2065      5.1410      1.0014      1.1065    
6         35        122       38        128       427           6.7885      1.1150         0.4199      89.0857     0.9692      4.0873      1.0118      1.1456    
6         36        20        252       128       842           3.1090      1.2515         0.9187      114.2417    0.3863      1.5648      1.0534      1.5455    
6         37        89        413       132       509           5.6540      1.0592         0.4639      65.7931     0.8290      3.4528      1.0245      1.1351    
6         38        122       379       134       523           6.9362      1.1812         0.3633      68.2729     0.9501      3.9629      1.0230      1.1503    
6         39        436       195       140       912           12.9799     1.2109         -0.0952     153.5967    1.7960      7.4293      1.0315      1.0583    
6         40        39        277       139       351           3.5425      1.1490         0.7928      189.8815    0.5370      2.2499      1.0184      1.3333    
6         41        268       445       145       770           10.7287     1.2319         0.6572      63.1960     1.4388      5.8609      1.0476      1.0995    
6         42        18        139       140       672           2.4726      1.1056         0.9114      135.7225    0.3494      1.4753      1.0107      1.5789    
6         43        141       146       148       597           7.8596      1.1999         0.3898      62.6802     1.0623      4.3671      1.0380      1.1203    
6         44        110       216       150       430           6.6109      1.1123         0.4425      82.5259     0.9400      3.9255      1.0218      1.1414    
6         45        167       271       159       628           7.7055      1.1223         0.4635      71.2385     1.1104      4.6237      1.0247      1.1103    
6         46        120       93        164       500           6.6190      1.1154         0.3885      69.7250     0.9597      4.0529      1.0105      1.1542    
6         47        122       488       166       500           5.7058      1.0053         0.5035      57.9936     0.9200      3.9255      1.0000      1.1848    
6         48        113       406       166       507           6.5628      1.1345         0.3682      68.5423     0.9371      3.9255      1.0187      1.1354    
6         49        239       375       173       643           8.6318      1.0184         0.2849      49.7999     1.3516      5.7525      1.0026      1.0935    
6         50        54        256       170       392           3.7189      1.0787         0.5541      122.9550    0.5726      2.4330      1.0043      1.3125    
6         51        142       45        193       521           6.7187      1.0511         0.3366      80.1966     1.0231      4.3519      1.0032      1.1261    
6         52        192       154       196       700           9.2736      1.2081         0.4073      61.1394     1.2359      5.0568      1.0429      1.0904    
6         53        72        314       198       360           5.5068      1.1676         0.4852      88.2239     0.7558      3.1391      1.0274      1.2069    
6         54        51        51        200       877           4.9359      1.1527         0.5259      81.4900     0.6460      2.5745      1.0707      1.0682    
6         55        134       451       203       504           6.7960      1.0848         0.4161      69.0055     1.0014      4.2401      1.0077      1.1239    
6         56        299       300       207       561           8.3368      1.0425         0.5318      136.0672    1.3772      5.8735      1.0005      1.1016    
6         57        49        393       208       403           3.8588      1.1178         0.5862      104.1280    0.5544      2.3428      1.0097      1.3000    
6         58        164       187       212       552           7.4264      1.1403         0.3057      93.3216     1.1193      4.6868      1.0191      1.1151    
6         59        155       463       218       521           6.5448      1.0605         0.7028      106.6440    1.0241      4.3519      1.0042      1.1453    
6         60        129       313       220       424           6.8068      1.1167         0.4391      67.4051     0.9765      4.1205      1.0112      1.1538    
6         61        127       153       222       522           7.2964      1.1419         0.6099      65.5186     0.9896      4.1723      1.0121      1.1389    
6         62        198       76        235       543           9.0850      1.2042         0.5105      77.3180     1.2459      5.1552      1.0313      1.0994    
6         63        182       252       237       619           7.3372      1.0417         0.4051      69.7092     1.1535      4.8910      1.0063      1.1082    
6         64        226       59        238       578           7.4533      1.0387         1.9407      356.7831    1.2119      5.1692      1.0004      1.1085    
6         65        166       212       242       577           7.1920      1.0643         0.4207      81.6552     1.1256      4.7757      1.0058      1.1142    
6         66        43        407       246       367           3.6477      1.0272         0.7564      118.9966    0.5660      2.4044      1.0045      1.3016    
6         67        71        166       251       414           4.6494      1.0483         0.5944      91.4917     0.7083      3.0058      1.0055      1.2190    
6         68        163       187       256       573           7.9315      1.0984         0.3446      59.0336     1.0999      4.6237      1.0151      1.1353    
6         69        90        343       255       488           5.7891      1.1135         0.4798      73.3257     0.8154      3.4329      1.0135      1.1773    
6         70        31        19        255       823           2.7779      0.9944         0.6518      109.1126    0.4393      1.8744      1.0000      1.5625    
6         71        107       131       262       532           6.4058      1.0775         0.4481      63.4814     0.9274      3.8716      1.0222      1.0872    
6         72        26        134       268       820           5.0625      1.4950         0.8627      99.5575     0.5420      1.7914      1.2911      1.3529    
6         73        131       55        273       481           6.9427      1.0613         0.3036      47.9015     0.9912      4.2067      1.0054      1.1312    
6         74        175       429       277       584           7.4229      1.0643         0.0003      132.5321    1.1562      4.9050      1.0058      1.1003    
6         75        49        446       277       353           4.9153      1.2673         0.8933      166.4444    0.6302      2.5111      1.0708      1.2676    
6         76        35        474       280       753           3.2014      1.0430         0.5508      144.3266    0.5219      2.1962      1.0140      1.3333    
6         77        47        59        282       642           3.4615      1.0911         1.3951      355.6881    0.5660      2.4044      1.0045      1.3016    
6         78        135       217       288       562           6.4386      1.0403         0.6463      71.1663     0.9857      4.1723      1.0081      1.0933    
6         79        145       341       286       509           8.1503      1.1805         0.4145      56.3176     1.0570      4.3821      1.0292      1.1429    
6         80        34        459       284       648           3.4968      1.1309         0.9297      186.3479    0.5011      2.1027      1.0169      1.3191    
6         81        95        47        289       738           5.9714      1.0763         0.4271      54.2786     0.8457      3.5452      1.0179      1.1788    
6         82        211       82        293       477           8.3830      1.0993         0.5979      101.2645    1.2832      5.4400      1.0065      1.1029    
6         83        158       315       293       518           7.8461      1.1210         2.4679      67.9917     1.0940      4.6074      1.0132      1.1278    
6         84        207       464       295       664           9.1596      1.2149         0.2877      99.1932     1.2473      5.1410      1.0353      1.1065    
6         85        211       57        300       582           8.9515      1.1526         0.1759      51.0631     1.2555      5.2524      1.0200      1.0955    
6         86        61        329       294       730           4.4927      1.0217         0.6189      74.1215     0.6759      2.8660      1.0064      1.2211    
6         87        252       185       303       653           8.6658      1.0994         0.7258      98.1058     1.3081      5.5401      1.0075      1.1015    
6         88        89        425       302       466           4.8312      0.9947         2.9716      89.9337     0.7293      3.1121      1.0000      1.2321    
6         89        342       90        310       683           11.0590     1.1095         0.9036      73.9752     1.5884      6.7095      1.0102      1.0671    
6         90        271       412       322       779           8.8967      1.0829         0.9059      334.1964    1.3314      5.6534      1.0049      1.0944    
6         91        127       489       325       447           6.2183      1.0749         0.2209      83.6874     0.9719      4.0702      1.0190      1.1471    
6         92        143       314       328       556           6.7232      1.0717         0.5993      67.9209     1.0187      4.3365      1.0024      1.1368    
6         93        158       480       331       540           8.7856      1.2473         0.8765      110.4415    1.1397      4.5413      1.0709      1.0657    
6         94        223       361       332       555           8.4310      1.0907         0.2156      141.0043    1.2881      5.4525      1.0081      1.1082    
6         95        131       192       334       453           6.3137      1.0320         0.5833      97.5156     0.9986      4.2401      1.0050      1.1140    
6         96        224       274       336       597           10.0342     1.1704         0.4216      51.3791     1.3331      5.5149      1.0315      1.0644    
6         97        139       202       338       480           7.7945      1.1447         0.5013      80.0879     1.0556      4.3821      1.0279      1.0837    
6         98        148       384       341       558           6.6533      1.0694         0.8608      135.4063    1.0207      4.3365      1.0043      1.1224    
6         99        134       257       344       448           6.6567      1.0690         0.3943      68.8988     1.0101      4.2888      1.0050      1.1454    
6         100       119       349       347       490           6.8012      1.1191         0.3590      81.3091     0.9612      4.0529      1.0120      1.1154    
6         101       110       69        349       514           6.1861      1.0958         0.4464      59.1314     0.8776      3.7170      1.0075      1.1667    
6         102       41        112       349       780           4.0490      1.1820         0.6684      140.4019    0.5474      2.2745      1.0270      1.2982    
6         103       127       129       357       520           6.6990      1.0692         0.3335      83.0591     0.9874      4.1723      1.0099      1.1336    
6         104       244       214       357       666           8.9258      1.1625         0.9918      166.0388    1.2676      5.3083      1.0189      1.1180    
6         105       122       264       359       353           8.1242      1.2303         0.4222      60.7716     1.0110      4.1367      1.0428      1.1362    
6         106       78        108       359       430           4.6912      1.0337         0.4895      116.0153    0.7293      3.1121      1.0000      1.2321    
6         107       174       26        366       592           7.6143      1.1211         0.3395      52.3384     1.1349      4.7757      1.0141      1.1065    
6         108       56        490       363       368           4.3627      1.1538         1.4963      229.5522    0.6577      2.7707      1.0129      1.2558    
6         109       228       81        371       626           8.1581      1.0703         0.2248      123.0470    1.3208      5.5891      1.0084      1.0995    
6         110       258       262       370       663           8.7811      1.1600         0.2314      110.2977    1.2859      5.4147      1.0133      1.1099    
6         111       46        485       374       359           3.4377      1.1212         1.3241      633.1611    0.5504      2.3095      1.0170      1.3571    
6         112       165       394       380       553           7.4071      1.0654         0.3448      89.5379     1.1376      4.8202      1.0071      1.1044    
6         113       254       50        384       663           12.6754     1.3260         0.3423      43.4414     1.4963      5.8353      1.0942      1.0783    
6         114       62        276       389       386           3.7023      0.9899         0.5779      88.8829     0.5885      2.5111      1.0000      1.3235    
6         115       66        176       393       396           4.5745      1.0243         0.4614      114.0706    0.6978      2.9585      1.0064      1.2400    
6         116       126       481       394       463           6.5170      1.1087         0.2802      72.1122     0.9751      4.1040      1.0138      1.1498    
6         117       174       31        399       564           7.8108      1.0217         0.2959      43.4307     1.1627      4.9326      1.0058      1.1061    
6         118       169       244       398       653           7.8025      1.1453         0.5013      57.7090     1.0999      4.6074      1.0187      1.1029    
6         119       26        185       397       731           3.4407      1.1321         1.1557      170.5295    0.4806      1.8744      1.0940      1.2821    
6         120       101       126       401       504           5.5749      1.0435         0.3613      102.1965    0.8572      3.6431      1.0041      1.1534    
6         121       137       466       406       454           7.2889      1.0696         0.3247      52.4581     1.0155      4.3049      1.0065      1.1197    
6         122       149       416       414       543           6.5168      1.0517         0.3799      83.2769     1.0333      4.3968      1.0028      1.1417    
6         123       161       437       415       525           6.4432      0.9934         0.3592      73.6701     1.0567      4.5092      1.0000      1.1474    
6         124       195       180       417       575           7.5851      1.0404         0.4992      92.9110     1.1963      5.0985      1.0012      1.1051    
6         125       97        457       415       413           5.6747      1.0773         0.9399      115.9436    0.8607      3.6431      1.0081      1.1605    
6         126       214       326       424       598           7.7220      1.1087         0.7958      178.6493    1.1735      4.9729      1.0070      1.1218    
6         127       66        287       425       426           4.6775      1.1004         0.6328      84.8564     0.6920      2.9337      1.0065      1.2200    
6         128       239       28        433       630           8.3498      1.1028         0.4200      134.4729    1.3137      5.5149      1.0165      1.1111    
6         129       277       114       435       628           9.3905      1.0275         0.2920      166.3344    1.4583      6.1484      1.0121      1.0533    
6         130       28        94        434       762           2.8564      1.0290         0.5878      343.9866    0.4299      1.8346      1.0000      1.5484    
6         131       136       234       437       518           7.8728      1.2228         0.4846      55.2374     1.0375      4.2564      1.0401      1.1584    
6         132       268       207       441       653           8.5192      1.0964         0.0537      169.7547    1.3322      5.6534      1.0055      1.1106    
6         133       110       399       440       460           5.7340      1.0332         0.3749      75.8702     0.8828      3.7366      1.0081      1.1928    
6         134       157       188       442       518           6.5322      1.0147         0.7210      81.9051     1.0366      4.4136      1.0022      1.1265    
6         135       158       479       444       530           6.3520      1.0713         0.1344      103.3599    1.0292      4.3671      1.0056      1.1489    
6         136       170       318       447       554           6.5707      1.0067         0.3345      86.4920     1.0603      4.5244      1.0000      1.1508    
6         137       36        328       445       680           4.0601      1.1001         0.6254      93.4499     0.5685      2.1027      1.1538      1.1273    
6         138       194       152       448       630           7.6536      1.0669         0.4141      133.1785    1.1779      4.9990      1.0055      1.1097    
6         139       206       376       453       682           7.4065      1.0350         0.3586      131.3310    1.1854      5.0426      1.0031      1.1043    
6         140       256       350       454       750           8.7196      1.1019         0.5112      177.9314    1.3288      5.6021      1.0121      1.0963    
6         141       67        50        449       441           4.7479      1.0914         0.4382      80.9832     0.6809      2.8660      1.0137      1.2211    
6         142       126       99        453       465           6.4373      1.0507         0.6345      105.3140    0.9904      4.1897      1.0087      1.1589    
6         143       217       234       460       661           8.5157      1.1522         0.4323      73.3580     1.2731      5.3220      1.0207      1.0899    
6         144       157       476       468       486           6.6901      1.0718         0.1446      73.6893     1.0368      4.4136      1.0024      1.1311    
6         145       211       460       471       573           7.8872      1.0998         0.1665      78.5246     1.1833      5.0282      1.0042      1.1084    
6         146       35        153       469       395           3.6138      1.0933         0.5922      131.9148    0.5151      2.1358      1.0291      1.2308    
6         147       156       87        471       589           7.2446      1.0787         0.3690      95.9138     1.0940      4.6074      1.0132      1.0909    
6         148       287       134       484       737           9.6799      1.0846         0.1606      150.8614    1.4391      6.0898      1.0084      1.0826    
6         149       114       279       482       508           6.6678      1.1487         0.4783      67.9022     0.9527      3.9811      1.0212      1.1546    
6         150       66        384       481       424           4.3063      1.0630         0.5142      125.2208    0.6986      2.9585      1.0076      1.2525    
6         151       61        85        486       431           4.9992      1.1829         0.4674      90.4350     0.6547      2.6911      1.0382      1.1724    
7         0         95        87        10        467           6.4882      1.2199         1.1757      184.0127    0.9830      3.5657      1.0568      1.2000    
7         1         50        18        14        408           5.7275      1.3383         0.4500      98.3815     0.7814      2.6042      1.1503      1.2152    
7         2         147       394       16        496           7.6696      1.1835         0.2255      101.0718    1.2024      4.4782      1.0293      1.1315    
7         3         229       39        27        532           8.0939      1.0399         1.1455      167.3838    1.4812      5.6534      1.0044      1.0892    
7         4         136       155       32        534           6.6534      1.0900         0.1748      108.4342    1.1113      4.2236      1.0087      1.1351    
7         5         161       396       32        547           7.7048      1.1742         -0.1105     127.5464    1.2238      4.5908      1.0219      1.1161    
7         6         20        370       33        809           2.6494      1.1140         0.7569      187.4942    0.4335      1.5648      1.0620      1.5455    
7         7         22        191       35        839           2.5881      1.0148         0.8209      139.6597    0.4344      1.6655      1.0000      1.4815    
7         8         141       34        40        421           6.8088      1.0259         2.3405      107.1013    1.1330      4.3208      1.0052      1.1092    
7         9         94        316       38        438           5.9697      1.1092         0.4345      85.7788     0.9230      3.4910      1.0136      1.1781    
7         10        20        288       38        836           2.6378      1.0067         0.8586      127.2547    0.4385      1.6021      1.0493      1.3333    
7         11        168       332       52        493           6.9251      1.0741         0.7801      160.6380    1.2641      4.8056      1.0084      1.1280    
7         12        24        122       51        797           2.6928      0.9865         0.6033      147.3121    0.4673      1.7914      1.0000      1.5333    
7         13        101       185       55        477           5.8642      1.1184         0.5958      107.1035    0.9519      3.5857      1.0177      1.1818    
7         14        23        137       55        823           3.1136      1.1915         0.7205      157.3139    0.4499      1.6655      1.0356      1.5385    
7         15        156       264       58        540           6.2312      1.0019         0.2857      100.7532    1.1722      4.4938      1.0000      1.1440    
7         16        58        359       58        390           3.7189      0.9882         0.6961      119.8196    0.6550      2.5111      1.0000      1.3235    
7         17        53        440       57        393           3.6851      1.0852         -0.2161     292.5096    0.6444      2.4602      1.0042      1.3030    
7         18        62        318       61        357           4.7801      1.1575         0.4462      125.4704    0.7389      2.7953      1.0133      1.2644    
7         19        318       202       74        823           10.9799     1.1520         1.5740      106.3663    1.7276      6.4800      1.0220      1.0569    
7         20        196       55        78        590           8.4365      1.1332         0.1732      99.2226     1.3782      5.1831      1.0194      1.1047    
7         21        221       167       79        665           8.3921      1.0966         -0.0922     106.6481    1.4295      5.4274      1.0097      1.1005    
7         22        80        380       90        426           4.6097      1.0087         0.6031      117.9675    0.8066      3.0921      1.0000      1.2252    
7         23        207       418       92        589           8.2881      1.0618         0.1080      88.4080     1.4140      5.3889      1.0059      1.0933    
7         24        66        110       92        399           3.8081      1.0379         0.3611      109.5304    0.6418      2.4602      1.0000      1.3231    
7         25        41        364       92        364           3.8420      1.1143         0.4940      159.4802    0.6057      2.2499      1.0321      1.2857    
7         26        91        45        95        471           5.8758      1.1122         0.9363      135.0249    0.9419      3.5452      1.0185      1.1410    
7         27        26        490       94        385           3.2117      1.0553         0.5711      91.5616     0.5018      1.7443      1.1029      1.1892    
7         28        276       92        99        579           10.3537     1.1758         -0.5514     155.7264    1.6637      6.2048      1.0279      1.0730    
7         29        103       443       95        424           6.8809      1.2568         0.4269      110.5276    1.0055      3.6431      1.0581      1.1394    
7         30        188       445       106       565           8.6846      1.1974         -0.2258     132.0509    1.3500      5.0137      1.0323      1.1022    
7         31        168       222       106       631           8.1564      1.1490         0.2624      87.4324     1.2421      4.6557      1.0228      1.0890    
7         32        405       311       110       877           10.3034     1.0368         -0.9537     329.9879    1.8505      7.0751      1.0027      1.0776    
7         33        56        26        104       409           4.8970      1.2024         0.2608      143.8904    0.7232      2.6625      1.0413      1.2195    
7         34        129       80        107       374           6.9717      1.1114         0.1467      117.4137    1.1091      4.2067      1.0107      1.1468    
7         35        205       156       119       589           8.5909      1.1144         0.3814      76.8644     1.4026      5.3083      1.0130      1.1086    
7         36        32        256       114       852           3.4196      1.1603         0.5861      218.1751    0.5489      2.0674      1.0178      1.4286    
7         37        177       52        123       539           7.3742      1.0612         1.3252      216.9001    1.2778      4.8632      1.0072      1.1060    
7         38        226       91        127       618           8.1039      1.0663         0.3208      95.5479     1.4637      5.5770      1.0061      1.1055    
7         39        136       40        128       434           6.3445      1.0167         1.5224      199.5958    1.1292      4.3208      1.0019      1.1330    
7         40        132       416       135       514           5.9620      1.0025         0.4621      77.0388     1.0240      3.9255      1.0000      1.1848    
7         41        432       197       140       901           12.7361     1.1953         -0.9625     295.8771    1.9918      7.4293      1.0278      1.0583    
7         42        57        270       141       363           3.8062      1.0104         0.3726      119.8198    0.6485      2.4863      1.0000      1.3134    
7         43        156       243       144       560           7.6399      1.1286         0.3906      99.4104     1.2106      4.5745      1.0145      1.1212    
7         44        36        277       140       781           3.6835      1.1681         0.5832      183.1063    0.5748      2.1669      1.0169      1.4348    
7         45        259       446       147       795           9.7195      1.1886         -0.2514     101.1097    1.5205      5.6534      1.0311      1.0813    
7         46        124       148       147       525           5.8855      1.0341         0.2936      96.3300     1.0066      3.8529      1.0015      1.1798    
7         47        116       217       151       410           5.9231      1.0330         0.2265      116.2722    0.9945      3.7948      1.0046      1.1657    
7         48        17        63        152       815           2.4534      1.1171         0.8106      201.2738    0.3794      1.4209      1.0237      1.5556    
7         49        136       272       160       603           7.4434      1.1293         0.2361      104.8372    1.1633      4.3049      1.0360      1.0826    
7         50        56        342       159       438           4.9177      1.1706         0.3920      113.0167    0.7371      2.7452      1.0294      1.2045    
7         51        102       96        164       513           5.9684      1.1039         0.5338      96.1649     0.9578      3.6244      1.0131      1.1481    
7         52        105       487       167       469           5.7182      1.0562         0.4229      81.2724     0.9762      3.7170      1.0068      1.1529    
7         53        335       373       173       799           10.4147     1.0398         0.0322      70.2244     1.7814      6.7919      1.0055      1.0636    
7         54        73        405       167       439           4.7819      1.0721         0.4055      112.5566    0.7840      2.9826      1.0077      1.2115    
7         55        54        257       171       368           3.7938      1.0386         0.4794      150.2810    0.6485      2.4863      1.0000      1.3134    
7         56        171       96        181       454           7.8928      1.0947         0.6091      82.5084     1.2600      4.7907      1.0083      1.1289    
7         57        68        132       182       462           6.0537      1.2548         0.3217      102.4715    0.8607      3.0503      1.0817      1.1579    
7         58        77        258       183       410           4.8033      1.0579         0.3975      107.8402    0.7864      3.0058      1.0030      1.2190    
7         59        89        49        185       393           5.7190      1.1018         0.4689      119.7121    0.9256      3.5095      1.0111      1.1757    
7         60        138       87        191       427           6.9113      1.0566         0.3035      74.7786     1.1197      4.2724      1.0047      1.1467    
7         61        101       47        194       450           5.8860      1.0955         0.3473      106.8441    0.9433      3.5657      1.0142      1.1321    
7         62        52        230       193       400           4.5874      1.1385         0.3641      134.7350    0.7028      2.6327      1.0233      1.2405    
7         63        49        156       196       460           6.1854      1.3901         0.5630      145.8489    0.7995      2.5745      1.1905      1.1899    
7         64        19        420       197       784           1.6387      0.9704         0.6020      174.4217    0.2799      1.0730      1.0000      0.9000    
7         65        124       450       204       491           6.9361      1.1303         0.1747      101.3953    1.0902      4.1040      1.0184      1.1174    
7         66        60        490       201       410           3.6880      0.9935         0.5953      110.1428    0.6550      2.5111      1.0000      1.3235    
7         67        329       301       208       644           9.1266      1.0526         -0.0435     119.8816    1.6754      6.4025      1.0031      1.0681    
7         68        78        394       209       456           4.6704      1.0601         0.3776      111.7820    0.7879      3.0058      1.0048      1.2190    
7         69        165       189       213       536           7.5327      1.1109         0.0052      131.0561    1.2541      4.7468      1.0129      1.1042    
7         70        102       417       217       526           6.2722      1.1132         0.3738      85.3060     0.9626      3.6244      1.0181      1.1625    
7         71        151       463       219       503           6.4675      1.0448         -0.2891     151.1049    1.1483      4.3821      1.0046      1.1525    
7         72        153       313       220       444           7.7291      1.1431         0.3059      84.3122     1.2128      4.5413      1.0238      1.1231    
7         73        139       155       223       457           7.0099      1.0930         0.5237      92.2525     1.1093      4.2236      1.0069      1.1455    
7         74        161       172       229       471           7.9731      1.1404         0.3935      88.1882     1.2266      4.6074      1.0206      1.1450    
7         75        61        19        231       379           4.4352      1.0966         0.3641      160.8256    0.7351      2.7707      1.0172      1.2558    
7         76        199       79        235       562           9.2049      1.1951         0.2620      70.3975     1.3846      5.1410      1.0325      1.0936    
7         77        227       62        238       547           7.7923      1.0542         1.6339      281.2349    1.4722      5.6151      1.0051      1.1012    
7         78        183       253       238       615           7.6147      1.0630         0.3427      89.8055     1.2836      4.8490      1.0148      1.1141    
7         79        102       143       238       488           6.1408      1.0923         0.3966      84.9386     0.9632      3.6614      1.0084      1.1656    
7         80        209       214       244       643           9.1762      1.1596         0.0461      114.1161    1.4041      5.2664      1.0221      1.0799    
7         81        103       167       251       493           6.6027      1.1668         1.0299      113.6533    1.0143      3.7746      1.0301      1.1676    
7         82        102       414       255       474           6.1905      1.0681         0.3346      87.9107     0.9812      3.7366      1.0066      1.1647    
7         83        66        344       256       424           4.4563      1.0227         0.4703      117.0310    0.7589      2.8894      1.0069      1.2292    
7         84        76        476       264       437           4.7270      1.0038         0.3193      87.2388     0.7909      3.0284      1.0012      1.2264    
7         85        54        135       265       413           4.9376      1.2136         0.5326      119.7980    0.7076      2.6042      1.0417      1.2632    
7         86        124       252       273       507           5.7852      1.0088         1.6586      119.9654    1.0194      3.9079      1.0000      1.1803    
7         87        191       377       276       607           7.8141      1.0483         0.2137      94.4573     1.3042      4.9729      1.0054      1.1041    
7         88        152       429       277       542           6.6869      1.0647         -0.5729     296.3576    1.1479      4.3821      1.0042      1.1381    
7         89        102       446       278       447           5.7740      1.1085         0.0140      169.5711    0.9511      3.5857      1.0169      1.1667    
7         90        151       272       282       497           6.8878      1.0584         3.0839      106.4129    1.1446      4.3671      1.0048      1.1538    
7         91        39        47        280       351           3.7746      1.1001         0.4868      104.5661    0.5879      2.2238      1.0135      1.3208    
7         92        33        473       282       747           2.7766      1.0525         0.3600      201.0601    0.4786      1.8346      1.0000      1.5484    
7         93        61        130       283       405           4.7497      1.0921         0.5107      102.3920    0.7465      2.8190      1.0152      1.1789    
7         94        207       86        293       617           7.6473      1.0474         -0.0644     99.6461     1.3309      5.0847      1.0034      1.0958    
7         95        107       219       289       494           6.0853      1.0963         0.5993      106.0239    0.9771      3.7170      1.0078      1.1807    
7         96        119       157       291       522           6.4452      1.0971         1.8722      147.4528    1.0565      3.9990      1.0128      1.1357    
7         97        166       464       296       605           9.1915      1.2808         -0.1563     151.3760    1.2850      4.6713      1.0546      1.1119    
7         98        106       406       294       495           5.9953      1.0421         0.3577      94.0191     0.9746      3.7170      1.0052      1.1598    
7         99        219       59        299       637           8.9346      1.1188         0.0103      77.1263     1.4359      5.4274      1.0142      1.1064    
7         100       291       187       302       705           9.2620      1.0507         0.1740      85.7205     1.6359      6.2377      1.0054      1.0784    
7         101       86        120       300       448           4.7259      0.9931         0.3318      85.5026     0.8118      3.1121      1.0000      1.2321    
7         102       68        281       313       420           4.6957      1.0927         0.3917      111.5972    0.7662      2.9119      1.0087      1.2371    
7         103       283       412       323       743           9.8078      1.1182         -0.9955     472.6842    1.5787      5.9957      1.0094      1.0763    
7         104       179       133       325       602           7.9124      1.0891         0.4326      99.2110     1.2853      4.8910      1.0075      1.0868    
7         105       111       433       326       454           6.4714      1.1146         0.1568      122.3137    0.9883      3.7558      1.0087      1.1765    
7         106       312       484       329       710           10.1531     1.0762         -0.3514     111.8645    1.7465      6.5581      1.0209      1.0358    
7         107       121       315       328       555           7.0155      1.1844         0.5438      105.4513    1.0621      3.9629      1.0274      1.1562    
7         108       21        146       328       691           2.8473      1.1920         0.5726      170.8831    0.4107      1.5228      1.0340      1.5238    
7         109       208       362       332       538           7.6047      1.0406         -0.5060     207.2308    1.3429      5.1410      1.0014      1.1065    
7         110       97        37        333       438           6.0617      1.0971         0.3976      70.7831     0.9616      3.6431      1.0119      1.1534    
7         111       77        193       333       860           4.6289      1.0367         0.3449      160.6270    0.7980      3.0503      1.0029      1.2222    
7         112       197       204       336       575           7.4866      1.0272         1.4365      277.2341    1.3293      5.0847      1.0022      1.0991    
7         113       174       274       336       520           8.9107      1.1717         0.4320      84.3572     1.3342      4.9462      1.0341      1.0881    
7         114       73        25        338       437           6.7761      1.2555         0.3818      67.4868     0.9287      3.1121      1.1440      1.0000    
7         115       121       446       339       543           6.5599      1.1480         0.9351      150.5148    1.0535      3.9444      1.0239      1.1399    
7         116       164       384       341       551           7.5625      1.1292         -0.0930     160.2147    1.2358      4.6557      1.0176      1.1250    
7         117       78        70        345       426           5.8247      1.1439         0.3771      84.3428     0.8812      3.2397      1.0427      1.1128    
7         118       63        276       344       796           5.7978      1.2849         0.4984      128.6714    0.8235      2.9119      1.0841      1.2766    
7         119       121       350       348       494           7.0655      1.1425         0.2294      122.2034    1.0813      4.0873      1.0142      1.1238    
7         120       104       80        351       447           7.3538      1.2442         0.8285      114.2799    1.0321      3.6052      1.0974      1.0824    
7         121       247       216       357       621           9.0841      1.1571         1.3300      254.8667    1.4131      5.3220      1.0179      1.1019    
7         122       66        133       358       401           3.7864      1.0117         0.3877      137.2361    0.6485      2.4863      1.0000      1.3134    
7         123       76        111       360       458           4.5863      1.0573         0.1415      174.9702    0.7799      2.9826      1.0024      1.2115    
7         124       209       29        366       666           8.8701      1.1512         0.0578      70.9891     1.3988      5.2383      1.0237      1.0960    
7         125       144       210       368       428           7.5555      1.1559         2.4252      316.9871    1.1983      4.4301      1.0370      1.0859    
7         126       209       84        371       624           8.2119      1.0919         -0.5897     214.5768    1.4293      5.4147      1.0119      1.0952    
7         127       258       264       370       695           9.6556      1.2029         0.2056      111.7845    1.5494      5.7766      1.0283      1.0901    
7         128       69        160       375       459           5.8461      1.2428         0.3396      153.4308    0.8337      3.0284      1.0553      1.2037    
7         129       58        395       378       388           4.7076      1.1203         0.0879      208.3270    0.7310      2.7707      1.0114      1.2706    
7         130       38        77        378       679           3.4785      1.0938         0.4046      203.4077    0.5904      2.2238      1.0178      1.3462    
7         131       134       52        384       587           7.7984      1.1677         0.3747      71.4905     1.1404      4.2236      1.0351      1.0456    
7         132       90        369       385       464           5.9189      1.0727         1.2134      118.0043    0.9351      3.5452      1.0112      1.1711    
7         133       45        277       389       386           3.7335      1.0364         0.5339      136.5496    0.6300      2.4044      1.0045      1.2813    
7         134       103       481       394       498           6.0102      1.1295         0.0389      123.9251    0.9526      3.6052      1.0129      1.1572    
7         135       238       33        398       677           11.3673     1.2542         0.1463      55.7985     1.5785      5.7525      1.0520      1.0709    
7         136       87        202       396       464           5.9365      1.0898         0.3488      91.6075     0.9210      3.4721      1.0169      1.1184    
7         137       141       245       399       576           7.6001      1.1495         0.3935      85.4437     1.1778      4.3671      1.0339      1.0976    
7         138       108       406       400       464           5.9417      1.0160         0.3235      94.8985     0.9826      3.7366      1.0081      1.1856    
7         139       108       130       401       514           5.7454      1.0586         0.2763      133.7120    0.9685      3.6794      1.0091      1.1779    
7         140       95        465       405       386           6.0310      1.0807         0.2778      84.0587     0.9423      3.5857      1.0075      1.1818    
7         141       149       416       415       496           6.5858      1.0536         -0.1540     145.1958    1.1409      4.3519      1.0050      1.1308    
7         142       116       436       414       479           5.7183      1.0021         0.1924      110.7650    0.9977      3.8145      1.0027      1.1638    
7         143       207       181       418       590           7.3661      1.0144         1.2269      232.5127    1.3450      5.1552      1.0002      1.1091    
7         144       170       456       417       512           7.6738      1.2368         1.2828      800.7224    1.1860      4.3519      1.0448      1.1552    
7         145       56        403       418       370           5.0432      1.2026         0.4173      112.7560    0.7161      2.6327      1.0428      1.2405    
7         146       218       327       424       626           8.5153      1.1366         -0.4572     215.3047    1.4260      5.3758      1.0169      1.0997    
7         147       62        288       425       409           3.7949      1.0260         0.5132      117.0297    0.6485      2.4863      1.0000      1.3134    
7         148       82        377       425       489           5.5098      1.1586         0.9719      209.0027    0.8640      3.2397      1.0225      1.1654    
7         149       289       118       434       648           9.6004      1.0535         0.0231      203.1819    1.6207      6.1712      1.0068      1.0632    
7         150       190       33        433       559           8.5895      1.1499         -0.1900     122.1919    1.3719      5.1410      1.0230      1.1098    
7         151       94        139       437       392           4.6696      0.9974         1.8842      218.2775    0.8118      3.1121      1.0000      1.2321    
7         152       268       209       441       644           8.4072      1.0671         -0.6898     251.8906    1.5063      5.7525      1.0038      1.1064    
7         153       113       236       438       470           6.9954      1.1954         0.4247      84.1830     1.0341      3.8145      1.0393      1.1573    
7         154       44        81        439       383           3.7923      1.0654         0.4685      173.2960    0.6211      2.3428      1.0163      1.3684    
7         155       120       398       440       492           6.9619      1.1371         0.1932      111.5972    1.0677      3.9990      1.0236      1.1710    
7         156       158       190       442       493           7.6044      1.1058         0.5455      98.0774     1.2210      4.6237      1.0124      1.1353    
7         157       128       478       444       488           6.4396      1.0864         -0.1233     145.2636    1.1036      4.1897      1.0098      1.1376    
7         158       166       319       448       556           7.4608      1.0674         -0.0244     122.8040    1.2691      4.8347      1.0063      1.1111    
7         159       211       154       448       542           8.5816      1.1184         0.1842      109.3140    1.4007      5.3083      1.0116      1.1086    
7         160       189       376       454       640           7.3459      1.0358         -0.7505     271.9363    1.3034      4.9729      1.0048      1.1218    
7         161       170       32        452       563           7.8967      1.1002         0.2051      91.9310     1.2646      4.8056      1.0088      1.1088    
7         162       247       351       454       729           9.8112      1.1810         -0.7341     254.2771    1.5445      5.7282      1.0337      1.0741    
7         163       130       103       453       506           6.6493      1.0582         0.0483      181.0759    1.1145      4.2564      1.0038      1.1228    
7         164       100       490       457       412           5.7677      1.0403         0.3119      80.2561     0.9752      3.7170      1.0058      1.1462    
7         165       216       236       460       555           8.6925      1.1479         -0.0792     119.3602    1.4191      5.3357      1.0196      1.1105    
7         166       101       154       467       432           5.8665      1.0737         0.2504      133.5148    0.9560      3.6244      1.0112      1.1698    
7         167       120       475       468       412           6.7995      1.1532         -0.0479     119.9021    1.0614      3.9990      1.0175      1.1300    
7         168       203       459       471       561           7.8726      1.1018         -0.5399     180.3411    1.3045      4.9729      1.0057      1.1111    
7         169       175       91        470       605           7.5302      1.1151         -0.2481     165.3356    1.2249      4.6237      1.0156      1.1144    
7         170       211       225       476       571           8.7052      1.1415         0.7937      100.9681    1.3990      5.2664      1.0184      1.1105    
7         171       77        415       475       457           5.2813      1.1062         0.2922      122.8060    0.8678      3.2860      1.0124      1.1875    
7         172       296       137       483       741           9.6883      1.0665         -0.9926     408.7941    1.6264      6.2048      1.0048      1.0858    
7         173       65        384       480       404           3.5578      0.9950         0.1936      187.5530    0.6550      2.5111      1.0000      1.3235    
7         174       79        102       481       417           6.7598      1.3411         1.2896      610.7894    0.9399      3.2860      1.0966      1.1603    
7         175       121       280       483       464           6.7105      1.1187         0.3942      89.9203     1.0773      4.0702      1.0147      1.1196    
7         176       96        282       494       364           5.3590      1.0020         0.4301      98.3359     0.9577      3.6431      1.0078      1.1463    
7         177       84        159       502       447           6.7540      1.3124         0.3636      140.6940    0.9587      3.3082      1.1110      1.2320    
7         178       69        254       501       416           5.9533      1.2102         0.4440      91.9080     0.8362      3.0715      1.0437      1.2523    
7         179       69        430       501       390           4.8123      1.1095         0.4136      114.0528    0.7561      2.8660      1.0113      1.2747    
7         180       54        278       502       678           4.9160      1.2306         0.5594      108.8927    0.7007      2.5435      1.0560      1.2778    
7         181       26        247       502       639           3.7332      1.2336         0.7060      141.3295    0.5216      1.8346      1.0900      1.3333    
8         0         134       77        19        505           6.4859      1.0888         0.3816      217.4747    0.9922      4.1897      1.0045      1.1535    
8         1         119       397       16        517           6.1647      1.1127         0.2847      146.6189    0.9493      3.9079      1.0303      1.1868    
8         2         96        51        19        385           5.6106      1.0496         0.7098      130.6301    0.8662      3.6431      1.0084      1.1325    
8         3         184       40        23        495           7.5243      1.0296         0.0860      126.8711    1.2012      5.0847      1.0020      1.0958    
8         4         214       448       27        690           7.6329      1.0797         0.0612      615.6448    1.1881      5.0137      1.0051      1.1056    
8         5         70        290       29        554           7.3037      1.3907         0.8864      133.7420    0.8949      3.0715      1.2357      1.0000    
8         6         237       251       42        602           8.6706      1.0870         0.4483      117.4795    1.3223      5.5648      1.0078      1.0950    
8         7         75        402       41        436           4.2377      1.0506         1.1673      524.9365    0.7192      3.0503      1.0000      1.2110    
8         8         98        315       46        489           5.8684      1.0806         0.4256      120.3497    0.8756      3.6794      1.0094      1.1707    
8         9         147       166       46        621           7.7469      1.1608         0.4622      104.6151    1.0556      4.3519      1.0288      1.0984    
8         10        143       434       47        558           6.3036      1.0160         0.4464      170.9523    1.0273      4.3519      1.0012      1.1404    
8         11        206       334       50        609           7.2931      0.9941         0.3936      169.7059    1.2285      5.2105      1.0000      1.1066    
8         12        105       265       54        398           5.7613      1.0371         0.4007      111.6666    0.8885      3.7558      1.0034      1.1561    
8         13        136       360       58        582           8.0578      1.2081         0.5719      101.4443    1.0428      4.2564      1.0392      1.1082    
8         14        97        51        63        465           6.1049      1.1200         0.4576      161.4812    0.8701      3.6431      1.0130      1.1605    
8         15        311       204       72        658           9.4350      1.0819         1.8780      189.0626    1.4774      6.2377      1.0046      1.0618    
8         16        83        39        68        450           5.8693      1.1462         0.4418      116.7512    0.8079      3.3299      1.0291      1.1642    
8         17        227       393       71        718           8.2899      1.1147         0.5262      409.6234    1.2812      5.3625      1.0133      1.0885    
8         18        92        410       68        390           5.7155      1.1515         1.2624      238.0986    0.8290      3.4721      1.0127      1.2143    
8         19        105       190       71        849           5.7494      1.0880         0.4981      180.8656    0.8792      3.6970      1.0087      1.1829    
8         20        140       221       90        493           6.8278      1.0886         0.8672      131.5336    1.0098      4.2564      1.0063      1.1480    
8         21        82        370       87        460           5.7146      1.1054         0.8118      149.6639    0.7934      3.2860      1.0241      1.1259    
8         22        296       445       94        710           9.3497      1.0706         0.4816      540.7319    1.4871      6.2820      1.0041      1.0856    
8         23        131       47        93        516           6.4925      1.0431         0.9935      293.7473    1.0178      4.2888      1.0066      1.1304    
8         24        137       114       95        555           6.9179      1.1312         0.2994      135.0152    0.9808      4.1040      1.0137      1.1442    
8         25        122       419       92        496           6.5714      1.1158         0.3303      121.4987    0.9644      4.0352      1.0137      1.1386    
8         26        129       68        95        515           6.8498      1.0747         1.0232      137.3271    1.0016      4.2236      1.0059      1.1351    
8         27        52        348       93        686           4.5148      1.1282         0.4676      177.1119    0.6316      2.6327      1.0176      1.2727    
8         28        355       352       107       847           11.8917     1.1882         0.4412      224.0734    1.6667      6.8635      1.0300      1.0639    
8         29        276       314       108       697           9.0309      1.0219         -0.3144     155.1704    1.4742      6.2377      1.0024      1.0806    
8         30        169       273       109       537           7.6298      1.0631         0.3573      96.0623     1.1492      4.8490      1.0052      1.0993    
8         31        130       201       110       510           6.6457      1.0381         0.5282      116.1898    0.9990      4.2067      1.0072      1.1161    
8         32        230       159       117       658           8.7385      1.0815         0.3274      92.5133     1.3315      5.6151      1.0057      1.1040    
8         33        22        258       111       713           2.5881      1.1367         0.6029      260.7664    0.3625      1.5228      1.0097      1.6842    
8         34        192       56        122       544           8.5609      1.1340         -0.1752     167.1635    1.2421      5.1266      1.0276      1.0941    
8         35        51        441       119       379           3.7830      1.0502         0.3538      146.5436    0.5800      2.4602      1.0000      1.3231    
8         36        231       229       125       533           8.8629      1.1465         0.2224      105.9654    1.2783      5.3492      1.0136      1.0949    
8         37        183       95        125       680           8.8522      1.2055         0.1065      111.8194    1.2301      5.0137      1.0407      1.1022    
8         38        149       44        126       411           6.5645      1.0442         0.1441      167.5998    1.0247      4.3208      1.0059      1.1429    
8         39        87        375       124       445           4.4238      0.9977         0.2137      201.8142    0.7337      3.1121      1.0000      1.2321    
8         40        393       196       137       819           10.5577     1.0225         -0.2522     111.5180    1.6811      7.1152      1.0021      1.0703    
8         41        187       220       138       523           9.0770      1.1962         0.3688      113.1611    1.2326      5.0568      1.0339      1.0904    
8         42        220       243       142       577           7.9597      1.0291         0.1297      132.9377    1.3092      5.5401      1.0023      1.0987    
8         43        80        272       138       475           5.8971      1.1585         0.4297      127.8925    0.8102      3.3299      1.0320      1.1471    
8         44        166       65        149       552           7.2304      1.0646         0.2983      332.7056    1.1399      4.8056      1.0061      1.1319    
8         45        151       35        159       485           6.8472      1.0379         0.4371      85.0950     1.0379      4.3821      1.0046      1.1525    
8         46        21        250       160       763           2.5298      1.0673         0.4196      277.7250    0.3929      1.6354      1.0191      1.4615    
8         47        144       337       164       550           6.5357      1.0330         0.3902      109.8596    1.0250      4.3365      1.0026      1.1271    
8         48        42        318       163       364           3.6528      1.1084         0.3728      230.1968    0.5538      2.3095      1.0170      1.3571    
8         49        197       376       171       596           8.4799      1.1091         0.1688      126.1857    1.2465      5.2105      1.0147      1.0909    
8         50        53        167       169       399           3.7846      1.0281         0.5717      150.0680    0.5800      2.4602      1.0000      1.3231    
8         51        197       435       178       604           7.3060      1.0292         0.3359      216.3272    1.2005      5.0847      1.0014      1.1091    
8         52        108       133       179       404           5.9850      1.0963         0.2755      122.7966    0.8838      3.7170      1.0085      1.1667    
8         53        103       203       179       469           5.8175      1.0508         0.4503      148.0122    0.8796      3.6970      1.0092      1.1412    
8         54        102       318       179       492           6.8071      1.2101         0.4840      147.3800    0.9159      3.7170      1.0452      1.1598    
8         55        107       262       180       401           5.7305      1.0270         0.3792      124.9125    0.9027      3.8145      1.0037      1.1705    
8         56        84        99        180       442           5.6068      1.0990         0.3705      125.2327    0.8055      3.3717      1.0133      1.1765    
8         57        66        54        183       424           4.8163      1.1118         0.2144      148.6614    0.6850      2.8660      1.0137      1.2083    
8         58        198       232       191       576           7.5693      1.0668         0.1270      128.6055    1.1933      5.0426      1.0038      1.1077    
8         59        233       128       193       576           8.7997      1.1003         0.3287      86.1893     1.2959      5.4400      1.0104      1.1176    
8         60        145       249       192       452           6.7753      1.0435         0.5613      115.0383    1.0274      4.3365      1.0049      1.1271    
8         61        139       273       194       478           6.4824      1.0355         0.6992      163.3379    1.0379      4.3821      1.0046      1.1525    
8         62        131       331       201       565           6.9758      1.1317         0.4929      121.9975    0.9692      4.0529      1.0143      1.1485    
8         63        108       475       204       473           6.7965      1.0959         0.3320      100.1035    0.9423      3.8899      1.0275      1.0754    
8         64        244       303       208       611           8.6106      1.0394         0.1426      102.3370    1.3405      5.6534      1.0057      1.0998    
8         65        235       390       207       687           9.1680      1.1606         0.5868      135.9361    1.2789      5.3220      1.0192      1.1019    
8         66        84        461       210       418           4.8569      1.0344         0.6913      133.7991    0.7254      3.0715      1.0017      1.2182    
8         67        170       92        215       574           7.1726      1.1052         0.3552      309.7550    1.1411      4.7907      1.0103      1.0872    
8         68        98        428       216       476           6.2339      1.1188         0.4641      131.8224    0.8548      3.5857      1.0111      1.1742    
8         69        28        316       217       681           2.6714      0.9890         0.7753      202.1914    0.4224      1.7914      1.0000      1.5333    
8         70        139       264       222       525           6.6379      1.1029         0.4781      148.1186    0.9897      4.1723      1.0061      1.1604    
8         71        117       40        223       501           6.6429      1.1648         0.3459      126.7694    0.9504      3.9444      1.0220      1.1702    
8         72        167       174       226       544           8.1912      1.1561         0.7676      134.5347    1.1348      4.7021      1.0236      1.0947    
8         73        172       66        239       499           7.5768      1.0582         0.3100      151.6743    1.1550      4.8632      1.0073      1.1133    
8         74        89        474       238       464           5.4441      1.0240         0.8096      194.0161    0.8405      3.5276      1.0106      1.1069    
8         75        127       180       241       384           6.4396      1.0417         0.2257      132.0404    0.9993      4.2067      1.0076      1.1261    
8         76        142       344       242       467           6.7295      1.0758         0.5901      115.7385    0.9964      4.1897      1.0087      1.1589    
8         77        147       169       246       439           6.7004      1.0429         2.9340      165.0372    1.0316      4.3671      1.0020      1.1297    
8         78        219       49        249       553           9.0797      1.2137         0.1838      122.8596    1.2469      5.1266      1.0316      1.1104    
8         79        138       353       253       363           6.6569      1.0804         1.4233      196.0914    1.0007      4.2236      1.0049      1.1403    
8         80        83        304       258       367           5.7995      1.1866         1.6455      182.8010    0.8120      3.3082      1.0411      1.1938    
8         81        112       346       262       387           6.3867      1.1224         0.5297      186.0928    0.9454      3.9255      1.0215      1.1596    
8         82        158       470       263       641           7.5071      1.1339         0.6372      216.9757    1.0922      4.5092      1.0274      1.1163    
8         83        142       61        267       510           6.8484      1.0422         0.6191      105.5551    1.0242      4.3208      1.0054      1.1478    
8         84        124       304       267       434           6.7073      1.0863         0.5236      112.1823    0.9917      4.1547      1.0124      1.1349    
8         85        92        133       270       463           5.8243      1.0892         0.4756      120.7802    0.8480      3.5657      1.0087      1.1538    
8         86        97        255       272       470           6.8649      1.2225         0.4467      118.4693    0.9097      3.6614      1.0538      1.1515    
8         87        153       91        283       569           6.7256      1.0152         0.2042      100.2338    1.0496      4.4464      1.0012      1.1336    
8         88        46        228       284       413           4.2445      1.1083         0.5044      155.5696    0.5931      2.3743      1.0594      1.0959    
8         89        330       189       295       755           9.7330      1.0234         0.0225      321.7504    1.5988      6.7304      1.0076      1.0649    
8         90        34        252       287       355           3.7885      1.2123         0.4851      194.8281    0.5100      2.1027      1.0288      1.4091    
8         91        193       441       292       602           7.9950      1.1066         0.3350      252.4733    1.1681      4.9189      1.0072      1.0927    
8         92        122       129       294       540           7.8017      1.2383         0.3938      102.9266    1.0097      4.0873      1.0478      1.1346    
8         93        123       213       300       481           6.6910      1.0778         0.3941      112.5353    0.9794      4.1205      1.0082      1.1483    
8         94        110       285       301       405           6.9463      1.1447         0.3931      101.5491    0.9365      3.8716      1.0259      1.1459    
8         95        102       286       309       429           5.3818      1.1806         0.1594      176.7336    0.8232      3.3717      1.0356      1.1511    
8         96        225       94        318       690           8.4879      1.0978         0.2510      156.1335    1.3005      5.4525      1.0116      1.0853    
8         97        120       65        316       504           5.7852      1.0132         0.2695      101.0363    0.9142      3.8716      1.0015      1.1778    
8         98        145       213       319       426           6.9878      1.0214         0.3462      97.8943     1.0418      4.4136      1.0011      1.1311    
8         99        180       136       323       607           9.2109      1.2256         0.8669      172.9523    1.2129      4.8910      1.0518      1.0868    
8         100       143       233       319       528           7.1699      1.1013         0.3521      96.1197     1.0062      4.2236      1.0104      1.1507    
8         101       102       276       325       446           5.9342      1.0546         0.5633      105.0230    0.8755      3.6794      1.0093      1.1779    
8         102       214       207       334       518           7.5602      1.0134         0.2765      138.1627    1.2225      5.1831      1.0004      1.1047    
8         103       175       324       339       599           8.0450      1.1515         0.3513      127.2743    1.1299      4.7172      1.0159      1.1135    
8         104       245       171       348       699           8.5016      1.0271         0.3837      234.5079    1.3417      5.6662      1.0043      1.1019    
8         105       155       85        348       559           7.5810      1.1650         0.3134      320.6047    1.0924      4.5244      1.0241      1.1154    
8         106       134       302       350       542           6.8535      1.0649         1.0425      131.3316    1.0185      4.3049      1.0035      1.1342    
8         107       163       58        352       585           7.1699      1.0710         0.2026      195.5490    1.1273      4.7321      1.0104      1.0972    
8         108       350       215       358       866           11.7457     1.1613         -0.0037     121.1874    1.6688      6.8023      1.0406      1.0124    
8         109       265       266       368       765           12.3330     1.3569         0.2650      107.8218    1.5267      5.8985      1.0978      1.0535    
8         110       58        182       374       396           4.3583      1.0124         0.3711      146.5605    0.6591      2.7452      1.0183      1.1522    
8         111       164       393       379       579           8.0815      1.1196         1.2663      130.2716    1.1222      4.6713      1.0190      1.1119    
8         112       210       166       383       583           8.4855      1.0675         0.3197      174.1510    1.2814      5.4019      1.0061      1.1046    
8         113       125       125       383       443           5.7840      0.9965         0.5460      154.2248    0.9255      3.9255      1.0000      1.1848    
8         114       93        114       388       407           6.9759      1.2261         0.3466      137.4199    0.8779      3.5276      1.0556      1.1210    
8         115       121       440       391       503           5.7352      1.0269         0.5940      206.0643    0.9132      3.8716      1.0004      1.1844    
8         116       138       33        397       495           8.8682      1.2906         0.4719      164.1144    1.1349      4.2564      1.1310      1.0323    
8         117       117       213       396       479           6.5842      1.0901         0.3638      97.1034     0.9645      4.0529      1.0094      1.1485    
8         118       76        46        403       393           4.8155      1.0039         0.9345      132.4586    0.7337      3.1121      1.0000      1.2321    
8         119       70        79        411       418           4.7144      1.0696         0.5441      282.1516    0.7084      2.9826      1.0074      1.2475    
8         120       98        244       414       480           5.8043      1.0629         0.3965      95.5188     0.8697      3.6614      1.0075      1.1656    
8         121       207       183       417       623           7.4391      1.0086         -0.1658     179.8605    1.2225      5.1831      1.0004      1.1047    
8         122       71        458       416       417           4.3705      1.0103         0.9087      271.4979    0.7242      3.0715      1.0000      1.2182    
8         123       25        336       417       693           2.6639      1.0973         0.3786      313.1729    0.3996      1.6655      1.0178      1.4815    
8         124       218       104       423       523           9.0523      1.0975         0.2270      236.0216    1.3094      5.4893      1.0118      1.0923    
8         125       137       377       425       591           6.2890      1.0381         0.5119      256.9994    0.9993      4.2067      1.0076      1.1013    
8         126       168       325       425       548           7.8519      1.1254         0.1989      115.8007    1.1363      4.7468      1.0153      1.1042    
8         127       79        32        432       428           4.6455      1.0351         0.0657      152.7911    0.7130      3.0058      1.0061      1.2549    
8         128       97        116       434       386           5.8316      1.0780         0.1028      196.7561    0.8670      3.6431      1.0094      1.1605    
8         129       175       154       449       541           7.4778      1.0634         -0.1416     197.5565    1.1571      4.8910      1.0035      1.1342    
8         130       57        50        450       358           3.5820      0.9909         0.2898      194.0210    0.5920      2.5111      1.0000      1.3235    
8         131       199       289       452       623           9.0309      1.1075         0.3164      77.1185     1.2394      5.1692      1.0170      1.1020    
8         132       81        363       453       423           5.6350      1.1739         0.4386      247.0256    0.8003      3.3299      1.0194      1.2188    
8         133       52        37        457       405           5.0353      1.2172         0.4466      123.3771    0.6373      2.4863      1.0871      1.1000    
8         134       29        47        457       840           4.2649      1.3024         1.3006      223.2219    0.5159      1.8744      1.1674      1.1111    
8         135       183       424       462       635           7.4636      1.1146         0.1575      170.0053    1.1352      4.7613      1.0113      1.1150    
8         136       150       468       473       452           6.5920      1.0740         0.2542      120.6597    1.0288      4.3519      1.0027      1.1356    
8         137       238       231       475       547           8.9142      1.1992         0.1796      240.7043    1.2784      5.2803      1.0269      1.1099    
8         138       94        65        476       505           6.2645      1.1993         0.2891      205.6343    0.8412      3.4528      1.0334      1.1586    
8         139       159       133       479       638           7.7056      1.1408         0.3264      163.9683    1.0893      4.5244      1.0212      1.0985    
8         140       137       106       480       575           7.9513      1.2438         -0.2798     191.8746    1.0483      4.2401      1.0486      1.1189    
8         141       203       158       485       651           8.7956      1.1059         3.2654      192.3289    1.2636      5.2944      1.0123      1.0849    
8         142       201       249       484       488           7.1808      1.0424         0.1961      120.9439    1.1864      5.0137      1.0037      1.1195    
8         143       281       330       486       641           9.7332      1.1381         0.0586      220.9241    1.4377      6.0196      1.0130      1.1058    
8         144       179       464       485       490           8.8572      1.2416         0.4003      159.6630    1.1987      4.8772      1.0425      1.1390    
8         145       71        380       485       443           4.5826      1.0726         0.2709      285.2792    0.7140      3.0058      1.0075      1.2190    
8         146       207       281       490       625           7.3991      1.0054         0.3678      92.0894     1.2157      5.1552      1.0002      1.1157    
8         147       186       44        490       615           7.3927      1.0369         3.3434      459.5589    1.1775      4.9729      1.0043      1.1218    
8         148       94        436       491       482           6.1264      1.0979         0.3603      113.5426    0.8536      3.5857      1.0097      1.1235    
8         149       58        82        496       380           4.8672      1.1894         0.3814      182.6024    0.6615      2.6911      1.0426      1.3247    
8         150       22        252       496       679           2.7836      1.1368         0.6939      185.5003    0.3886      1.6021      1.0287      1.6364    
9         0         183       54        14        573           7.4505      1.1116         0.3206      122.6883    1.1951      4.7757      1.0150      1.1378    
9         1         85        280       12        434           5.7621      1.1549         0.4390      101.7648    0.8504      3.3511      1.0293      1.2248    
9         2         134       381       15        516           6.7550      1.1126         0.2562      92.0538     1.0311      4.1367      1.0111      1.1256    
9         3         61        470       11        772           5.4186      1.1627         2.5449      136.6875    0.7643      2.9119      1.0647      1.2500    
9         4         126       463       17        519           6.6643      1.0992         1.1410      115.5605    1.0037      3.9990      1.0181      1.1357    
9         5         279       93        20        789           8.6743      1.0987         0.1679      130.9491    1.4105      5.6913      1.0053      1.1036    
9         6         112       129       19        487           5.9104      1.0352         0.3497      98.2235     0.9419      3.8145      1.0016      1.1705    
9         7         177       275       30        647           7.9380      1.1735         0.5160      94.2172     1.1783      4.6868      1.0198      1.0915    
9         8         104       490       29        392           6.3658      1.1075         0.6169      95.6525     0.9095      3.6431      1.0127      1.2129    
9         9         79        482       29        355           5.9047      1.1253         0.3790      104.7331    0.8437      3.3299      1.0277      1.2381    
9         10        161       390       32        440           6.4873      1.0176         0.3838      103.2210    1.1047      4.4782      1.0006      1.1406    
9         11        101       163       35        473           6.8671      1.1482         0.4072      83.3453     0.9604      3.7366      1.0426      1.0703    
9         12        66        120       36        424           4.5914      1.0549         0.3939      122.7010    0.7303      2.9337      1.0098      1.1845    
9         13        119       176       39        441           6.7989      1.1228         0.3310      84.3910     1.0123      4.0352      1.0176      1.1386    
9         14        166       235       44        556           7.0339      1.0802         0.4281      109.1805    1.1754      4.7321      1.0075      1.1367    
9         15        92        386       42        393           5.2509      1.1675         1.1789      547.5077    0.8555      3.4329      1.0109      1.1773    
9         16        124       141       46        411           6.2919      1.0504         0.4171      109.3046    1.0288      4.1547      1.0045      1.1402    
9         17        170       301       48        600           8.1206      1.1684         0.3550      85.3353     1.1802      4.6557      1.0283      1.1007    
9         18        111       336       50        489           5.6100      0.9994         0.3347      100.4257    0.9499      3.8529      1.0000      1.1667    
9         19        94        149       53        354           5.7617      1.0857         0.3303      105.4320    0.8836      3.5452      1.0110      1.1558    
9         20        113       441       54        565           5.9223      1.0726         0.3054      207.9597    0.9911      3.9629      1.0145      1.1100    
9         21        54        143       58        846           5.2323      1.1122         0.4922      110.8231    0.7360      2.7187      1.0981      0.9720    
9         22        259       29        69        737           9.7500      1.1784         0.3242      127.4331    1.4812      5.8121      1.0337      1.0599    
9         23        88        161       68        407           4.8394      1.0046         0.4114      88.8754     0.7672      3.1121      1.0000      1.2321    
9         24        261       187       73        732           9.8582      1.1328         0.1471      96.6615     1.4876      5.9352      1.0167      1.0529    
9         25        171       396       70        553           7.7835      1.0983         0.3643      98.9808     1.2024      4.8347      1.0088      1.1186    
9         26        132       378       73        489           7.0380      1.1118         0.3762      95.1371     1.0588      4.2564      1.0090      1.1378    
9         27        62        80        71        419           4.7921      1.1032         0.4061      102.9002    0.6981      2.7953      1.0130      1.1828    
9         28        177       110       75        619           7.3406      1.0066         0.4746      86.2122     1.1907      4.7757      1.0113      1.0952    
9         29        105       357       73        421           5.8081      1.0619         0.3400      108.4491    0.9252      3.7366      1.0044      1.1647    
9         30        206       213       79        677           8.3469      1.1439         0.6818      125.4275    1.2938      5.1552      1.0180      1.0930    
9         31        50        349       82        731           3.7674      1.0842         0.4392      160.4192    0.5954      2.4044      1.0045      1.3016    
9         32        18        111       82        657           4.1333      1.4428         0.6552      169.1193    0.4976      1.5648      1.2900      1.3600    
9         33        276       430       94        786           8.4316      1.0449         0.2478      263.0179    1.4159      5.7160      1.0048      1.1000    
9         34        94        84        87        420           5.4637      1.0306         0.3370      114.5978    0.8837      3.5657      1.0053      1.1613    
9         35        94        331       88        361           5.7762      1.1040         0.3219      133.4383    0.8862      3.5452      1.0139      1.1788    
9         36        181       101       98        531           7.1829      1.0542         0.3279      133.4070    1.2290      4.9596      1.0051      1.1154    
9         37        119       398       94        495           6.3679      1.1287         0.3565      137.2275    1.0021      3.9811      1.0210      1.1667    
9         38        117       180       96        507           5.9037      1.0303         0.3243      100.2144    0.9513      3.8529      1.0015      1.1732    
9         39        87        334       96        769           5.7414      1.1582         0.2841      151.0576    0.8440      3.3082      1.0348      1.1407    
9         40        58        30        96        415           3.7461      0.9957         0.4115      153.7486    0.6191      2.5111      1.0000      1.3235    
9         41        107       54        96        472           5.8401      1.0441         0.5717      118.9987    0.9235      3.7170      1.0078      1.1951    
9         42        87        70        101       465           5.8691      1.2011         -0.2973     241.3698    0.8610      3.3717      1.0359      1.1679    
9         43        204       261       105       595           7.7022      1.0290         0.2092      100.1017    1.2694      5.1410      1.0016      1.1065    
9         44        226       339       105       556           8.2236      1.0737         0.0860      224.0629    1.3757      5.5276      1.0096      1.0827    
9         45        217       301       110       658           9.2146      1.1319         0.1446      102.6514    1.3519      5.4019      1.0152      1.0899    
9         46        44        198       108       371           4.9711      1.2315         0.4335      143.7412    0.6561      2.3428      1.1360      1.0263    
9         47        143       475       109       524           6.3868      1.0750         0.0869      171.3758    1.0543      4.2564      1.0047      1.1480    
9         48        131       224       111       495           6.6790      1.0916         0.3483      104.9936    1.0148      4.0529      1.0157      1.0995    
9         49        274       183       118       651           8.5143      1.0747         0.4333      148.2497    1.4100      5.7037      1.0027      1.0979    
9         50        149       142       118       544           6.8855      1.0851         0.3106      97.9286     1.0696      4.3208      1.0041      1.1379    
9         51        173       214       126       418           7.7704      1.1079         0.2083      124.6367    1.1948      4.7907      1.0117      1.1134    
9         52        74        360       126       458           4.3381      1.0725         0.3075      280.1028    0.7424      3.0058      1.0018      1.1963    
9         53        92        381       127       458           5.5186      1.0606         0.3489      110.0786    0.8873      3.5657      1.0094      1.1842    
9         54        144       86        129       528           6.1872      1.0269         0.2420      128.1068    1.0892      4.4136      1.0010      1.1405    
9         55        33        460       125       777           3.7664      1.1625         0.5067      147.6847    0.5242      2.0296      1.0477      1.2889    
9         56        156       304       130       517           7.7879      1.1311         0.1965      121.7670    1.1642      4.6398      1.0178      1.1136    
9         57        111       427       129       515           5.8502      1.0100         0.4872      95.7710     0.9285      3.7558      1.0028      1.1561    
9         58        49        31        129       381           3.7587      1.0231         0.4314      170.9711    0.6129      2.4863      1.0000      1.3134    
9         59        94        470       130       421           6.0265      1.1193         0.3525      95.3103     0.8756      3.5095      1.0120      1.1918    
9         60        99        488       131       449           4.6610      0.9954         0.4742      88.8337     0.7672      3.1121      1.0000      1.2321    
9         61        140       231       136       377           8.0493      1.2200         0.2791      108.5308    1.1018      4.2888      1.0421      1.1354    
9         62        73        204       139       726           5.5580      1.1413         0.3806      141.6578    0.8003      3.0921      1.0498      1.1333    
9         63        34        380       142       355           3.8529      1.2192         0.5060      141.3054    0.5193      1.9950      1.0560      1.3333    
9         64        151       289       144       469           6.3148      1.0635         0.2465      138.2647    1.0699      4.3208      1.0044      1.1429    
9         65        116       211       146       425           6.8004      1.1433         0.3254      110.9281    0.9913      3.9255      1.0244      1.1010    
9         66        167       227       146       841           7.1724      1.0802         0.3289      133.8751    1.1878      4.7907      1.0057      1.1172    
9         67        77        188       145       418           4.6311      1.0392         0.3467      136.3917    0.7520      3.0503      1.0000      1.2110    
9         68        152       322       148       563           6.5078      1.0243         0.3288      99.8597     1.0828      4.3821      1.0023      1.1381    
9         69        114       112       149       524           7.2320      1.1875         0.3373      86.0029     0.9806      3.8339      1.0375      1.1243    
9         70        91        54        151       437           6.0617      1.1288         0.3182      114.4562    0.8892      3.5452      1.0174      1.1711    
9         71        98        451       157       480           5.8770      1.1676         0.2562      153.5415    0.8910      3.5657      1.0136      1.2000    
9         72        180       24        159       560           7.4435      1.0680         0.5281      124.1409    1.2184      4.9050      1.0076      1.0968    
9         73        106       232       157       412           7.0779      1.2499         0.2970      132.9391    0.9571      3.6794      1.0552      1.1566    
9         74        183       83        162       589           7.4807      1.0535         0.2815      97.9069     1.2244      4.9326      1.0069      1.1133    
9         75        200       297       162       524           7.7010      1.0771         0.2215      113.7833    1.2393      4.9990      1.0056      1.1028    
9         76        89        400       161       465           5.9160      1.1851         0.3577      129.4615    0.8740      3.4528      1.0267      1.1748    
9         77        134       322       166       500           6.3996      1.0937         0.3715      122.5872    1.0315      4.1547      1.0071      1.1509    
9         78        132       130       167       559           6.6769      1.0825         0.3432      92.1432     1.0227      4.1205      1.0068      1.1594    
9         79        185       359       172       595           8.8687      1.2095         0.3640      104.3021    1.2653      4.9462      1.0377      1.1234    
9         80        114       231       173       474           7.0375      1.1729         0.3057      112.3800    0.9979      3.9629      1.0214      1.1503    
9         81        71        298       172       357           5.9263      1.2198         0.3792      146.3676    0.8176      3.0921      1.0726      1.1826    
9         82        109       271       179       490           5.9537      1.0742         0.3351      117.5312    0.9372      3.7746      1.0072      1.1813    
9         83        194       421       179       593           8.6993      1.1599         0.2890      104.1455    1.2946      5.1410      1.0215      1.1131    
9         84        152       249       181       490           6.3006      1.0229         0.2459      144.2967    1.1079      4.4938      1.0000      1.1440    
9         85        119       190       180       474           6.7194      1.1182         0.3526      121.1673    1.0113      4.0529      1.0122      1.1485    
9         86        111       485       185       467           6.2668      1.0269         0.3306      76.1778     0.9590      3.8899      1.0000      1.1758    
9         87        157       219       191       533           6.6479      1.0015         0.2947      106.0066    1.1079      4.4938      1.0000      1.1440    
9         88        37        471       188       632           2.7937      0.9901         0.5274      150.3576    0.4621      1.8744      1.0000      1.5625    
9         89        90        43        190       464           5.6681      1.0528         0.8408      105.4500    0.8791      3.5276      1.0109      1.1503    
9         90        200       147       191       628           8.9209      1.2118         0.3019      102.3479    1.2714      4.9596      1.0399      1.1226    
9         91        269       113       196       697           8.4339      1.0666         0.2042      116.0821    1.4256      5.7646      1.0032      1.1085    
9         92        105       84        197       496           6.5361      1.1383         0.3379      100.6475    0.9670      3.8145      1.0283      1.1638    
9         93        154       258       197       473           6.4181      1.0031         0.5944      131.5614    1.1116      4.5092      1.0000      1.1474    
9         94        204       469       201       580           7.3340      1.0256         -0.4907     303.5886    1.2679      5.1410      1.0004      1.1131    
9         95        191       319       205       581           7.4291      1.0778         0.0517      181.3871    1.2441      5.0282      1.0036      1.1049    
9         96        64        354       203       426           5.0639      1.1318         0.8607      126.8971    0.7157      2.8660      1.0130      1.1959    
9         97        42        190       204       370           3.5096      0.9892         0.4459      182.0801    0.5928      2.4044      1.0000      1.3226    
9         98        181       52        217       583           7.8100      1.1164         0.2998      87.4284     1.1965      4.8056      1.0099      1.1241    
9         99        153       273       217       544           6.5377      1.0191         0.2561      120.2129    1.0972      4.4464      1.0010      1.1475    
9         100       220       158       223       716           8.4171      1.1103         3.3426      197.3425    1.3218      5.2944      1.0127      1.0879    
9         101       92        25        225       462           5.5701      1.0654         0.3032      104.1319    0.8747      3.5276      1.0058      1.1656    
9         102       79        249       230       475           5.4474      1.0670         0.4040      116.5832    0.8286      3.3082      1.0159      1.1079    
9         103       183       485       235       621           8.1982      1.0503         1.0287      84.7015     1.2317      4.9729      1.0047      1.0903    
9         104       134       313       233       532           6.6843      1.1292         0.2270      139.0812    1.0309      4.1367      1.0108      1.1469    
9         105       186       460       235       614           7.6430      1.0998         -0.2686     195.5126    1.1946      4.7907      1.0115      1.0946    
9         106       79        451       240       411           7.1446      1.3284         1.8275      163.3112    0.8921      3.2631      1.1089      1.1538    
9         107       284       39        248       713           9.1640      1.0930         0.2928      93.1496     1.4886      5.9352      1.0173      1.0573    
9         108       206       177       247       591           7.5867      1.0380         0.1975      128.7666    1.2676      5.1266      1.0029      1.1039    
9         109       251       400       248       679           8.5078      1.0826         -0.1229     233.5463    1.3812      5.5648      1.0068      1.1117    
9         110       206       353       252       622           7.2910      1.0049         1.0783      184.4674    1.2731      5.1552      1.0017      1.0994    
9         111       18        225       248       786           1.6382      0.9698         0.6799      217.6640    0.2645      1.0730      1.0000      0.9000    
9         112       111       32        258       817           5.8027      1.0505         0.2898      87.7182     0.9287      3.7366      1.0081      1.1856    
9         113       117       51        270       483           6.5170      1.1600         0.4037      110.6464    0.9990      3.9629      1.0226      1.1746    
9         114       77        117       272       409           4.6624      1.0026         0.4313      119.8770    0.7623      3.0921      1.0000      1.2252    
9         115       72        138       283       833           3.7904      0.9970         0.4380      125.9045    0.6191      2.5111      1.0000      1.3235    
9         116       41        212       287       371           3.8609      1.0934         0.4316      155.8665    0.5801      2.3095      1.0189      1.2667    
9         117       258       176       296       720           8.2330      1.0310         0.0708      199.5887    1.4208      5.7525      1.0019      1.0960    
9         118       241       427       296       674           8.8494      1.0826         0.1335      230.1940    1.3956      5.6279      1.0059      1.0980    
9         119       131       142       295       475           6.4691      1.0603         0.4274      117.7418    1.0425      4.2067      1.0052      1.1416    
9         120       77        352       295       405           4.8625      1.0341         0.4299      109.2512    0.7455      3.0058      1.0061      1.2549    
9         121       22        471       300       808           2.6341      1.0351         0.4097      247.0785    0.4340      1.6926      1.0400      1.4483    
9         122       34        21        303       391           4.1605      1.1114         0.4765      100.7331    0.5980      2.1358      1.1357      1.0847    
9         123       173       276       309       577           8.8406      1.2127         0.2663      110.9071    1.2335      4.8056      1.0412      1.1241    
9         124       57        414       311       365           4.7230      1.0852         0.3854      124.5082    0.6843      2.6911      1.0315      1.1461    
9         125       61        391       314       408           3.8627      1.0713         0.3651      154.4300    0.6065      2.4602      1.0000      1.3231    
9         126       164       424       318       526           7.6013      1.1343         0.0418      197.5863    1.1664      4.6557      1.0163      1.1250    
9         127       242       78        321       663           8.6630      1.1083         -0.4696     228.0974    1.3759      5.5276      1.0097      1.1077    
9         128       101       191       324       408           5.9767      1.1001         0.3453      121.0771    0.8995      3.6052      1.0120      1.1948    
9         129       39        138       326       832           2.8849      0.9880         0.4812      157.6906    0.4621      1.8744      1.0000      1.5625    
9         130       79        144       331       426           5.1538      1.0632         0.2627      162.6234    0.8195      3.3082      1.0048      1.1846    
9         131       133       256       331       514           6.9835      1.0690         0.3485      89.0222     1.0658      4.3049      1.0042      1.1342    
9         132       201       472       332       629           7.5213      1.0250         -0.0708     276.3132    1.2780      5.1831      1.0002      1.1111    
9         133       112       117       332       478           6.6705      1.1206         0.2608      134.1860    0.9913      3.9255      1.0244      1.1295    
9         134       137       169       336       488           6.9014      1.1220         0.4713      139.8708    1.0362      4.1547      1.0117      1.1455    
9         135       73        188       334       397           6.6953      1.3042         0.4006      139.7815    0.8441      3.0503      1.1226      1.0313    
9         136       249       158       351       661           8.5091      1.0580         0.1624      187.9004    1.3835      5.5648      1.0085      1.0950    
9         137       109       340       348       490           5.7096      1.0061         1.2521      139.0941    0.9202      3.7170      1.0043      1.1598    
9         138       235       47        353       695           8.4591      1.1356         0.0459      112.8310    1.3461      5.3625      1.0182      1.0827    
9         139       99        381       352       451           5.5742      1.0556         0.5482      142.6250    0.9038      3.6244      1.0115      1.1772    
9         140       142       192       362       498           6.6449      1.0480         0.2561      121.2421    1.0710      4.3208      1.0054      1.1478    
9         141       54        465       360       409           4.0773      1.0426         0.2486      250.8273    0.6849      2.6327      1.0553      1.1529    
9         142       125       262       364       533           6.4612      1.1722         0.1053      171.6250    0.9948      3.9079      1.0326      1.1739    
9         143       123       76        368       497           5.6859      1.0342         0.3999      156.2000    0.9555      3.8716      1.0011      1.1713    
9         144       95        120       367       396           5.6750      1.0970         0.1941      213.1989    0.8926      3.5857      1.0097      1.1667    
9         145       133       127       378       446           6.9789      1.1048         0.6133      136.3868    1.0401      4.1723      1.0112      1.1233    
9         146       279       153       384       705           9.9013      1.1208         0.3580      142.6052    1.4992      5.9957      1.0142      1.0996    
9         147       103       112       384       432           5.7552      1.0575         0.1683      186.5392    0.9221      3.7170      1.0063      1.1598    
9         148       48        236       383       381           3.7203      1.0082         0.5335      135.6584    0.6129      2.4863      1.0000      1.3134    
9         149       34        492       385       351           3.5930      1.1731         0.4692      204.1982    0.5300      2.0674      1.0398      1.4286    
9         150       274       276       394       706           8.8116      1.1473         0.0742      130.7457    1.3715      5.5022      1.0111      1.1031    
9         151       136       350       394       444           6.6284      1.0936         0.0001      182.4330    1.0545      4.2401      1.0088      1.1441    
9         152       146       425       394       576           6.4921      1.0863         0.7459      176.2523    1.0630      4.2724      1.0092      1.1366    
9         153       132       84        396       382           6.6375      1.0322         0.0477      170.3437    1.0654      4.3049      1.0039      1.1441    
9         154       104       30        398       443           5.9817      1.0866         0.5464      106.3528    0.9253      3.7170      1.0098      1.1737    
9         155       173       364       399       503           7.0809      1.0220         -0.1597     337.6389    1.2146      4.9050      1.0044      1.1003    
9         156       128       186       399       423           6.7590      1.1083         0.3713      112.5644    1.0253      4.1205      1.0093      1.1650    
9         157       180       470       401       526           7.4122      1.0660         -0.1695     172.7826    1.2132      4.8910      1.0061      1.1267    
9         158       95        176       404       410           5.8422      1.0916         0.8280      125.9722    0.8717      3.4910      1.0128      1.1544    
9         159       33        19        404       793           3.7151      1.1769         0.6135      153.1896    0.5215      2.0674      1.0231      1.3953    
9         160       197       78        408       475           8.9299      1.1438         0.2839      153.9167    1.3199      5.2383      1.0221      1.0808    
9         161       41        461       410       659           4.0731      1.1445         0.2463      190.9988    0.5841      2.3095      1.0259      1.2459    
9         162       163       433       418       472           6.8027      1.0603         -0.0386     156.4990    1.0979      4.4464      1.0016      1.1382    
9         163       144       215       421       473           7.9117      1.1950         0.3416      90.4761     1.1330      4.4464      1.0336      1.1245    
9         164       100       229       418       381           5.7915      1.1000         0.4145      106.0885    0.8953      3.5857      1.0128      1.2053    
9         165       55        491       421       371           3.7957      1.0623         0.1340      164.4225    0.6129      2.4863      1.0000      1.3134    
9         166       240       90        426       662           8.7606      1.0678         0.2664      115.6229    1.3782      5.5525      1.0069      1.0792    
9         167       57        467       423       361           5.3029      1.1824         0.3763      111.6762    0.7380      2.7953      1.0709      1.1224    
9         168       131       61        428       461           6.5585      1.0182         3.9935      246.7845    1.0578      4.2724      1.0043      1.1416    
9         169       121       362       428       437           5.8350      1.0207         0.2348      129.8337    0.9590      3.8899      1.0000      1.1758    
9         170       43        48        428       363           3.7663      1.0829         0.4050      155.2646    0.5759      2.2745      1.0270      1.3455    
9         171       123       472       429       481           7.2461      1.1304         0.2741      85.7562     1.0212      4.0702      1.0177      1.1527    
9         172       136       430       431       447           6.6496      1.0684         0.3694      106.0239    1.0423      4.2067      1.0050      1.1364    
9         173       28        314       429       351           2.7479      1.0093         0.5457      188.8123    0.4367      1.7443      1.0154      1.4667    
9         174       180       229       436       573           8.7698      1.2172         0.3068      101.2103    1.2716      4.9596      1.0400      1.1190    
9         175       85        374       435       381           5.6350      1.1869         0.1307      206.8290    0.8392      3.3082      1.0290      1.2126    
9         176       46        21        442       839           3.9701      1.0632         0.4929      118.7038    0.6037      2.4044      1.0184      1.2812    
9         177       26        125       441       814           3.1252      1.1449         0.5290      190.6495    0.4382      1.6655      1.0673      1.3793    
9         178       116       180       447       531           6.5009      1.0843         0.2467      135.0352    1.0084      3.9990      1.0229      1.1078    
9         179       55        358       449       412           4.8017      1.2357         0.4238      185.7858    0.6835      2.6625      1.0413      1.2346    
9         180       87        23        452       420           5.7931      1.0630         0.3818      92.6134     0.8741      3.4721      1.0212      1.0968    
9         181       41        235       452       363           3.4774      1.1237         0.6136      248.3052    0.5594      2.2499      1.0085      1.3333    
9         182       86        263       455       469           5.9147      1.1620         0.3629      118.5838    0.8686      3.4329      1.0263      1.1690    
9         183       109       459       457       453           5.9888      1.0428         0.3077      92.8667     0.9370      3.7948      1.0016      1.1657    
9         184       30        472       455       770           2.5871      1.0342         0.0510      380.6966    0.4523      1.8346      1.0000      1.5484    
9         185       205       212       459       615           7.6511      1.0667         0.2618      110.5538    1.2479      5.0426      1.0038      1.1215    
9         186       89        114       458       468           5.5254      1.0456         1.9855      170.0467    0.8607      3.4721      1.0056      1.1806    
9         187       173       440       462       604           7.8041      1.1135         -0.0746     148.6450    1.1998      4.7907      1.0159      1.1058    
9         188       89        86        463       419           5.2384      1.0104         0.2043      172.9768    0.8729      3.5276      1.0037      1.1429    
9         189       89        92        470       414           5.3325      1.0566         0.2622      174.6628    0.8556      3.4528      1.0051      1.1429    
9         190       39        415       469       353           3.5439      1.1105         1.0552      517.5270    0.5632      2.2499      1.0153      1.3585    
9         191       44        187       475       398           3.8089      1.0695         0.4433      148.9810    0.5880      2.1669      1.1007      1.1379    
9         192       181       219       479       550           8.9265      1.2563         0.3674      134.4150    1.2606      4.8056      1.0640      1.1319    
9         193       49        231       476       358           4.5671      1.1409         0.4920      118.2517    0.6393      2.4602      1.0541      1.1467    
9         194       182       120       482       580           8.7900      1.2046         0.1510      146.2138    1.2522      4.8910      1.0385      1.1155    
9         195       115       52        481       512           8.7299      1.3863         -0.3441     231.2967    1.1009      3.8899      1.1480      1.0918    
9         196       145       27        484       463           6.9529      1.0832         1.2952      140.6019    1.0688      4.3049      1.0070      1.1391    
9         197       103       280       482       465           6.8396      1.1749         0.4115      104.7659    0.9588      3.7746      1.0304      1.1813    
9         198       61        91        483       378           3.7793      1.0372         0.1717      226.3372    0.6065      2.4602      1.0000      1.3231    
9         199       25        135       482       757           3.0066      1.1220         0.4314      222.1852    0.4340      1.6926      1.0400      1.5000    
9         200       278       315       490       682           9.3791      1.1142         0.1097      251.1923    1.5050      6.0431      1.0102      1.0955    
9         201       61        353       487       421           4.4943      0.9977         0.4392      124.2524    0.7047      2.7452      1.0413      1.0816    
9         202       129       449       490       531           8.3409      1.2590         0.3160      96.4851     1.1007      4.2401      1.0530      1.1092    
9         203       15        59        487       581           1.6241      0.9673         0.3354      350.9810    0.2645      1.0730      1.0000      0.9000    
9         204       112       53        494       409           5.9561      1.0557         0.4658      150.6312    0.9436      3.8145      1.0034      1.1705    
9         205       122       29        495       404           7.8694      1.2315         3.6902      238.7138    1.0648      4.1205      1.0482      1.1594    
9         206       142       113       498       613           11.3625     1.4805         1.4362      189.6205    1.3661      4.3519      1.2733      1.0551    
9         207       50        459       498       354           4.4915      1.0266         0.4494      113.1609    0.7034      2.5435      1.1217      1.0110    
10        0         137       105       13        506           6.6665      1.0579         0.2810      105.8191    0.9919      4.2564      1.0069      1.1429    
10        1         50        164       10        370           4.7150      1.1856         0.4316      129.5400    0.6243      2.5745      1.0477      1.2877    
10        2         52        198       10        408           4.8025      1.2306         0.4841      130.1006    0.6179      2.5111      1.0631      1.3043    
10        3         157       472       13        552           6.2105      1.0302         2.9936      424.6592    1.0189      4.3821      1.0046      1.1525    
10        4         37        140       14        397           3.8305      1.1056         0.4426      143.3765    0.5229      2.1962      1.0286      1.2143    
10        5         68        380       17        468           4.7460      1.0424         0.3771      105.6954    0.6867      2.9337      1.0113      1.1731    
10        6         238       55        22        678           8.3547      1.0818         0.1767      171.8470    1.3089      5.6151      1.0072      1.0985    
10        7         187       284       20        585           7.1946      1.0918         0.7216      133.9612    1.1383      4.8910      1.0055      1.1155    
10        8         106       471       29        439           5.8084      1.0367         1.2565      121.4716    0.8669      3.7366      1.0024      1.1647    
10        9         159       81        34        471           7.5379      1.1292         0.5778      157.6407    1.1053      4.7172      1.0123      1.1254    
10        10        172       243       35        575           7.3266      1.0721         0.5673      121.0925    1.1302      4.8490      1.0071      1.1030    
10        11        144       491       34        497           6.3890      1.0240         0.2909      103.0867    1.0265      4.4301      1.0011      1.1347    
10        12        98        439       34        444           5.5197      1.0346         0.3175      130.9136    0.8382      3.6052      1.0045      1.1358    
10        13        254       160       44        613           8.1038      1.0172         0.5604      150.2929    1.3348      5.7403      1.0047      1.1043    
10        14        155       280       43        503           8.2457      1.1532         0.2805      78.3663     1.0920      4.6237      1.0204      1.1527    
10        15        87        82        45        364           6.1246      1.1551         0.2975      102.4959    0.8097      3.3918      1.0314      1.2273    
10        16        109       109       46        465           5.9963      1.0589         0.2897      103.3740    0.8811      3.7948      1.0032      1.1724    
10        17        160       443       49        539           9.5344      1.2758         0.3070      90.6061     1.1357      4.6074      1.0650      1.1450    
10        18        103       26        54        403           5.8389      1.0170         0.2961      90.5047     0.8686      3.7366      1.0044      1.1647    
10        19        68        156       55        756           4.2517      1.1472         0.1516      232.8300    0.6700      2.8419      1.0186      1.2128    
10        20        198       41        59        542           8.8447      1.1844         0.4465      100.5960    1.2159      5.0985      1.0304      1.1051    
10        21        79        496       60        428           4.3127      1.0244         0.7770      199.4417    0.6999      3.0058      1.0061      1.2549    
10        22        112       159       64        411           5.9829      1.0271         0.2789      89.1259     0.8777      3.7746      1.0047      1.1477    
10        23        47        59        66        817           3.3854      1.0215         0.2170      213.9034    0.5694      2.4602      1.0000      1.3231    
10        24        223       223       71        631           8.4950      1.1180         0.7670      157.6983    1.2504      5.3220      1.0151      1.1204    
10        25        114       304       72        386           5.6316      1.0437         0.3788      146.4895    0.8807      3.7948      1.0028      1.1657    
10        26        136       360       73        489           6.7890      1.0941         0.2629      109.9311    0.9826      4.1897      1.0133      1.1222    
10        27        34        69        70        803           2.6669      1.0134         0.4150      217.0170    0.4246      1.8346      1.0000      1.5484    
10        28        97        369       77        383           5.8508      1.0363         0.2717      102.1740    0.8531      3.6614      1.0067      1.1515    
10        29        162       472       83        527           7.1143      1.0462         0.2620      82.9438     1.0319      4.4464      1.0028      1.1336    
10        30        76        251       80        469           5.4935      1.1749         0.3374      138.9608    0.7635      3.1653      1.0422      1.1933    
10        31        175       310       83        495           7.3109      1.0192         0.7413      141.4937    1.1413      4.9189      1.0025      1.1140    
10        32        60        231       83        745           4.6011      1.1156         0.5903      210.2518    0.6685      2.8660      1.0078      1.2473    
10        33        16        404       81        815           2.9469      1.2323         0.5636      222.6923    0.3797      1.4753      1.1120      1.4286    
10        34        191       21        89        610           7.1440      1.0492         0.4051      279.0647    1.1425      4.9050      1.0064      1.1075    
10        35        416       347       94        740           11.6463     1.1444         0.3954      151.1431    1.7102      7.2831      1.0145      1.0563    
10        36        180       113       91        594           7.3076      1.0591         0.6513      209.8421    1.1533      4.9596      1.0047      1.0943    
10        37        114       86        90        534           6.3005      1.1347         0.1595      147.5891    0.9303      3.9255      1.0240      1.1122    
10        38        145       142       95        500           7.8572      1.1847         0.3512      105.8978    1.0673      4.4782      1.0297      1.0881    
10        39        173       209       96        377           7.6725      1.1272         0.7548      208.0815    1.1200      4.7613      1.0163      1.1073    
10        40        247       272       97        613           8.2986      1.0791         0.3292      135.7168    1.3143      5.6406      1.0067      1.1057    
10        41        101       15        102       397           6.3614      1.1505         0.2712      110.2403    0.8868      3.6970      1.0364      1.1687    
10        42        158       197       102       894           7.7905      1.1158         0.2726      107.7792    1.0910      4.6237      1.0194      1.0863    
10        43        185       232       104       569           7.7211      1.0781         0.2379      99.1065     1.1517      4.9326      1.0088      1.1026    
10        44        59        262       104       793           4.2341      1.0393         0.3615      178.1489    0.6661      2.8660      1.0042      1.2211    
10        45        137       149       108       433           6.6004      1.0357         0.2434      100.9958    1.0141      4.3671      1.0033      1.1297    
10        46        125       210       107       714           6.6622      1.0846         0.2916      135.1643    0.9753      4.1547      1.0143      1.1349    
10        47        124       193       111       676           7.5944      1.1956         0.2751      119.8815    1.0047      4.1367      1.0493      1.1050    
10        48        205       122       116       521           7.1023      1.0235         0.2657      161.1116    1.1969      5.1692      1.0004      1.1085    
10        49        39        441       120       456           5.1492      1.1871         0.4121      109.3175    0.6379      2.1358      1.2904      0.7442    
10        50        227       180       123       625           11.3252     1.3094         0.2361      95.2856     1.4059      5.5770      1.0891      1.0654    
10        51        133       98        122       502           7.6334      1.1798         0.3491      113.6512    1.0383      4.3208      1.0383      1.1186    
10        52        91        386       121       489           5.7890      1.0694         0.3236      103.8198    0.8275      3.5276      1.0135      1.1656    
10        53        152       316       123       535           6.5509      1.0452         0.4228      125.2758    1.0183      4.3821      1.0041      1.1525    
10        54        78        90        127       358           4.6521      0.9975         0.4778      120.9948    0.7157      3.0921      1.0000      1.2252    
10        55        86        237       126       390           5.8025      1.1434         0.2963      131.9858    0.8001      3.4126      1.0130      1.1884    
10        56        226       19        131       655           7.7386      1.0355         0.5211      125.6971    1.2844      5.5276      1.0039      1.0909    
10        57        58        213       127       392           3.6403      0.9925         0.3308      165.3440    0.5812      2.5111      1.0000      1.3235    
10        58        107       492       132       493           6.1592      1.0605         0.2946      80.9400     0.8637      3.7170      1.0040      1.1598    
10        59        90        134       131       423           5.8519      1.1389         0.2853      111.1475    0.8097      3.4528      1.0132      1.1831    
10        60        31        246       130       772           2.6828      1.0458         0.4213      222.7400    0.4099      1.7443      1.0154      1.5172    
10        61        34        249       134       719           3.5191      1.1477         0.4564      209.0145    0.4916      2.1027      1.0101      1.3191    
10        62        38        357       135       354           3.6836      1.1015         0.4194      171.2352    0.5275      2.2499      1.0129      1.3333    
10        63        235       62        145       592           8.4199      1.0633         0.3854      170.6776    1.3208      5.6788      1.0049      1.0962    
10        64        27        302       138       783           2.7476      1.0041         0.4560      196.4256    0.4124      1.7443      1.0216      1.4667    
10        65        31        450       138       793           3.5534      1.1719         0.4851      203.1046    0.4750      2.0296      1.0112      1.3810    
10        66        56        462       143       360           3.7724      0.9936         0.3367      127.4419    0.5812      2.5111      1.0000      1.3235    
10        67        98        243       148       503           5.2996      1.0774         0.2612      178.3939    0.8430      3.6244      1.0050      1.1481    
10        68        59        157       147       408           4.2717      1.1629         0.3083      236.9443    0.6495      2.7707      1.0129      1.2558    
10        69        122       282       150       498           6.5501      1.0874         0.3261      111.1098    0.9560      4.1040      1.0065      1.1498    
10        70        148       33        152       548           6.5855      1.0393         0.5589      112.2930    1.0183      4.3821      1.0041      1.1525    
10        71        212       95        153       571           8.1506      1.0763         0.2245      124.4123    1.2689      5.4274      1.0101      1.0947    
10        72        112       475       154       489           5.4874      1.0606         0.2276      125.7150    0.8769      3.7558      1.0087      1.1628    
10        73        299       308       163       715           8.7263      1.0271         0.8170      318.8759    1.4480      6.2159      1.0065      1.0643    
10        74        211       76        165       544           8.6008      1.1488         0.1812      143.4559    1.2522      5.3220      1.0166      1.0959    
10        75        154       230       167       562           7.6144      1.1111         0.2586      108.8399    1.0902      4.6398      1.0152      1.1095    
10        76        17        205       166       692           4.9590      1.5882         0.5268      237.5617    0.5239      1.5228      1.4866      1.2308    
10        77        230       202       173       649           8.0977      1.0544         0.9283      348.0279    1.3029      5.5891      1.0072      1.0807    
10        78        256       253       174       664           9.9639      1.1093         0.2071      80.6105     1.3852      5.9108      1.0126      1.0905    
10        79        83        342       173       425           4.5726      0.9890         0.3141      114.9457    0.7203      3.1121      1.0000      1.2321    
10        80        84        150       173       776           4.6126      1.0118         0.5045      136.3844    0.7109      3.0715      1.0000      1.2182    
10        81        199       423       178       617           7.1892      1.0284         0.7720      358.6754    1.1751      5.0708      1.0012      1.1131    
10        82        164       324       179       450           6.3702      1.0354         0.9188      327.6959    1.0436      4.5092      1.0000      1.1474    
10        83        103       143       180       352           5.7510      1.0620         0.3018      128.2783    0.8509      3.6431      1.0091      1.1605    
10        84        218       158       184       458           8.9092      1.2160         0.8747      377.5284    1.2341      5.1552      1.0343      1.1224    
10        85        426       119       191       950           12.5069     1.1766         0.3373      117.0020    1.7746      7.4862      1.0242      1.0394    
10        86        74        172       186       361           5.2284      1.1407         0.3609      176.1734    0.7548      3.1908      1.0221      1.2101    
10        87        201       442       188       591           7.6847      1.0666         0.5757      546.8904    1.1796      5.0847      1.0023      1.1159    
10        88        185       479       192       619           7.5406      1.0506         0.2806      97.9792     1.1501      4.9462      1.0046      1.1054    
10        89        238       394       194       582           7.9696      1.0234         0.2523      151.6127    1.3412      5.7766      1.0032      1.1080    
10        90        176       294       197       547           7.9744      1.1049         0.2448      93.7725     1.1254      4.8056      1.0118      1.1088    
10        91        137       327       196       472           6.7593      1.0782         0.7010      142.8311    0.9953      4.2564      1.0104      1.1278    
10        92        123       198       197       531           8.4350      1.4102         0.1032      173.6304    1.0273      3.8716      1.1464      1.1277    
10        93        160       93        201       496           7.9888      1.1459         2.4130      116.7202    1.0940      4.6398      1.0187      1.1301    
10        94        242       275       203       604           8.7131      1.1306         0.2122      117.6304    1.2797      5.4400      1.0163      1.0914    
10        95        164       59        211       550           7.9823      1.1292         0.3955      84.7790     1.1032      4.6713      1.0204      1.1119    
10        96        152       202       211       510           8.0717      1.2047         0.7301      107.8139    1.0477      4.3671      1.0365      1.1392    
10        97        46        188       209       657           3.6093      1.0981         0.3593      228.6341    0.5511      2.3428      1.0163      1.3684    
10        98        174       352       214       594           6.5598      1.0723         0.9876      438.5021    1.0288      4.4301      1.0034      1.1301    
10        99        83        416       215       422           4.5513      1.0101         0.5492      150.5260    0.7203      3.1121      1.0000      1.2321    
10        100       46        255       221       385           3.6797      1.0778         0.4178      190.7426    0.5590      2.4044      1.0045      1.3016    
10        101       149       171       225       502           6.6897      1.0289         0.3624      116.6963    1.0210      4.3968      1.0033      1.1276    
10        102       240       471       228       605           8.8154      1.0855         0.2819      164.9621    1.3087      5.6021      1.0093      1.1128    
10        103       25        119       226       736           2.6444      1.0458         0.5006      214.5174    0.4099      1.7443      1.0154      1.5172    
10        104       202       218       230       559           8.2380      1.0472         1.9846      127.7334    1.2456      5.3220      1.0112      1.0929    
10        105       34        116       232       784           3.6300      1.1128         0.4947      154.5151    0.5055      2.1358      1.0226      1.3061    
10        106       184       309       236       544           7.1618      1.0947         1.1313      216.3943    1.1084      4.7468      1.0089      1.1003    
10        107       189       186       239       409           7.8160      1.0600         0.3419      114.0069    1.1655      5.0137      1.0044      1.1022    
10        108       61        254       237       418           4.7096      1.1443         0.3710      137.1602    0.6412      2.7187      1.0190      1.2235    
10        109       218       201       243       531           8.0393      1.0387         2.8637      281.2241    1.2681      5.4400      1.0072      1.0801    
10        110       148       411       242       544           7.7039      1.1536         0.6737      155.1868    1.0667      4.5092      1.0221      1.1250    
10        111       140       50        242       547           7.6883      1.1820         0.3693      92.2624     1.0367      4.3365      1.0329      1.1368    
10        112       121       132       242       495           6.5528      1.1096         0.3218      118.4877    0.9584      4.1040      1.0089      1.1610    
10        113       316       366       246       797           11.9016     1.2333         0.6325      118.5544    1.5833      6.5026      1.0520      1.0491    
10        114       154       76        244       573           6.9904      1.0214         0.2551      73.2389     1.0307      4.4464      1.0016      1.1475    
10        115       148       300       244       390           6.7409      1.0606         0.6020      129.7248    0.9934      4.2724      1.0046      1.1518    
10        116       131       283       248       549           8.1377      1.2535         0.2579      102.0178    1.0323      4.2067      1.0603      1.1013    
10        117       54        251       248       801           3.7109      1.0437         0.4184      168.8503    0.5718      2.4602      1.0042      1.3030    
10        118       198       233       251       598           7.4099      1.0925         0.9062      306.9227    1.1547      4.9596      1.0060      1.1190    
10        119       28        101       248       358           3.8629      1.2455         0.4597      182.4739    0.4785      1.8346      1.1269      1.1707    
10        120       25        14        251       853           3.2555      1.0817         0.4611      111.0512    0.4563      1.7443      1.1303      1.1892    
10        121       167       172       253       528           7.9962      1.1612         1.8638      137.7600    1.0828      4.5745      1.0227      1.1170    
10        122       81        158       254       399           5.7375      1.1338         0.3241      123.4948    0.7908      3.3717      1.0134      1.1511    
10        123       100       389       258       469           5.4377      1.0109         0.3410      148.4085    0.8564      3.6794      1.0056      1.1566    
10        124       192       64        264       534           8.5540      1.1801         0.5826      146.9303    1.2207      5.0985      1.0344      1.1051    
10        125       77        249       266       423           4.1732      1.0645         0.2406      249.9635    0.6955      2.9826      1.0074      1.2475    
10        126       42        193       267       372           3.4255      1.0471         0.2229      248.7831    0.5449      2.3428      1.0049      1.3000    
10        127       166       80        275       501           7.6239      1.0894         0.2494      97.2071     1.0967      4.7021      1.0077      1.1143    
10        128       216       152       281       639           8.9736      1.1517         0.2469      100.4604    1.2635      5.3758      1.0155      1.0909    
10        129       141       385       278       557           9.0355      1.2895         0.2849      114.2824    1.0959      4.3968      1.0769      1.1184    
10        130       244       187       291       668           8.5005      1.0114         0.3948      116.1049    1.3403      5.7766      1.0024      1.0826    
10        131       142       438       288       580           7.7268      1.1737         4.0491      182.3865    1.0440      4.3821      1.0293      1.1286    
10        132       46        358       289       378           4.4682      1.1986         0.3780      194.3630    0.5989      2.4602      1.0518      1.2647    
10        133       87        16        294       443           5.5933      1.0857         0.3445      83.0052     0.8076      3.4528      1.0107      1.2000    
10        134       139       241       300       533           6.7664      1.0348         0.3463      105.2530    1.0101      4.3519      1.0028      1.1261    
10        135       17        456       300       770           2.9002      1.1680         0.4914      184.5101    0.3679      1.5228      1.0437      1.4545    
10        136       262       67        307       675           9.1882      1.0747         0.2379      113.3780    1.4070      6.0196      1.0099      1.0667    
10        137       102       293       304       407           5.8318      1.1513         0.1961      177.4912    0.8433      3.5857      1.0162      1.1447    
10        138       69        101       304       422           4.7873      1.0690         0.3589      122.8309    0.6798      2.9119      1.0087      1.1429    
10        139       92        216       310       459           4.8261      0.9946         0.4022      109.6110    0.7203      3.1121      1.0000      1.2321    
10        140       105       305       310       415           5.9449      1.0456         0.3430      110.5840    0.8555      3.6244      1.0198      1.1341    
10        141       268       435       313       817           9.9348      1.1843         0.6778      359.7767    1.3551      5.7037      1.0265      1.0723    
10        142       50        89        314       408           5.1323      1.2981         0.2671      156.7513    0.6262      2.4602      1.0998      1.2113    
10        143       50        286       312       798           4.6480      1.1637         0.4886      156.3515    0.6257      2.6327      1.0268      1.2250    
10        144       82        234       318       383           5.5521      1.1562         0.3552      147.6130    0.7731      3.2860      1.0166      1.2160    
10        145       212       126       324       616           7.6315      1.0798         0.1729      138.2097    1.1710      5.0426      1.0033      1.0976    
10        146       206       485       324       707           7.5659      1.0718         0.8182      169.5925    1.1522      4.9596      1.0038      1.1048    
10        147       69        308       323       378           4.5878      1.0255         0.3986      150.1992    0.7030      3.0284      1.0029      1.2264    
10        148       98        16        325       451           5.7396      1.0602         0.2668      76.9531     0.8396      3.5857      1.0116      1.2053    
10        149       87        102       325       862           7.0823      1.2842         0.3402      153.5984    0.8346      3.3918      1.0632      1.1655    
10        150       177       177       332       480           7.3830      1.0725         0.2870      164.7633    1.1347      4.8632      1.0081      1.1023    
10        151       161       224       330       466           7.8913      1.1611         0.2861      122.2667    1.0960      4.6237      1.0242      1.1483    
10        152       150       277       332       547           6.5246      1.0248         0.8399      151.1887    1.0244      4.4136      1.0028      1.1311    
10        153       133       103       332       464           8.7025      1.3328         0.6169      165.6653    1.0709      4.1897      1.1044      1.1324    
10        154       216       364       343       668           7.6061      1.0346         1.1779      512.4347    1.1889      5.1266      1.0020      1.1006    
10        155       141       172       342       376           8.1407      1.2132         1.2293      139.8411    1.0447      4.3049      1.0485      1.1055    
10        156       184       57        346       499           7.5414      1.1136         0.2812      139.0165    1.1349      4.8632      1.0083      1.0987    
10        157       121       83        346       479           6.5518      1.1109         0.4067      147.8221    0.9582      4.1040      1.0088      1.1610    
10        158       154       155       347       466           6.8447      1.1008         1.5106      320.9350    0.9991      4.2888      1.0065      1.1659    
10        159       66        340       354       449           4.6577      1.0630         0.3065      170.7115    0.6900      2.9585      1.0076      1.2039    
10        160       107       274       355       480           6.8871      1.2747         0.1681      159.8351    0.9073      3.7366      1.0492      1.1716    
10        161       188       29        357       594           8.7246      1.1728         0.1990      74.1868     1.1860      4.9189      1.0417      1.1068    
10        162       67        496       357       421           4.2523      1.0348         0.2604      131.4991    0.6798      2.9119      1.0087      1.2500    
10        163       188       51        361       505           8.5247      1.1312         0.2318      115.2284    1.2080      5.0708      1.0293      1.0801    
10        164       67        130       360       415           4.5859      1.1001         0.0245      235.9769    0.6794      2.9119      1.0080      1.2245    
10        165       145       85        362       449           6.5093      1.0362         0.5250      163.7464    1.0149      4.3671      1.0041      1.1489    
10        166       104       102       369       438           5.5674      1.0782         0.2198      165.9168    0.8594      3.6794      1.0091      1.1779    
10        167       115       141       375       470           5.9197      1.0720         0.8666      192.1487    0.8843      3.8145      1.0016      1.1705    
10        168       130       161       377       526           6.6094      1.0637         0.2503      143.7427    0.9784      4.1723      1.0131      1.1233    
10        169       108       34        378       393           6.1980      1.0603         0.5916      91.9023     0.8801      3.7948      1.0021      1.1792    
10        170       108       375       379       446           5.7402      1.0595         0.3828      186.9207    0.8668      3.6794      1.0178      1.1707    
10        171       23        495       380       757           3.5469      1.1602         0.4720      119.2515    0.4470      1.7443      1.1072      1.1282    
10        172       101       488       383       386           5.6813      1.0556         0.2046      110.2330    0.8685      3.7170      1.0095      1.1879    
10        173       192       345       387       664           8.9401      1.2475         0.3038      149.0606    1.1734      4.8772      1.0395      1.1163    
10        174       158       218       389       618           8.0982      1.2217         1.3463      170.3935    1.0888      4.5413      1.0359      1.0977    
10        175       170       38        390       540           7.4048      1.0868         0.7208      116.3459    1.1120      4.7613      1.0091      1.1150    
10        176       122       280       388       490           6.9105      1.1408         0.2440      103.3085    0.9431      3.9811      1.0235      1.1728    
10        177       118       374       393       475           6.9311      1.1670         0.2261      144.5099    0.9501      3.9990      1.0265      1.1300    
10        178       259       481       397       583           8.5306      1.0753         0.1717      195.0241    1.3191      5.6662      1.0059      1.1127    
10        179       239       87        401       590           8.7789      1.0653         0.4599      182.6157    1.3168      5.6406      1.0087      1.0791    
10        180       97        98        398       362           7.0426      1.2311         2.3635      233.0805    0.9016      3.6794      1.0587      1.1429    
10        181       208       172       404       616           8.0463      1.0275         2.8745      268.8141    1.2642      5.4019      1.0111      1.0957    
10        182       79        45        413       506           6.3853      1.1996         0.6763      113.3608    0.8019      3.2155      1.0775      1.0139    
10        183       222       468       421       694           7.4960      1.0402         0.1560      130.3108    1.1974      5.1692      1.0008      1.1085    
10        184       51        51        419       397           4.5315      1.1071         0.4984      152.0183    0.6165      2.5111      1.0607      1.1250    
10        185       122       101       420       480           7.6451      1.2510         0.1370      151.2100    0.9870      3.9811      1.0712      1.1256    
10        186       127       18        425       489           6.6155      1.0727         0.2304      87.4099     0.9795      4.1897      1.0101      1.1376    
10        187       132       108       428       407           6.5327      1.0398         3.8017      256.3788    0.9887      4.2564      1.0037      1.1429    
10        188       135       333       429       506           6.4737      1.0387         0.6798      153.1621    0.9894      4.2564      1.0044      1.1378    
10        189       31        495       428       825           3.9993      1.1965         0.4315      102.8584    0.5091      2.0674      1.0640      1.2500    
10        190       261       399       435       744           11.6433     1.2581         0.3951      97.3961     1.4287      5.7886      1.0664      1.0349    
10        191       69        496       434       418           4.8513      1.0568         0.2885      84.6574     0.6891      2.9585      1.0064      1.2400    
10        192       25        237       434       776           2.6452      0.9998         0.5485      186.5933    0.4048      1.6926      1.0333      1.5000    
10        193       282       194       441       696           9.7810      1.1549         0.2243      162.7914    1.3869      5.8860      1.0181      1.0962    
10        194       35        233       440       778           3.5469      1.0574         0.6399      178.4395    0.5205      2.1358      1.0529      1.2549    
10        195       236       85        445       494           8.9092      1.1207         0.4228      146.8013    1.2633      5.3758      1.0153      1.0880    
10        196       297       164       447       717           10.7680     1.1651         1.1132      148.6469    1.4939      6.2933      1.0257      1.0769    
10        197       157       281       448       592           6.2402      1.0067         1.6606      190.7304    1.0265      4.4301      1.0011      1.1301    
10        198       175       326       449       556           7.3024      1.0892         0.2974      181.9117    1.1201      4.7907      1.0102      1.0983    
10        199       170       223       453       555           8.0624      1.1414         0.5781      119.0861    1.1121      4.7321      1.0154      1.1206    
10        200       24        493       449       797           2.6652      1.0392         0.4718      141.4838    0.3923      1.6655      1.0178      1.4815    
10        201       97        126       452       473           5.8661      1.1115         2.2839      179.3458    0.8220      3.5095      1.0120      1.1918    
10        202       123       314       453       454           6.5212      1.0379         0.2419      103.1177    0.9572      4.1040      1.0077      1.1280    
10        203       120       457       455       498           7.1248      1.1333         0.2053      98.7080     0.9583      4.0873      1.0130      1.1456    
10        204       126       93        456       370           5.8568      1.0292         0.1332      164.4745    0.9045      3.9079      1.0000      1.1803    
10        205       135       76        459       408           6.4254      1.0361         0.5260      189.7729    0.9978      4.2888      1.0052      1.1304    
10        206       123       424       464       542           6.0749      1.0065         0.1943      118.3175    0.9663      4.1367      1.0092      1.1256    
10        207       124       57        474       493           6.8944      1.1363         0.3974      144.7829    0.9566      4.0873      1.0112      1.1512    
10        208       183       126       477       607           10.2719     1.3193         0.3311      128.1031    1.2455      4.9326      1.0910      1.0955    
10        209       139       156       478       555           7.7118      1.1669         0.3212      120.0276    1.0367      4.3671      1.0256      1.1203    
10        210       38        187       476       376           3.6771      1.0791         0.3997      157.8798    0.5238      2.2238      1.0178      1.3208    
10        211       132       354       484       514           6.4767      1.0476         0.2541      119.4369    0.9905      4.2564      1.0054      1.1327    
10        212       145       326       486       582           8.8306      1.3017         0.2072      139.6671    1.0920      4.3821      1.0767      1.1102    
10        213       98        15        487       455           5.8602      1.0970         0.2217      135.7099    0.8313      3.5276      1.0182      1.2138    
10        214       100       283       489       498           6.0062      1.0350         0.3064      99.4879     0.8638      3.6970      1.0095      1.1412    
10        215       30        474       487       856           3.7197      1.1497         0.4913      134.0662    0.4847      2.0296      1.0319      1.3182    
10        216       172       127       495       595           8.0976      1.1668         1.3303      165.8421    1.1033      4.6557      1.0239      1.0968    
10        217       50        431       496       360           4.6468      1.1105         0.3116      134.6355    0.6244      2.6327      1.0247      1.2099    
10        218       78        80        500       433           5.5669      1.1371         0.2870      146.8008    0.7583      3.1653      1.0350      1.2137    
10        219       101       447       500       440           6.6299      1.2388         0.3550      250.8431    0.8908      3.6244      1.0619      1.2078    
10        220       52        56        501       396           4.7102      1.1652         0.5515      156.7066    0.6400      2.6625      1.0386      1.2658    
10        221       72        99        500       454           5.7470      1.2503         0.3043      150.3952    0.7078      2.8660      1.0670      1.1959    
10        222       24        15        501       673           3.4511      1.1901         0.5372      154.0711    0.4511      1.7914      1.0881      1.5333    
10        223       22        436       500       571           2.8758      1.0853         0.4549      181.6236    0.4058      1.6354      1.0722      1.4074    
10        224       43        139       501       611           4.8022      1.2636         0.4041      179.8646    0.5963      2.4044      1.0716      1.3898    
11        0         148       126       19        548           7.6105      1.1951         0.1773      124.1293    1.1402      4.3049      1.0407      1.1593    
11        1         100       395       23        462           6.9065      1.2584         3.2735      185.4774    0.9777      3.6431      1.0544      1.2051    
11        2         231       37        28        716           7.8356      1.0200         0.3394      95.8130     1.4309      5.5891      1.0059      1.0968    
11        3         288       232       30        718           8.8118      1.0123         0.2565      84.7002     1.6176      6.3484      1.0011      1.0775    
11        4         107       342       40        489           6.4599      1.1353         0.2955      95.0991     0.9925      3.8145      1.0224      1.1573    
11        5         70        62        42        466           4.6446      1.0448         0.3627      115.8257    0.7587      2.9585      1.0076      1.1923    
11        6         106       294       48        466           5.8966      1.0818         0.2996      103.5035    0.9405      3.6614      1.0093      1.1875    
11        7         213       94        52        673           7.7836      1.0249         0.1605      98.4992     1.3884      5.4147      1.0075      1.0866    
11        8         137       422       52        504           6.8115      1.0834         1.7798      127.4782    1.0823      4.2236      1.0069      1.1613    
11        9         116       391       54        437           5.8696      1.0443         0.6721      123.7131    0.9724      3.8145      1.0016      1.1705    
11        10        99        382       59        402           6.8238      1.2224         0.3001      121.2670    0.9848      3.6794      1.0517      1.1361    
11        11        156       346       64        499           8.1155      1.1434         0.2658      79.4928     1.2083      4.6557      1.0197      1.1087    
11        12        86        140       65        490           5.6475      1.0870         0.3263      105.3080    0.8930      3.4329      1.0221      1.1067    
11        13        64        219       67        420           5.5833      1.2863         0.4929      148.0315    0.7985      2.9585      1.0604      1.2525    
11        14        59        199       68        406           3.5856      1.0229         0.3919      151.2958    0.6391      2.5111      1.0000      1.3235    
11        15        84        478       70        492           6.3205      1.2226         0.3214      94.6958     0.8886      3.3299      1.0485      1.1387    
11        16        110       389       73        493           8.3410      1.2828         0.2657      95.3797     1.0935      3.9079      1.0994      1.0693    
11        17        277       340       81        552           8.3011      1.0091         0.0575      113.1782    1.5106      5.9352      1.0000      1.1116    
11        18        173       85        83        531           7.7010      1.1113         0.5456      119.9626    1.2351      4.7757      1.0161      1.1065    
11        19        84        213       86        472           5.2004      1.0816         0.6832      180.8103    0.8803      3.3918      1.0197      1.1489    
11        20        66        481       87        401           3.7773      1.0063         0.4052      118.8123    0.6391      2.5111      1.0000      1.3235    
11        21        58        233       89        405           4.4619      1.1570         0.3785      172.2393    0.7051      2.7187      1.0190      1.2235    
11        22        168       292       93        493           7.5490      1.0550         0.4091      109.4194    1.2409      4.8490      1.0055      1.1030    
11        23        284       328       99        624           10.5452     1.1830         0.2183      109.9282    1.6289      6.2268      1.0278      1.0787    
11        24        114       73        96        438           6.8798      1.2455         0.2200      137.2415    1.0105      3.7948      1.0463      1.1724    
11        25        30        145       99        369           3.3676      1.0836         0.5462      128.1977    0.5181      1.9577      1.0397      1.2558    
11        26        128       425       99        508           6.7615      1.1483         0.2768      117.7695    1.0494      4.0352      1.0218      1.1616    
11        27        205       258       105       529           8.9406      1.1295         0.2470      90.6446     1.3706      5.2944      1.0172      1.1061    
11        28        55        245       102       638           4.3042      1.1272         0.3828      192.2771    0.7063      2.7452      1.0109      1.2619    
11        29        91        283       104       363           5.9644      1.1325         0.2832      119.9643    0.9074      3.5095      1.0159      1.1918    
11        30        42        125       106       351           3.5434      1.0545         0.4368      178.2214    0.5920      2.3095      1.0071      1.2881    
11        31        409       186       111       866           12.9603     1.2180         0.2996      87.8019     1.9155      7.2149      1.0431      1.0590    
11        32        78        157       108       439           4.2562      1.0720         0.2442      193.6871    0.7730      3.0284      1.0029      1.2264    
11        33        50        234       107       821           3.5681      1.0405         0.4867      197.0832    0.6219      2.4330      1.0043      1.2923    
11        34        117       474       109       507           5.9855      0.9990         0.2443      79.5387     0.9900      3.8899      1.0000      1.1758    
11        35        51        245       110       697           3.6082      1.0616         0.3165      210.9549    0.6219      2.4330      1.0043      1.2923    
11        36        27        70        110       360           3.2896      1.2645         0.4220      152.5253    0.4503      1.5648      1.1308      1.4167    
11        37        57        209       113       401           3.6378      1.0179         0.4024      161.7745    0.6391      2.5111      1.0000      1.3235    
11        38        198       346       120       694           8.7354      1.1928         0.1959      91.8039     1.3170      4.9462      1.0462      1.1019    
11        39        118       129       118       422           5.3895      1.0366         0.4637      168.6851    0.9869      3.8716      1.0015      1.1778    
11        40        126       433       119       494           5.9996      1.0282         0.0840      144.0932    1.0695      4.1723      1.0072      1.1549    
11        41        162       104       125       525           7.0860      1.0603         0.1695      103.1418    1.1939      4.6557      1.0076      1.1250    
11        42        207       160       131       592           8.7603      1.1755         0.3575      109.0115    1.3428      5.1410      1.0262      1.1032    
11        43        59        117       129       703           3.5454      1.0537         0.2037      232.8159    0.6391      2.5111      1.0000      1.3235    
11        44        260       470       134       696           8.2076      1.0420         1.4555      218.5673    1.4485      5.6662      1.0044      1.0835    
11        45        123       298       134       454           6.7023      1.0910         0.5319      105.8719    1.0581      4.0873      1.0171      1.1238    
11        46        115       204       134       440           5.8089      1.0227         0.2480      105.8170    0.9773      3.8339      1.0016      1.1751    
11        47        73        194       134       358           4.5284      1.0679         0.3647      163.4425    0.7730      3.0284      1.0029      1.2150    
11        48        113       340       138       498           6.9600      1.1987         0.2527      101.0759    1.0054      3.8145      1.0356      1.1705    
11        49        60        158       139       797           4.7601      1.2229         0.3587      161.1297    0.7056      2.6625      1.0413      1.3158    
11        50        155       284       143       475           7.6128      1.1016         0.2307      87.7299     1.1939      4.6074      1.0182      1.1236    
11        51        29        239       141       357           3.5224      1.1996         0.4904      208.3399    0.5172      1.8744      1.0842      1.2500    
11        52        58        481       149       357           3.8066      0.9892         0.2977      100.6764    0.6391      2.5111      1.0000      1.3235    
11        53        219       45        153       497           8.1652      1.0298         0.3969      110.2367    1.4060      5.4772      1.0086      1.0653    
11        54        115       134       152       511           5.9458      1.1096         0.2832      110.3498    0.9508      3.6970      1.0105      1.1758    
11        55        121       330       153       460           5.7674      1.0064         0.2383      101.5401    0.9946      3.9079      1.0000      1.1803    
11        56        128       225       156       513           6.3877      1.1267         0.2172      142.4724    1.0593      4.1040      1.0142      1.1553    
11        57        165       64        161       515           7.5245      1.0507         0.2518      92.3533     1.2360      4.8202      1.0075      1.0897    
11        58        81        263       159       453           4.5850      0.9904         0.3496      112.0468    0.7921      3.1121      1.0000      1.2321    
11        59        199       36        167       502           7.2229      1.0351         0.5965      112.5030    1.2819      5.0137      1.0046      1.1266    
11        60        145       289       168       494           6.6955      1.0192         0.2609      96.4599     1.1196      4.3821      1.0039      1.1333    
11        61        271       185       178       700           10.8726     1.1955         0.4529      109.9263    1.6281      6.1598      1.0385      1.0656    
11        62        109       421       172       507           7.9780      1.3043         0.2120      105.8883    1.0455      3.7948      1.0826      1.1271    
11        63        218       213       176       524           8.6353      1.1198         0.2417      116.3797    1.3844      5.3625      1.0144      1.1003    
11        64        111       60        176       470           6.7225      1.1382         0.3214      123.5003    1.0255      3.9255      1.0264      1.1354    
11        65        168       295       179       486           7.7201      1.1451         0.2499      96.3047     1.1951      4.6074      1.0192      1.1070    
11        66        84        200       181       615           5.6877      1.1131         0.3080      124.2296    0.8796      3.4126      1.0127      1.1799    
11        67        266       231       187       615           9.6255      1.1298         0.1670      90.5202     1.5327      5.8860      1.0231      1.0652    
11        68        152       401       187       541           7.6796      1.1227         0.3739      121.1496    1.1884      4.5908      1.0171      1.1161    
11        69        69        306       188       369           4.4039      1.0094         0.4466      135.7140    0.7424      2.8894      1.0096      1.2165    
11        70        152       138       192       531           7.8052      1.1879         0.4605      123.0461    1.1608      4.4301      1.0295      1.1301    
11        71        73        152       194       382           4.4041      1.0617         0.3240      190.1949    0.7673      3.0058      1.0030      1.2075    
11        72        81        424       196       476           5.9128      1.1573         0.7045      159.6221    0.8925      3.3717      1.0400      1.1594    
11        73        93        201       197       437           5.6507      1.0603         0.3304      117.1439    0.9093      3.5452      1.0078      1.1711    
11        74        177       375       201       539           7.2412      1.0262         0.2776      119.7226    1.2734      4.9860      1.0035      1.1139    
11        75        303       99        204       841           14.0379     1.3952         0.2419      70.9199     1.7852      6.1368      1.1430      1.0290    
11        76        205       276       207       499           7.4775      1.0474         0.1730      126.8106    1.3056      5.1266      1.0006      1.1104    
11        77        51        81        207       810           4.4854      1.1794         0.4005      171.0057    0.6938      2.6625      1.0239      1.2658    
11        78        64        169       208       441           5.7226      1.3154         -0.0233     226.8259    0.8025      2.8190      1.1186      1.1667    
11        79        23        177       207       703           2.8322      1.1447         0.4318      201.3691    0.4231      1.5648      1.0623      1.4167    
11        80        46        187       206       798           3.8230      1.0832         0.3925      175.0975    0.6060      2.3428      1.0163      1.3684    
11        81        51        288       208       803           3.9009      1.0558         0.7947      150.9842    0.6185      2.4044      1.0106      1.3016    
11        82        86        260       213       453           6.0517      1.1687         0.2983      118.2466    0.8915      3.3918      1.0327      1.1408    
11        83        192       222       217       663           8.6652      1.1494         2.2966      138.7070    1.3266      5.0847      1.0251      1.0828    
11        84        124       411       216       405           5.6424      0.9926         0.2039      111.3887    0.9946      3.9079      1.0000      1.1803    
11        85        290       427       222       660           9.3349      1.0281         0.4448      139.5267    1.6148      6.3266      1.0029      1.0843    
11        86        182       42        222       590           7.7496      1.0891         0.3340      81.6046     1.2559      4.9050      1.0060      1.1184    
11        87        130       334       223       488           6.7975      1.0840         0.3751      108.5072    1.0838      4.2236      1.0082      1.1455    
11        88        27        397       225       746           2.7322      1.0241         0.4079      201.5122    0.4508      1.7443      1.0154      1.5172    
11        89        236       457       234       614           8.5932      1.0285         0.1094      94.6144     1.4681      5.7525      1.0028      1.1038    
11        90        66        483       233       414           4.6989      1.1297         1.6163      258.8200    0.7332      2.8190      1.0219      1.2874    
11        91        99        367       236       502           6.0547      1.1416         0.2457      121.5273    0.9368      3.6244      1.0156      1.1625    
11        92        226       231       243       649           8.4184      1.0845         0.1691      113.2068    1.4109      5.5022      1.0075      1.0863    
11        93        36        199       240       357           2.8566      1.0190         0.4564      160.6177    0.4669      1.8346      1.0000      1.5484    
11        94        122       287       246       460           7.8881      1.2370         0.2815      102.9141    1.0791      4.0352      1.0507      1.1443    
11        95        89        323       246       467           5.3927      1.0245         0.3252      113.7578    0.9007      3.5095      1.0083      1.1678    
11        96        124       180       250       519           6.8665      1.1612         0.4426      117.1704    1.0450      4.0172      1.0221      1.1343    
11        97        294       350       254       717           9.9311      1.1408         0.5541      161.5546    1.5722      6.1252      1.0085      1.0707    
11        98        138       111       251       428           6.5115      1.0585         0.3030      100.5905    1.0880      4.2564      1.0044      1.1378    
11        99        118       279       252       367           6.7215      1.1743         0.5297      136.7290    1.0144      3.8716      1.0295      1.1398    
11        100       192       264       259       447           8.6236      1.1601         0.1972      106.6816    1.3362      5.1266      1.0241      1.1006    
11        101       172       214       261       585           7.7033      1.1138         0.2963      100.7939    1.2042      4.6713      1.0129      1.1159    
11        102       253       111       266       567           9.5830      1.1338         0.2296      93.5791     1.5086      5.8237      1.0178      1.0835    
11        103       180       411       264       559           7.4289      1.0852         4.3564      249.1729    1.2530      4.8632      1.0123      1.1208    
11        104       80        371       266       399           5.7710      1.1424         0.4304      139.6392    0.8761      3.3511      1.0272      1.1791    
11        105       215       275       273       577           8.1587      1.0453         4.7583      215.1133    1.3925      5.4400      1.0057      1.0801    
11        106       167       52        276       437           7.5967      1.0868         0.2288      100.1567    1.2327      4.8056      1.0079      1.1280    
11        107       50        377       272       882           3.8612      1.0316         0.4617      135.9106    0.6219      2.4330      1.0043      1.3125    
11        108       52        104       275       707           4.3755      1.2167         0.4307      194.4773    0.6827      2.5745      1.0419      1.3056    
11        109       76        466       276       370           4.5851      1.0257         0.4139      162.1154    0.7777      3.0503      1.0017      1.2110    
11        110       30        232       277       827           2.6560      1.0374         0.5279      217.2652    0.4508      1.7443      1.0154      1.5172    
11        111       16        174       277       790           2.4767      1.1548         0.6120      287.4199    0.3795      1.4753      1.0107      1.5789    
11        112       196       61        285       548           7.5579      1.0557         0.2445      106.0456    1.2643      4.9462      1.0043      1.1197    
11        113       107       469       285       434           5.5775      1.0296         0.1718      123.4393    0.9543      3.7366      1.0035      1.1579    
11        114       22        381       295       767           3.4044      1.1669         0.5389      170.8169    0.4836      1.6354      1.1619      1.2667    
11        115       197       343       300       622           9.1579      1.2523         0.1582      103.1384    1.3068      4.8910      1.0498      1.1118    
11        116       156       365       300       534           7.1595      1.0934         0.6232      224.3123    1.2036      4.6713      1.0124      1.1119    
11        117       246       174       306       691           9.6591      1.2049         0.3379      101.0338    1.4567      5.5401      1.0331      1.1128    
11        118       139       256       307       522           8.1464      1.2319         0.2493      94.2949     1.1522      4.3049      1.0516      1.1149    
11        119       26        293       309       678           3.8536      1.2742         0.7174      216.2749    0.5135      1.8346      1.0998      1.3333    
11        120       280       471       315       726           9.5440      1.0571         0.9291      295.1454    1.5835      6.1937      1.0045      1.0818    
11        121       242       48        316       520           8.4650      1.0515         0.3972      133.9204    1.4565      5.6913      1.0055      1.0957    
11        122       236       288       317       662           8.4708      1.0740         0.1603      130.5726    1.4220      5.5648      1.0040      1.0977    
11        123       71        432       314       404           4.7364      1.0535         0.3313      195.1403    0.7721      3.0284      1.0018      1.2037    
11        124       29        226       313       830           3.7966      1.2318         0.5506      176.0008    0.5284      1.9577      1.0605      1.3846    
11        125       117       319       318       491           7.7428      1.2443         0.4330      121.9212    1.0783      4.0352      1.0499      1.1675    
11        126       139       246       323       483           6.6346      1.0512         0.3932      110.1113    1.0949      4.2724      1.0069      1.1366    
11        127       135       416       323       524           6.8089      1.1338         0.1932      123.7318    1.0637      4.1040      1.0184      1.1333    
11        128       141       37        326       427           6.3224      1.0118         2.2466      188.9207    1.1158      4.3671      1.0039      1.1345    
11        129       80        179       329       389           4.4487      1.0246         0.2355      178.9258    0.7817      3.0715      1.0000      1.2182    
11        130       19        146       329       763           2.8687      1.1615         0.5448      187.5324    0.4244      1.4753      1.1304      1.3636    
11        131       79        167       334       841           4.6533      1.0278         0.5055      141.1519    0.7831      3.0715      1.0017      1.2182    
11        132       58        328       333       728           3.7408      1.0313         0.3916      180.0169    0.6328      2.4863      1.0000      1.3134    
11        133       252       86        342       531           8.5798      1.0344         0.8057      246.6647    1.4562      5.7037      1.0032      1.1058    
11        134       166       206       341       556           7.6307      1.1547         0.3511      135.8119    1.2010      4.6074      1.0242      1.1194    
11        135       50        413       338       357           3.6967      1.0065         0.3249      172.2214    0.6262      2.4602      1.0000      1.3030    
11        136       145       332       343       420           6.7204      1.0394         0.3121      144.5555    1.1264      4.4136      1.0028      1.1265    
11        137       69        158       342       381           4.8626      1.1004         0.3483      145.0103    0.7515      2.9337      1.0065      1.2200    
11        138       285       131       349       721           8.9670      1.0157         0.1040      156.8320    1.5982      6.2592      1.0032      1.0778    
11        139       218       99        351       535           8.2171      1.0563         0.2564      130.9719    1.3844      5.3889      1.0094      1.0933    
11        140       79        464       346       433           4.4878      1.0034         0.3862      149.6955    0.7870      3.0921      1.0000      1.2252    
11        141       164       260       350       460           7.5980      1.1035         0.2429      102.3597    1.2136      4.7321      1.0077      1.1246    
11        142       191       185       351       612           8.0288      1.1028         3.5982      109.0858    1.2559      4.8632      1.0147      1.1060    
11        143       223       243       354       645           9.2375      1.2317         0.0897      139.7345    1.3676      5.2240      1.0286      1.0997    
11        144       144       345       353       490           6.3011      1.0179         0.8167      179.0417    1.1134      4.3671      1.0017      1.1297    
11        145       162       33        355       532           6.7413      0.9981         0.4366      71.9125     1.1515      4.5244      1.0000      1.1508    
11        146       156       424       353       534           7.8666      1.2009         1.3969      258.4049    1.1672      4.4136      1.0391      1.1695    
11        147       194       307       357       563           8.4793      1.1018         2.6822      134.0207    1.3413      5.1692      1.0195      1.0988    
11        148       108       322       362       436           6.8185      1.1862         0.3446      145.8902    1.0167      3.8716      1.0318      1.1337    
11        149       52        264       361       718           4.5979      1.2556         0.2767      210.5412    0.6795      2.5435      1.0497      1.3143    
11        150       128       31        371       462           5.8566      1.0219         0.4856      112.4787    0.9946      3.9079      1.0000      1.1803    
11        151       72        418       374       383           4.7328      1.0029         0.2663      112.8531    0.7772      3.0503      1.0011      1.2110    
11        152       104       301       378       422           7.5141      1.2106         0.2956      95.4229     1.0402      3.7558      1.0882      1.0471    
11        153       169       285       381       613           7.7968      1.1061         0.2671      92.2546     1.2053      4.5908      1.0316      1.0493    
11        154       168       108       385       606           7.7638      1.0883         0.2566      106.8575    1.2405      4.8202      1.0112      1.1044    
11        155       126       417       385       374           6.9953      1.0548         0.2237      91.7414     1.0809      4.2067      1.0096      1.1161    
11        156       28        246       382       829           2.6518      1.0344         0.4761      237.5925    0.4669      1.8346      1.0000      1.5484    
11        157       65        321       387       780           4.5522      1.0556         0.4045      134.1382    0.7317      2.8419      1.0116      1.1875    
11        158       165       403       390       454           6.4438      1.0148         1.0982      216.3490    1.1476      4.5092      1.0000      1.1474    
11        159       141       165       397       634           8.4181      1.2565         0.2479      96.1720     1.1622      4.2724      1.0688      1.0279    
11        160       263       134       400       677           8.6220      1.0349         0.6558      150.4963    1.4900      5.8481      1.0010      1.1025    
11        161       174       325       398       560           8.5079      1.2266         0.4066      175.9077    1.2782      4.8056      1.0451      1.1241    
11        162       172       199       399       560           7.9780      1.1372         0.3772      77.4034     1.2150      4.7021      1.0153      1.1223    
11        163       132       361       401       540           6.9677      1.1152         0.3190      125.6536    1.0782      4.1897      1.0111      1.1222    
11        164       137       226       406       527           6.6526      1.1202         0.3616      97.6703     1.0640      4.1367      1.0106      1.1579    
11        165       135       415       409       533           7.4157      1.1162         0.2780      91.7445     1.0756      4.1897      1.0087      1.1535    
11        166       136       265       414       520           7.7101      1.2160         0.2987      101.9462    1.1265      4.2564      1.0399      1.1480    
11        167       200       374       425       566           7.4152      1.0538         -0.1212     194.3534    1.2839      5.0282      1.0033      1.1188    
11        168       81        234       426       421           4.2926      1.1010         0.3527      214.2872    0.7697      3.0058      1.0061      1.2549    
11        169       108       43        430       458           6.5695      1.1397         0.2699      101.7268    0.9971      3.8529      1.0168      1.1602    
11        170       72        88        429       456           5.9298      1.2732         0.1245      183.1792    0.8369      3.0921      1.0635      1.1930    
11        171       156       283       432       402           7.7523      1.1502         1.3046      162.1525    1.2066      4.6398      1.0218      1.1136    
11        172       32        32        437       754           2.6689      1.0347         0.3345      232.0056    0.4669      1.8346      1.0000      1.5484    
11        173       108       124       441       489           5.6362      1.0213         0.5046      137.4971    0.9605      3.7558      1.0048      1.1494    
11        174       86        276       441       368           5.8363      1.1219         0.2989      110.6433    0.8974      3.4721      1.0156      1.1644    
11        175       90        293       441       371           5.6510      1.0568         0.4545      123.3614    0.9025      3.5095      1.0104      1.1918    
11        176       67        210       442       874           5.2859      1.1174         0.3643      123.8995    0.8044      3.0503      1.0361      1.0909    
11        177       182       220       447       499           7.6872      1.0431         1.2263      108.1457    1.2726      4.9729      1.0055      1.0736    
11        178       16        157       442       741           1.6311      0.9802         0.2612      368.2496    0.2731      1.0730      1.0000      0.9000    
11        179       76        174       445       791           5.5018      1.1441         2.1598      243.0741    0.8386      3.2155      1.0247      1.2066    
11        180       129       387       447       478           6.3230      1.0548         0.4691      155.4151    1.0779      4.2067      1.0067      1.1312    
11        181       67        375       447       357           4.7468      1.1482         0.2310      178.4980    0.7389      2.8660      1.0130      1.2340    
11        182       303       182       457       656           10.9702     1.2048         0.1790      117.2399    1.6475      6.2707      1.0323      1.0817    
11        183       113       139       458       466           5.7871      1.0628         0.3896      167.6206    0.9652      3.7746      1.0047      1.1609    
11        184       117       261       459       464           6.8148      1.1305         0.6773      114.4242    1.0353      3.9811      1.0218      1.1487    
11        185       238       56        464       704           9.9058      1.1655         0.1212      155.2132    1.4992      5.7282      1.0283      1.0522    
11        186       249       207       466       582           8.6459      1.0521         0.3946      93.7696     1.4612      5.7037      1.0066      1.0979    
11        187       155       386       466       491           6.6021      1.0312         0.0729      124.5141    1.1306      4.4301      1.0028      1.1347    
11        188       43        130       467       782           3.7829      1.1288         0.5244      244.7858    0.5922      2.2745      1.0230      1.3704    
11        189       113       29        474       485           7.9040      1.3020         0.2281      152.7509    1.0741      3.8899      1.0850      1.2090    
11        190       37        79        470       832           2.7984      1.0031         0.2261      226.5662    0.4770      1.8744      1.0000      1.5625    
11        191       90        263       472       423           6.5638      1.2326         0.3320      117.9831    0.9476      3.5276      1.0555      1.1892    
11        192       136       371       477       458           6.5574      1.0524         0.1978      110.6796    1.1036      4.3049      1.0073      1.1391    
11        193       181       189       483       539           7.3149      1.0758         0.4883      129.0751    1.2281      4.7907      1.0072      1.1020    
11        194       183       231       486       557           7.5367      1.0893         0.2568      104.6520    1.2554      4.8772      1.0114      1.0980    
11        195       288       456       488       678           9.9630      1.0994         1.7300      653.5489    1.5745      6.1368      1.0081      1.0813    
11        196       110       169       486       506           6.6640      1.1614         0.2406      113.9252    0.9828      3.6794      1.0495      1.0667    
11        197       120       107       488       477           5.7790      1.0240         0.3390      133.0866    0.9724      3.8145      1.0016      1.1705    
11        198       103       435       492       437           5.7329      1.0965         1.1215      326.2451    0.9346      3.6244      1.0132      1.1772    
11        199       56        116       491       834           3.6579      1.0151         0.3559      249.3090    0.6391      2.5111      1.0000      1.3235    
11        200       59        193       494       785           4.8513      1.1566         0.3791      134.2915    0.7261      2.7452      1.0393      1.2771    
12        0         58        20        9         407           4.5107      1.1221         0.5050      110.0948    0.6927      2.7452      1.0152      1.2619    
12        1         93        142       12        538           7.0922      1.2615         0.5426      106.0097    0.9508      3.4528      1.1078      1.0566    
12        2         155       176       11        539           8.3079      1.2431         0.8471      141.6136    1.2145      4.5745      1.0681      1.1562    
12        3         26        451       8         676           2.8063      1.0916         0.6509      150.8821    0.4217      1.6655      1.0186      1.6667    
12        4         96        391       19        434           5.6373      1.0700         0.4847      109.8477    0.8979      3.5857      1.0075      1.1742    
12        5         294       246       24        706           9.0089      1.0169         0.3679      75.2428     1.5729      6.3155      1.0020      1.0825    
12        6         151       314       22        545           6.5452      1.0483         0.8499      105.2783    1.0849      4.3519      1.0029      1.1167    
12        7         61        385       24        370           4.3662      1.1281         0.3980      181.3872    0.7146      2.8190      1.0198      1.1915    
12        8         61        475       23        409           4.4380      1.0696         1.1042      154.9755    0.7110      2.8419      1.0065      1.2391    
12        9         270       99        29        571           8.5216      1.0467         0.5889      134.4398    1.4324      5.7160      1.0082      1.1026    
12        10        222       205       30        692           8.5446      1.1274         0.5772      91.5923     1.3496      5.3492      1.0150      1.0949    
12        11        96        151       28        484           5.6793      1.0256         1.4780      108.0959    0.9039      3.6052      1.0087      1.1795    
12        12        78        362       32        483           5.1480      1.0544         0.4671      112.7268    0.8284      3.2631      1.0213      1.1450    
12        13        168       332       35        529           8.1726      1.1549         0.6765      91.7906     1.1749      4.6237      1.0223      1.0942    
12        14        114       19        44        488           6.6980      1.2228         0.2187      149.0051    0.9880      3.7366      1.0638      1.1928    
12        15        259       101       45        620           10.1718     1.1776         1.7250      126.8153    1.4799      5.8121      1.0244      1.0814    
12        16        85        55        43        445           5.6824      1.1307         0.3694      116.8250    0.8634      3.4329      1.0118      1.1942    
12        17        41        308       42        792           3.7445      1.0951         0.5659      170.0173    0.5808      2.3095      1.0117      1.3571    
12        18        17        136       44        736           1.6403      0.9644         0.7981      165.3198    0.2667      1.0730      1.0000      0.9000    
12        19        198       436       48        551           7.7049      1.0625         1.0827      173.8018    1.2406      4.9596      1.0064      1.1154    
12        20        184       260       50        491           7.2537      1.0161         1.6204      129.5599    1.2553      5.0282      1.0044      1.1015    
12        21        209       406       50        611           7.6155      1.0558         0.7253      271.7112    1.2694      5.0847      1.0044      1.1125    
12        22        82        448       48        773           4.6043      1.0227         0.7924      170.6599    0.7635      3.0715      1.0000      1.2182    
12        23        232       329       53        615           8.7422      1.1062         0.4128      98.8210     1.3725      5.4649      1.0104      1.1018    
12        24        62        229       50        401           4.2052      1.1636         0.4656      189.3076    0.7085      2.8190      1.0112      1.2584    
12        25        290       158       57        675           9.3306      1.0660         0.2765      98.8007     1.5560      6.2268      1.0053      1.0830    
12        26        127       446       58        912           6.9757      1.0636         0.6134      102.9170    1.0484      4.1723      1.0109      1.1031    
12        27        273       120       65        651           9.0614      1.0472         0.3442      107.5422    1.5347      6.1484      1.0042      1.0920    
12        28        163       274       63        520           7.6351      1.1049         0.4202      82.2397     1.1763      4.6713      1.0131      1.1039    
12        29        38        253       60        708           4.5670      1.3228         0.5904      165.9687    0.6214      2.2745      1.0991      1.3455    
12        30        283       355       76        622           9.6254      1.0749         0.6053      93.9089     1.5328      6.1252      1.0068      1.0772    
12        31        91        371       73        405           5.5350      1.0545         0.4367      110.2024    0.8822      3.5095      1.0113      1.1678    
12        32        231       217       77        699           8.8234      1.1056         0.4161      74.7749     1.3517      5.3758      1.0116      1.1087    
12        33        343       26        80        713           10.5501     1.0710         0.3009      103.9156    1.7149      6.8635      1.0052      1.0759    
12        34        63        305       78        413           4.7017      1.1399         0.4307      146.3063    0.6965      2.7707      1.0114      1.2706    
12        35        65        493       81        407           5.6506      1.2757         1.1673      168.8069    0.7809      2.9119      1.0789      1.3043    
12        36        136       177       89        465           7.7614      1.1760         0.4977      84.4359     1.1148      4.3519      1.0306      1.1167    
12        37        37        459       88        752           3.6724      1.1350         0.3871      212.8592    0.5695      2.2499      1.0184      1.3585    
12        38        67        89        91        813           4.7280      1.0965         0.4830      133.1753    0.7273      2.8894      1.0126      1.2165    
12        39        190       310       94        564           7.8257      1.0871         0.3931      150.9570    1.2422      4.9596      1.0076      1.1118    
12        40        94        190       92        715           5.6957      1.0636         0.4008      94.4268     0.8979      3.5657      1.0131      1.1688    
12        41        204       371       96        546           7.3113      1.0015         0.4415      125.9498    1.2886      5.1831      1.0002      1.1047    
12        42        224       280       96        595           8.4533      1.0980         1.2415      131.9049    1.3696      5.4525      1.0106      1.1111    
12        43        85        354       94        355           5.3565      1.0517         1.2307      167.9013    0.8534      3.4126      1.0061      1.2148    
12        44        166       445       99        592           7.5475      1.0760         0.4932      103.0002    1.1982      4.7757      1.0094      1.0878    
12        45        317       138       101       753           10.6300     1.1600         0.3267      98.1293     1.6339      6.4236      1.0233      1.0657    
12        46        251       89        101       605           8.7205      1.1142         0.0560      158.1814    1.3933      5.5276      1.0141      1.1105    
12        47        75        34        100       413           4.6937      1.0683         0.4211      131.7858    0.7384      2.9337      1.0127      1.2323    
12        48        314       199       106       806           13.0626     1.2707         0.3380      63.1896     1.7454      6.4341      1.0914      0.9816    
12        49        178       51        109       477           7.1388      1.0427         1.1112      189.9640    1.2272      4.9189      1.0037      1.1032    
12        50        78        108       113       406           5.1275      1.1507         0.3665      195.1750    0.8294      3.2631      1.0226      1.2097    
12        51        150       282       115       522           6.5462      1.0231         0.3429      99.8975     1.0973      4.3968      1.0040      1.1276    
12        52        131       361       115       520           6.7822      1.1011         0.3957      102.9102    1.0398      4.1367      1.0113      1.1469    
12        53        38        145       113       698           3.8592      1.1824         0.4980      156.8285    0.5429      2.1358      1.0226      1.4222    
12        54        77        403       117       358           5.3144      1.0439         0.5016      107.3933    0.8309      3.2860      1.0172      1.1259    
12        55        122       415       119       878           5.6807      1.0029         0.3597      108.0244    0.9714      3.9079      1.0000      1.1803    
12        56        94        53        120       366           6.7499      1.2350         2.3251      236.6760    0.9432      3.6244      1.0470      1.1698    
12        57        205       231       127       591           7.4408      1.0026         0.2687      86.7263     1.2798      5.1410      1.0015      1.0968    
12        58        175       172       129       570           7.9186      1.1135         0.4955      87.7948     1.2299      4.8910      1.0116      1.1010    
12        59        195       109       130       595           7.4817      1.0934         0.4294      123.5567    1.2423      4.9729      1.0050      1.1076    
12        60        166       483       130       506           6.9243      1.0342         0.0843      129.6141    1.1988      4.8056      1.0036      1.1203    
12        61        84        254       130       393           4.3664      1.0528         0.7094      233.5536    0.7517      3.0058      1.0061      1.2549    
12        62        25        308       129       652           2.6708      1.0337         0.6115      201.4150    0.4336      1.7443      1.0000      1.5172    
12        63        57        413       130       661           4.4115      1.1177         0.4668      150.7576    0.6965      2.7707      1.0114      1.2000    
12        64        66        427       131       790           4.2540      1.0383         0.3648      186.9923    0.7436      2.9826      1.0031      1.2000    
12        65        147       384       136       570           6.9321      1.0714         0.3350      93.3264     1.0790      4.3208      1.0047      1.1330    
12        66        73        18        138       433           6.7723      1.3487         0.6650      100.6873    0.8776      3.1121      1.1345      1.2661    
12        67        196       300       139       611           8.6066      1.1069         0.3861      80.9147     1.3294      5.2524      1.0182      1.0894    
12        68        29        136       137       359           4.3325      1.2703         0.5500      136.2652    0.5684      1.9577      1.1681      1.0800    
12        69        31        209       136       842           2.8004      1.0177         0.5573      160.2561    0.4560      1.8346      1.0000      1.5484    
12        70        54        422       138       786           4.4741      1.0949         0.4573      122.0686    0.6800      2.6625      1.0275      1.2346    
12        71        112       470       141       431           6.0436      1.0818         0.3600      89.6653     0.9307      3.7170      1.0073      1.1667    
12        72        195       152       146       617           7.7429      1.0601         0.3115      86.3854     1.2469      4.9860      1.0061      1.0932    
12        73        83        259       143       452           5.4286      1.0813         0.5252      125.4762    0.8459      3.3511      1.0155      1.1533    
12        74        93        404       148       376           5.8059      1.0880         0.3255      108.9606    0.8927      3.5452      1.0130      1.1946    
12        75        82        241       148       390           6.7387      1.3246         0.4286      129.5843    0.9007      3.3082      1.0954      1.2031    
12        76        180       39        152       512           7.4639      1.0624         0.7791      94.9301     1.2184      4.8772      1.0050      1.1053    
12        77        392       80        156       785           10.6040     1.0495         0.9902      136.4703    1.7596      7.0549      1.0034      1.0715    
12        78        156       398       156       422           7.7686      1.1689         0.9504      174.8272    1.1764      4.6074      1.0272      1.1152    
12        79        83        461       156       426           4.6750      1.0123         0.3400      100.7691    0.7686      3.0921      1.0000      1.2252    
12        80        72        237       155       369           5.4170      1.1948         0.4728      136.0909    0.8043      3.1121      1.0397      1.2105    
12        81        213       53        162       521           8.5268      1.1073         0.9594      116.8143    1.3454      5.3492      1.0119      1.0919    
12        82        142       385       162       431           6.7693      1.1020         0.3404      120.1316    1.0591      4.2067      1.0128      1.1211    
12        83        136       205       165       419           7.6821      1.1787         0.4918      103.5923    1.1146      4.3365      1.0340      1.1271    
12        84        117       437       167       533           6.9536      1.1810         0.3266      111.5210    1.0120      3.9629      1.0274      1.1443    
12        85        197       198       176       502           7.4758      1.0023         0.1726      95.6808     1.2722      5.1121      1.0012      1.1078    
12        86        222       310       177       600           10.1136     1.2397         0.5377      87.1533     1.4064      5.4019      1.0475      1.1046    
12        87        78        375       177       733           4.6125      1.0154         0.4014      135.2540    0.7686      3.0921      1.0000      1.2252    
12        88        34        491       176       375           3.4585      1.0503         0.4259      123.9887    0.5493      2.1358      1.0347      1.2800    
12        89        49        331       177       790           4.8426      1.1893         0.4997      128.5164    0.6732      2.5435      1.0649      1.1500    
12        90        263       247       183       552           9.5162      1.1070         0.4937      93.3240     1.5123      6.0077      1.0127      1.1063    
12        91        124       386       182       428           5.8231      0.9973         0.3268      101.7875    0.9757      3.9255      1.0000      1.1848    
12        92        109       326       186       506           8.3875      1.3302         0.3829      97.2331     1.0855      3.8899      1.1227      1.0439    
12        93        93        151       187       483           6.0969      1.1446         0.3097      126.5935    0.8901      3.5095      1.0203      1.1757    
12        94        62        236       189       770           4.6579      1.0954         0.4283      131.6932    0.7201      2.8660      1.0109      1.1717    
12        95        210       365       196       677           8.8716      1.2041         0.3473      85.8306     1.2953      5.0282      1.0364      1.1118    
12        96        339       187       200       833           11.5705     1.2210         0.4613      93.9233     1.6901      6.4687      1.0511      1.0459    
12        97        243       128       201       665           8.2126      1.0224         0.9027      126.2523    1.4327      5.7525      1.0020      1.1012    
12        98        36        233       195       696           2.7179      0.9916         0.5050      181.4269    0.4659      1.8744      1.0000      1.5625    
12        99        96        295       206       508           5.5283      1.0190         0.5243      102.5221    0.8975      3.5857      1.0070      1.1375    
12        100       173       69        207       507           9.1148      1.2719         0.4647      88.8931     1.2455      4.7172      1.0623      1.0903    
12        101       150       104       207       551           8.1553      1.2194         0.4316      93.8911     1.1267      4.3821      1.0344      1.1333    
12        102       133       489       210       495           6.2272      1.0376         0.3204      133.5785    1.0725      4.2888      1.0061      1.1504    
12        103       140       21        213       399           6.2791      1.0341         1.0053      156.3666    1.0698      4.2888      1.0035      1.1454    
12        104       16        147       209       731           1.6227      0.9672         0.6560      223.6242    0.2667      1.0730      1.0000      0.9000    
12        105       338       442       217       753           10.1524     1.0375         0.3666      108.3810    1.7013      6.8127      1.0047      1.0667    
12        106       241       272       217       662           8.5002      1.0722         0.4626      98.1617     1.4038      5.6021      1.0081      1.1072    
12        107       191       59        218       551           7.8369      1.1235         0.6486      102.7359    1.2172      4.8490      1.0099      1.1104    
12        108       140       195       219       482           6.7831      1.0809         0.4477      111.8319    1.0697      4.2564      1.0111      1.1327    
12        109       47        463       218       632           3.4881      0.9999         0.2577      212.7684    0.6047      2.4330      1.0000      1.3125    
12        110       118       30        223       373           5.7954      1.0004         0.3756      99.4884     0.9669      3.8899      1.0000      1.1758    
12        111       297       472       228       660           9.6597      1.0595         0.0055      213.7189    1.5658      6.2820      1.0028      1.0793    
12        112       258       156       232       658           9.5126      1.1153         0.3418      94.3726     1.4866      5.9108      1.0119      1.0905    
12        113       39        25        230       696           3.8706      1.2099         0.4530      140.0897    0.5593      2.1669      1.0385      1.3469    
12        114       211       210       234       515           7.5322      1.0258         0.3427      104.0930    1.2830      5.1552      1.0012      1.1026    
12        115       76        141       231       817           4.5208      1.0834         1.0787      382.4316    0.7469      2.9826      1.0074      1.2475    
12        116       205       247       239       586           8.5946      1.1304         0.3978      87.0767     1.3275      5.2664      1.0141      1.1042    
12        117       45        25        241       383           5.8093      1.3859         0.6410      118.4601    0.7259      2.4863      1.1746      1.2222    
12        118       140       358       246       542           7.2463      1.1317         0.2999      123.6019    1.1290      4.4136      1.0291      1.1040    
12        119       51        196       245       384           4.6586      1.2340         0.4907      173.5065    0.6616      2.5745      1.0338      1.2703    
12        120       281       227       254       628           9.2079      1.0730         0.3786      94.3008     1.5400      6.1598      1.0058      1.0850    
12        121       54        367       252       833           4.3338      1.0296         0.6333      133.5242    0.6907      2.7187      1.0221      1.1304    
12        122       269       157       257       733           8.5156      1.0257         0.4108      84.4154     1.4459      5.8121      1.0009      1.0938    
12        123       135       81        256       535           6.6915      1.1025         1.0668      98.4086     1.0579      4.2067      1.0117      1.1416    
12        124       96        449       261       453           5.8356      1.1186         0.7069      148.6013    0.8909      3.5452      1.0110      1.2027    
12        125       145       122       261       621           7.8583      1.1849         0.3582      83.9510     1.1147      4.3519      1.0304      1.1213    
12        126       81        427       261       447           5.8911      1.1731         0.8250      163.7044    0.8552      3.3511      1.0267      1.1880    
12        127       125       356       267       503           6.4640      1.0636         0.3547      96.8603     1.0319      4.1205      1.0075      1.1268    
12        128       343       85        283       861           10.3467     1.1330         0.1812      81.6143     1.6470      6.4913      1.0208      1.0662    
12        129       44        371       278       357           3.5736      1.1156         0.4399      219.8541    0.5918      2.3428      1.0163      1.3684    
12        130       143       458       282       500           6.4226      1.0020         0.2829      100.4516    1.0988      4.4136      1.0016      1.1405    
12        131       215       223       285       596           8.6946      1.1661         0.3979      98.8295     1.3089      5.1266      1.0272      1.1104    
12        132       310       269       302       752           9.4927      1.1184         0.2692      128.2688    1.5650      6.2592      1.0059      1.0736    
12        133       82        235       298       468           6.6031      1.2765         0.4143      126.3365    0.8528      3.2397      1.0591      1.1562    
12        134       184       415       299       616           7.5279      1.1019         0.9230      144.5584    1.2253      4.8910      1.0078      1.1118    
12        135       243       323       303       666           8.6315      1.1108         0.4020      139.7708    1.3973      5.5648      1.0102      1.0923    
12        136       214       190       304       544           8.7670      1.1397         0.7159      103.1149    1.3509      5.3083      1.0238      1.0934    
12        137       109       28        303       509           6.7040      1.1599         0.4415      75.3558     0.9796      3.8529      1.0229      1.1602    
12        138       45        84        302       740           4.3862      1.2595         0.4630      174.2211    0.6367      2.4044      1.0653      1.2615    
12        139       289       485       311       713           9.5242      1.0679         -0.6827     264.9643    1.5739      6.2933      1.0062      1.0728    
12        140       161       447       310       555           7.5668      1.1228         0.6984      121.3972    1.1827      4.6868      1.0152      1.1071    
12        141       177       84        313       627           7.5126      1.1020         0.6922      89.8203     1.1810      4.6868      1.0138      1.1232    
12        142       113       185       313       819           6.8315      1.1635         0.4340      105.4801    1.0013      3.8716      1.0405      1.1398    
12        143       209       161       324       580           7.3073      1.0569         0.6161      149.7692    1.2616      5.0426      1.0066      1.1146    
12        144       33        193       322       663           3.5389      1.1812         0.5670      207.1220    0.5315      2.1027      1.0169      1.4091    
12        145       53        194       327       362           4.4128      1.1850         0.4911      194.6685    0.6899      2.6911      1.0313      1.2289    
12        146       52        341       329       808           4.4240      1.1792         0.4918      185.7564    0.6839      2.6625      1.0334      1.2195    
12        147       115       23        333       493           5.7226      1.0262         0.3631      72.6516     0.9555      3.8339      1.0027      1.1751    
12        148       164       79        338       498           7.5120      1.0954         1.4334      110.2454    1.1859      4.7321      1.0082      1.1088    
12        149       157       100       339       425           6.6326      1.0069         0.3585      87.3622     1.1075      4.4464      1.0021      1.1382    
12        150       35        172       336       637           2.6374      1.0145         0.5670      205.5822    0.4560      1.8346      1.0000      1.5484    
12        151       125       429       339       391           6.6407      1.1243         0.2505      162.9864    1.0228      4.0352      1.0197      1.1330    
12        152       277       351       345       783           11.2150     1.2356         0.3306      92.5576     1.5818      6.0548      1.0511      1.0465    
12        153       280       113       346       668           9.4161      1.0988         0.2728      88.3512     1.5279      6.0898      1.0094      1.0650    
12        154       255       438       348       645           9.3734      1.0807         -0.5092     278.7415    1.4760      5.8121      1.0217      1.0482    
12        155       26        20        341       725           2.6701      1.0489         0.6333      134.9499    0.4213      1.6655      1.0178      1.4815    
12        156       89        176       344       452           5.4970      1.0698         0.3645      110.8731    0.8679      3.4528      1.0113      1.1351    
12        157       72        197       345       451           6.0365      1.2402         0.4249      105.2535    0.8155      3.0503      1.0755      1.1282    
12        158       274       295       351       677           8.3874      1.0193         1.7071      172.4131    1.4619      5.8735      1.0014      1.1016    
12        159       115       141       350       480           5.9976      1.0189         0.3533      89.6148     0.9669      3.8899      1.0000      1.1758    
12        160       25        283       347       635           2.7401      1.1194         0.5160      230.1332    0.4243      1.6655      1.0249      1.4815    
12        161       148       70        354       510           6.8336      1.0658         0.4700      77.9234     1.0833      4.3365      1.0051      1.1271    
12        162       51        353       355       832           4.7068      1.1609         0.4791      126.9808    0.6683      2.5111      1.0707      1.1111    
12        163       190       32        358       489           8.5732      1.2074         0.3385      128.7161    1.3024      5.0137      1.0451      1.0954    
12        164       121       406       362       491           7.3343      1.1559         0.4539      86.6291     1.0113      3.9629      1.0267      1.1503    
12        165       175       31        369       455           9.3462      1.2780         0.3178      68.8490     1.2806      4.6868      1.0992      1.0839    
12        166       226       432       375       542           8.3039      1.0406         0.2554      156.8448    1.4011      5.6151      1.0039      1.0852    
12        167       318       298       378       827           10.8121     1.1963         0.6023      85.3138     1.5701      6.0778      1.0394      1.0440    
12        168       39        19        376       718           2.7858      1.0669         0.5236      172.0833    0.4659      1.8744      1.0000      1.5625    
12        169       176       123       381       566           6.9969      1.0101         0.2776      93.4614     1.2020      4.8202      1.0032      1.1233    
12        170       172       418       387       515           7.3224      1.0613         0.8756      166.0728    1.2221      4.8910      1.0053      1.0974    
12        171       109       492       388       476           6.5133      1.1474         0.3693      109.9744    0.9918      3.8339      1.0407      1.1685    
12        172       293       179       393       835           8.4729      1.0605         0.2467      115.2363    1.4454      5.8004      1.0025      1.0993    
12        173       166       94        394       551           7.6973      1.1035         0.6895      94.9119     1.1809      4.7172      1.0071      1.1095    
12        174       285       148       397       761           9.0106      1.0413         0.9769      119.5187    1.5487      6.1937      1.0060      1.0627    
12        175       138       467       395       506           6.5160      1.0367         0.3343      110.7874    1.0855      4.3519      1.0035      1.1308    
12        176       31        161       393       609           3.0475      1.0779         0.4786      189.6070    0.4560      1.8346      1.0000      1.5484    
12        177       130       376       398       487           6.5838      1.0583         0.3182      96.8362     1.0663      4.2564      1.0079      1.1228    
12        178       157       332       402       586           7.7096      1.1103         0.3164      92.9612     1.1776      4.6398      1.0211      1.0896    
12        179       69        482       403       784           4.5452      1.0211         0.3236      121.6796    0.7635      3.0715      1.0000      1.2182    
12        180       48        83        407       366           4.8854      1.2157         0.4222      129.4271    0.6722      2.5435      1.0632      1.1795    
12        181       290       26        414       747           9.4009      1.0675         0.3356      61.1788     1.5467      6.1937      1.0047      1.0775    
12        182       60        492       409       358           4.1728      1.0354         0.2541      152.2690    0.7054      2.8190      1.0067      1.2444    
12        183       103       448       417       473           5.5543      1.0436         0.3354      101.4256    0.9212      3.6794      1.0073      1.1925    
12        184       182       303       425       590           7.2613      1.0219         0.3186      87.0994     1.2297      4.9326      1.0030      1.1097    
12        185       115       250       422       521           8.6894      1.4198         0.3968      99.2452     1.1280      3.9444      1.1505      1.1518    
12        186       169       58        426       581           7.3749      1.0649         0.9542      88.9534     1.2069      4.8347      1.0043      1.1111    
12        187       135       110       428       525           9.3727      1.3713         0.3558      109.5076    1.2008      4.2236      1.1438      1.0769    
12        188       57        395       427       373           4.3567      1.1690         0.4021      230.8969    0.7025      2.7707      1.0201      1.2558    
12        189       52        493       435       390           4.6162      1.1858         0.3928      134.4910    0.6727      2.6042      1.0392      1.3151    
12        190       16        391       434       604           1.6122      0.9674         0.6549      236.5200    0.2667      1.0730      1.0000      0.9000    
12        191       86        152       438       446           4.7179      0.9957         0.3726      109.3133    0.7735      3.1121      1.0000      1.2321    
12        192       196       29        442       634           7.5710      1.0183         0.4034      73.0283     1.2557      5.0426      1.0019      1.1077    
12        193       89        443       444       467           5.8878      1.0584         0.3383      84.3698     0.8831      3.5095      1.0124      1.1757    
12        194       52        105       444       421           4.0515      1.1267         0.4530      142.2788    0.5978      2.3743      1.0128      1.2903    
12        195       146       383       446       526           6.7546      1.0777         0.2990      100.4757    1.0797      4.3208      1.0053      1.1379    
12        196       169       364       453       539           7.7513      1.1179         0.3292      93.2414     1.1965      4.7613      1.0110      1.1228    
12        197       47        177       452       357           3.7083      1.0921         0.4801      160.0646    0.5918      2.3428      1.0163      1.3684    
12        198       329       222       463       751           9.8183      1.0938         0.9444      110.5345    1.6704      6.6244      1.0145      1.0745    
12        199       174       69        461       594           7.7927      1.1319         0.6639      101.0179    1.1986      4.7468      1.0159      1.1042    
12        200       122       457       468       515           5.7730      1.0102         0.3379      96.7322     0.9757      3.9255      1.0000      1.1848    
12        201       192       39        472       591           7.3293      1.0340         0.1910      97.7495     1.2417      4.9729      1.0046      1.1146    
12        202       144       384       474       433           6.4388      1.0599         0.3160      144.9422    1.0909      4.3671      1.0050      1.1345    
12        203       107       19        478       468           5.6308      1.0863         0.2460      98.0053     0.9117      3.6052      1.0174      1.2185    
12        204       364       183       484       875           9.3194      1.0584         0.5044      141.3731    1.5877      6.3375      1.0079      1.0677    
12        205       112       278       482       488           5.8820      1.0831         1.0030      129.2240    0.9413      3.7746      1.0033      1.1744    
12        206       198       397       483       455           7.6485      1.0557         0.2463      94.1792     1.2442      4.9860      1.0039      1.1104    
12        207       282       472       486       630           9.6602      1.1151         2.0033      783.4924    1.5254      6.0663      1.0117      1.0833    
12        208       203       122       485       652           7.5682      1.0656         1.1943      174.8622    1.2549      5.0282      1.0041      1.0948    
12        209       168       204       483       495           8.1800      1.1298         0.4250      78.4938     1.1839      4.6868      1.0163      1.1232    
12        210       174       342       493       540           7.4505      1.0638         0.3519      100.0124    1.2243      4.8910      1.0070      1.1229    
12        211       52        493       492       370           4.6789      1.1837         0.2480      189.8556    0.6891      2.6625      1.0413      1.3333    
12        212       163       409       498       470           6.2943      1.0219         0.2767      168.1702    1.1170      4.4938      1.0000      1.1440    
12        213       93        472       499       643           4.6986      1.0171         1.3776      110.9633    0.7735      3.1121      1.0000      1.2321    
12        214       46        63        498       387           3.3951      1.0468         0.4786      183.6478    0.6003      2.4044      1.0045      1.3016    
12        215       127       262       500       505           7.9554      1.2425         0.3380      97.5120     1.0945      4.1723      1.0554      1.1284    
12        216       53        25        502       387           5.0083      1.2230         0.4513      91.4751     0.6782      2.5745      1.0599      1.3239    
12        217       52        174       501       602           4.5250      1.1890         0.5644      135.1927    0.6832      2.6327      1.0440      1.3243    
12        218       24        160       502       636           2.7211      1.0711         0.7018      155.4769    0.4173      1.6354      1.0267      1.4615    
14        0         351       254       14        846           10.3072     1.0926         0.2054      57.7083     1.5431      6.5581      1.0086      1.0780    
14        1         155       324       13        559           7.6729      1.1576         0.2579      81.5123     1.0923      4.5580      1.0273      1.1179    
14        2         18        404       9         666           1.7199      1.0740         0.6398      172.2517    0.2404      1.0303      1.0000      0.8000    
14        3         93        356       16        433           5.4697      1.0626         0.3326      90.1812     0.8211      3.4721      1.0137      1.1888    
14        4         131       484       18        516           6.3184      1.0360         0.2999      84.5076     1.0025      4.2724      1.0058      1.1217    
14        5         272       109       22        547           8.2887      1.0020         0.1584      81.9204     1.3742      5.8860      1.0008      1.1036    
14        6         249       216       24        716           8.6186      1.0993         0.2517      71.9047     1.3085      5.5525      1.0101      1.0739    
14        7         52        226       20        772           3.9303      1.0596         0.5041      91.4906     0.5634      2.4044      1.0045      1.3016    
14        8         143       371       23        520           6.6721      1.0634         0.2536      86.2464     1.0243      4.3519      1.0089      1.1453    
14        9         78        191       29        446           5.9499      1.1067         0.5347      100.0419    0.8389      3.3082      1.0870      1.0199    
14        10        133       327       33        492           8.0462      1.2221         0.5272      105.3931    1.0303      4.2401      1.0416      1.1140    
14        11        163       23        35        567           7.5167      1.1260         0.1911      80.7399     1.0995      4.6398      1.0158      1.1259    
14        12        197       111       37        523           8.9319      1.1577         0.1760      80.8751     1.2227      5.1266      1.0223      1.0909    
14        13        133       44        37        496           6.6475      1.0793         1.3966      119.7247    0.9921      4.2236      1.0069      1.1613    
14        14        46        447       38        430           4.2207      1.2389         0.3290      134.7239    0.5305      2.1669      1.0494      1.2941    
14        15        171       269       41        481           7.5084      1.0690         0.5866      87.0549     1.1366      4.8056      1.0139      1.1280    
14        16        275       410       44        678           9.0792      1.0870         0.1655      92.7231     1.4371      6.1017      1.0096      1.0845    
14        17        255       338       45        583           8.3155      1.0888         0.1719      113.5058    1.3180      5.6151      1.0062      1.1012    
14        18        27        428       43        725           2.9209      1.1238         0.4173      212.0774    0.4264      1.6926      1.0798      1.4483    
14        19        268       167       51        794           8.1705      1.0669         0.4175      129.6023    1.3275      5.6662      1.0043      1.0887    
14        20        81        78        49        474           6.0780      1.1984         0.5223      127.1506    0.8140      3.3511      1.0413      1.1367    
14        21        46        212       49        360           3.4913      1.1061         0.4217      189.8561    0.5480      2.3095      1.0170      1.3571    
14        22        306       130       58        712           9.0891      1.0477         0.1368      91.9943     1.4760      6.3044      1.0036      1.0746    
14        23        222       283       57        588           8.1861      1.0326         0.2068      78.2289     1.2942      5.5276      1.0036      1.0992    
14        24        292       231       67        800           9.6088      1.1097         0.1802      69.7517     1.4096      5.9474      1.0160      1.0571    
14        25        165       380       65        528           6.4420      1.0171         0.2059      108.9275    1.0519      4.5092      1.0000      1.1474    
14        26        206       314       70        617           7.4621      1.0654         0.1624      115.5905    1.1854      5.0708      1.0021      1.1030    
14        27        32        345       66        821           2.7292      0.9917         0.4743      142.9541    0.4179      1.7914      1.0000      1.5333    
14        28        327       37        73        706           10.3965     1.1116         0.1824      97.7739     1.5832      6.7200      1.0099      1.0795    
14        29        122       20        72        411           6.9875      1.0859         0.4222      78.7606     0.9714      4.1367      1.0066      1.1204    
14        30        46        468       81        857           3.5431      1.0395         0.3900      182.5070    0.5739      2.4602      1.0000      1.3231    
14        31        267       289       90        692           8.3306      1.0489         0.8068      139.8408    1.3544      5.7766      1.0050      1.0977    
14        32        70        459       86        398           4.6596      1.0655         0.2640      124.0534    0.7010      2.9826      1.0074      1.2115    
14        33        142       379       90        530           6.5209      1.0127         0.2005      100.5520    1.0313      4.4136      1.0016      1.1405    
14        34        23        324       87        365           4.0396      1.3398         0.4776      191.1549    0.4777      1.7443      1.1740      1.2571    
14        35        274       99        94        760           9.3802      1.1480         0.2668      175.4395    1.3981      5.9108      1.0139      1.0739    
14        36        328       147       95        760           10.6760     1.1568         0.3033      102.1772    1.5504      6.5360      1.0168      1.0786    
14        37        20        433       89        804           2.6365      1.0968         0.4315      211.1677    0.3806      1.6021      1.0184      1.5652    
14        38        155       14        97        456           8.0330      1.2013         0.1948      86.9158     1.0857      4.4624      1.0429      1.1653    
14        39        100       44        94        409           5.7269      1.0537         0.3210      104.5851    0.8759      3.7170      1.0101      1.1879    
14        40        32        344       93        854           2.7455      1.0093         0.5365      235.1411    0.4373      1.8744      1.0000      1.5625    
14        41        156       62        103       506           6.6990      1.0479         0.2547      96.9662     1.0324      4.4136      1.0027      1.1405    
14        42        76        118       106       400           4.5057      1.1249         0.1264      222.1555    0.6955      2.9585      1.0076      1.2400    
14        43        169       291       108       537           7.5180      1.0794         0.2121      91.1305     1.1295      4.8056      1.0075      1.1241    
14        44        22        48        105       594           2.6212      1.1399         0.3783      268.9454    0.3917      1.6354      1.0267      1.6522    
14        45        72        13        111       374           5.6784      1.1878         1.2509      135.5966    0.7718      3.1653      1.0453      1.1833    
14        46        179       474       116       563           7.5063      1.0601         0.1651      86.9161     1.1401      4.8490      1.0079      1.0993    
14        47        134       459       115       505           6.5755      1.0860         0.2528      99.0324     0.9797      4.1723      1.0066      1.1336    
14        48        140       186       117       547           6.7642      1.0513         0.2456      89.1419     0.9975      4.2564      1.0046      1.1179    
14        49        194       239       119       574           7.6179      1.0356         0.1970      80.3765     1.1762      5.0137      1.0056      1.1056    
14        50        126       367       122       492           6.4754      1.0506         0.2096      100.1618    0.9677      4.1205      1.0067      1.1483    
14        51        112       163       122       493           5.7680      1.0799         0.2535      117.6140    0.8723      3.7170      1.0060      1.1598    
14        52        219       119       124       651           8.4327      1.1703         0.1963      109.4309    1.2338      5.1831      1.0204      1.1209    
14        53        68        436       124       384           4.4410      1.1556         0.1189      246.9010    0.6640      2.8190      1.0097      1.2727    
14        54        80        423       125       418           5.4629      1.2797         -0.0414     200.2595    0.7623      3.0921      1.0568      1.2252    
14        55        282       392       130       656           9.2424      1.0712         0.1707      109.5100    1.4523      6.1825      1.0069      1.0909    
14        56        109       23        131       515           5.1320      1.0338         0.2485      125.6522    0.8808      3.7366      1.0104      1.1928    
14        57        41        219       128       373           3.5147      1.0100         0.4241      153.6328    0.5492      2.3428      1.0049      1.3000    
14        58        103       309       133       522           6.3403      1.0980         0.2787      97.1972     0.9044      3.7948      1.0216      1.0909    
14        59        103       268       136       515           5.4767      1.0999         0.3465      144.7263    0.8430      3.5657      1.0134      1.1688    
14        60        205       163       139       656           8.5769      1.1249         0.8166      107.4784    1.2295      5.1692      1.0195      1.1020    
14        61        17        482       139       673           1.6281      0.9981         0.3109      328.5619    0.2503      1.0730      1.0000      0.9000    
14        62        174       48        145       558           7.6817      1.1039         0.2162      80.8003     1.1104      4.7021      1.0122      1.1143    
14        63        357       91        149       761           10.6653     1.0924         0.5431      88.4286     1.6053      6.8332      1.0071      1.0837    
14        64        54        395       146       676           4.4184      1.1671         0.0845      225.4774    0.6408      2.7187      1.0103      1.2530    
14        65        117       471       149       457           5.7479      1.0323         0.2614      112.6718    0.8977      3.8339      1.0036      1.1620    
14        66        132       394       155       409           6.4641      1.0595         0.2128      122.2863    0.9863      4.2067      1.0050      1.1416    
14        67        113       63        155       427           5.8296      1.0272         0.3184      97.5447     0.8923      3.8145      1.0027      1.1638    
14        68        193       226       156       609           8.5339      1.1983         0.2479      104.6354    1.1940      4.9326      1.0376      1.1097    
14        69        194       444       160       636           7.7500      1.0991         0.1229      130.6752    1.1670      4.9729      1.0059      1.1006    
14        70        66        126       158       433           5.5719      1.2921         0.3003      168.1007    0.7388      2.9337      1.0794      1.2323    
14        71        124       332       161       391           6.3503      1.0507         0.2483      98.9326     0.9639      4.1040      1.0068      1.1442    
14        72        110       481       164       482           7.2973      1.2088         0.2028      92.1995     0.9340      3.8899      1.0293      1.1263    
14        73        195       158       168       532           8.5681      1.0903         0.1678      95.0866     1.2423      5.2383      1.0166      1.0630    
14        74        454       393       172       882           11.1752     1.0421         -0.0013     111.0162    1.7784      7.5977      1.0033      1.0543    
14        75        270       342       172       637           9.3192      1.0842         0.1399      81.4669     1.4188      6.0314      1.0083      1.0686    
14        76        119       171       168       400           5.8494      1.0134         0.1996      117.0762    0.9046      3.8716      1.0015      1.1778    
14        77        264       258       174       627           9.2281      1.0262         0.1697      74.2959     1.4334      6.0898      1.0090      1.0586    
14        78        88        498       172       441           6.0735      1.2330         0.1873      112.4351    0.7961      3.2397      1.0534      1.2650    
14        79        166       61        176       518           7.7543      1.1016         2.6952      134.2898    1.1219      4.7172      1.0194      1.1174    
14        80        118       78        180       383           6.0172      1.0388         1.2196      103.8117    0.8883      3.7746      1.0088      1.1953    
14        81        330       437       187       808           10.9301     1.1539         0.0767      108.8285    1.5675      6.5471      1.0263      1.0324    
14        82        111       115       182       549           7.3501      1.2890         0.2544      136.6810    0.9482      3.7366      1.0878      1.1061    
14        83        63        246       182       711           4.6126      1.2242         0.2735      203.0216    0.6535      2.6911      1.0409      1.3247    
14        84        349       195       193       852           10.7036     1.1520         0.1346      94.1683     1.5491      6.5137      1.0194      1.0695    
14        85        64        325       186       404           3.6271      1.0160         0.3617      146.5231    0.5858      2.5111      1.0000      1.3235    
14        86        249       136       194       674           8.3912      1.0174         0.2478      97.0765     1.3470      5.7646      1.0016      1.0981    
14        87        45        73        191       676           3.4160      1.0955         0.2918      225.0509    0.5555      2.3428      1.0163      1.3684    
14        88        45        240       195       749           3.5489      1.0860         0.3704      201.8849    0.5555      2.3428      1.0163      1.3684    
14        89        142       255       200       520           7.9197      1.1868         0.2512      92.1791     1.0532      4.3821      1.0303      1.1193    
14        90        44        71        200       847           3.5644      1.1318         0.2759      219.3694    0.5480      2.3095      1.0170      1.3571    
14        91        97        484       203       421           5.9438      1.1305         0.2269      109.3453    0.8450      3.5657      1.0159      1.1765    
14        92        58        157       203       415           3.4404      1.0008         0.2268      204.5990    0.5858      2.5111      1.0000      1.3235    
14        93        177       27        206       511           7.6419      1.0532         0.2242      75.8518     1.1594      4.9462      1.0048      1.1234    
14        94        282       455       209       627           9.7827      1.1225         0.0623      104.3678    1.4164      5.9836      1.0147      1.0653    
14        95        209       282       210       583           8.4862      1.0856         0.1953      83.1909     1.2649      5.3758      1.0086      1.1117    
14        96        179       205       213       540           7.8143      1.1342         0.2143      115.4856    1.1228      4.7172      1.0203      1.1056    
14        97        49        473       211       517           3.5666      1.0303         0.1059      236.1811    0.5676      2.4330      1.0000      1.3125    
14        98        164       42        218       481           7.2530      1.0555         0.2182      106.2388    1.1279      4.8056      1.0061      1.1014    
14        99        273       482       220       652           8.8180      1.0680         0.2708      132.5775    1.3451      5.7403      1.0045      1.0939    
14        100       167       448       222       386           7.7576      1.1454         0.9543      153.8478    1.1128      4.7172      1.0112      1.1336    
14        101       166       360       222       515           7.7427      1.1424         0.5159      123.8572    1.1108      4.7021      1.0127      1.1345    
14        102       176       149       224       483           7.2414      1.0597         0.1897      129.0610    1.1583      4.9326      1.0066      1.0886    
14        103       238       164       225       533           8.7244      1.0812         0.1463      102.1377    1.3153      5.6151      1.0041      1.0958    
14        104       210       219       227       505           8.3394      1.0779         0.2158      108.7565    1.2787      5.4274      1.0099      1.0862    
14        105       18        283       225       697           2.1908      1.0477         0.4110      327.1313    0.3587      1.5228      1.0097      1.6000    
14        106       138       80        234       530           6.7871      1.0850         1.1108      119.2239    0.9958      4.2401      1.0067      1.1441    
14        107       51        402       230       391           4.3061      1.1981         0.3308      197.5081    0.6257      2.5745      1.0419      1.3056    
14        108       112       364       234       408           5.5838      1.0531         0.3515      147.0391    0.8828      3.7558      1.0076      1.1628    
14        109       140       38        236       487           6.6906      1.0661         1.0680      104.2636    1.0128      4.3208      1.0047      1.1478    
14        110       31        20        234       809           2.5752      1.0266         0.2361      245.6367    0.4280      1.8346      1.0000      1.5484    
14        111       171       441       241       537           7.3621      1.0693         0.1407      108.9264    1.1376      4.8490      1.0057      1.1178    
14        112       358       235       247       784           9.7255      1.0321         0.1193      103.0167    1.6355      6.9946      1.0023      1.0646    
14        113       46        137       246       862           3.6629      1.0469         0.3742      164.2453    0.5700      2.4330      1.0043      1.3125    
14        114       308       165       251       720           9.0313      1.0366         0.1290      103.3909    1.4947      6.3918      1.0024      1.0844    
14        115       165       92        250       533           7.5264      1.1038         1.5966      113.2799    1.1340      4.8056      1.0115      1.1164    
14        116       148       495       250       516           6.2271      0.9944         0.1890      96.0860     1.0255      4.3821      1.0031      1.1193    
14        117       174       459       256       565           7.7708      1.1496         0.8351      125.3935    1.1185      4.7321      1.0132      1.1010    
14        118       76        13        253       364           5.7909      1.1966         1.8050      176.7299    0.7771      3.2155      1.0359      1.1967    
14        119       94        134       254       461           5.1943      1.1368         0.2051      173.4877    0.8037      3.3918      1.0157      1.1825    
14        120       191       366       262       581           7.5992      1.0640         0.1844      113.8837    1.1794      5.0282      1.0054      1.1084    
14        121       258       56        264       709           8.4042      1.0172         1.0663      96.3966     1.3342      5.7037      1.0027      1.0900    
14        122       56        283       260       392           4.1926      1.1424         0.3269      206.5129    0.6474      2.7452      1.0109      1.2619    
14        123       126       16        265       498           6.9488      1.1178         0.5666      89.2646     0.9751      4.1205      1.0144      1.1009    
14        124       128       413       267       488           6.8556      1.0809         1.5452      112.0600    0.9881      4.2067      1.0068      1.1521    
14        125       327       93        276       789           10.4484     1.1139         0.1245      80.7272     1.5502      6.5248      1.0184      1.0655    
14        126       37        242       269       681           3.5123      1.1905         0.3920      245.8637    0.5095      2.1358      1.0226      1.4222    
14        127       197       232       279       564           7.3384      1.1009         0.7346      193.8326    1.1443      4.8772      1.0058      1.1275    
14        128       220       255       293       558           7.1344      1.0022         0.2442      132.3661    1.2158      5.2105      1.0002      1.1066    
14        129       272       278       296       684           9.7468      1.1480         0.1957      88.4687     1.4177      5.9474      1.0218      1.0730    
14        130       191       425       294       637           8.6639      1.1904         0.3814      127.3111    1.2250      5.0985      1.0299      1.1051    
14        131       76        203       292       368           6.1248      1.2401         0.3217      131.8763    0.7833      3.1908      1.0524      1.2000    
14        132       64        243       294       683           4.3881      1.0418         0.3546      152.9691    0.6839      2.9119      1.0067      1.2371    
14        133       250       332       297       723           8.6060      1.1027         0.4024      132.8739    1.3065      5.5525      1.0086      1.0900    
14        134       243       467       297       668           8.0460      0.9991         0.1596      107.8893    1.3300      5.6788      1.0039      1.0883    
14        135       133       38        298       508           6.7916      1.1001         0.2508      80.7125     0.9781      4.1547      1.0091      1.1564    
14        136       61        66        300       409           4.7420      1.1366         0.3279      137.8999    0.6709      2.8419      1.0119      1.2391    
14        137       224       196       305       543           8.1587      1.0394         0.2475      118.0790    1.3044      5.5648      1.0048      1.0923    
14        138       33        301       302       362           2.7933      1.0588         0.2474      256.6327    0.4280      1.8346      1.0000      1.5484    
14        139       159       92        306       553           7.6569      1.1238         0.2375      94.7770     1.0920      4.6074      1.0159      1.1070    
14        140       134       496       305       508           6.4199      1.0216         0.2694      94.4866     0.9951      4.2401      1.0060      1.1545    
14        141       107       214       307       412           5.8211      1.0474         1.6717      144.2369    0.8704      3.6970      1.0092      1.1902    
14        142       209       110       312       636           7.6697      1.0665         0.1749      93.4043     1.1603      4.9326      1.0083      1.0955    
14        143       21        13        308       750           1.6355      0.9671         0.5221      134.5034    0.2503      1.0730      1.0000      0.9000    
14        144       223       170       318       684           8.2825      1.0712         0.4197      117.7686    1.2830      5.4147      1.0157      1.1011    
14        145       199       34        328       626           7.4215      1.0448         0.1986      93.6623     1.1919      5.0985      1.0021      1.1051    
14        146       83        381       326       451           4.4454      1.0421         0.2095      173.5994    0.7213      3.0921      1.0000      1.2252    
14        147       187       87        332       521           7.3818      1.0212         1.9222      165.4502    1.1779      5.0282      1.0042      1.1084    
14        148       271       360       337       699           9.5323      1.1388         0.1514      118.6697    1.3983      5.9108      1.0141      1.0881    
14        149       75        458       332       368           7.1906      1.4293         0.2522      176.2390    0.8394      3.1121      1.1562      1.2105    
14        150       183       122       338       585           8.9132      1.1758         0.1806      92.4656     1.2037      5.0137      1.0291      1.1022    
14        151       127       446       337       508           7.9924      1.2265         0.3216      121.6275    1.0241      4.1897      1.0478      1.1171    
14        152       33        73        335       666           2.5987      1.0224         0.3592      221.5591    0.4179      1.7914      1.0000      1.5333    
14        153       47        335       336       402           4.5995      1.2195         0.2889      202.0111    0.6225      2.5435      1.0491      1.2267    
14        154       69        225       337       441           4.3886      1.1424         0.3150      215.3930    0.6810      2.8894      1.0103      1.2165    
14        155       231       303       344       633           8.3605      1.0264         0.1849      106.1657    1.3166      5.6021      1.0074      1.0725    
14        156       103       79        347       410           6.2500      1.1267         0.2635      96.1979     0.8609      3.6431      1.0130      1.1605    
14        157       74        285       345       406           5.5679      1.1899         0.3315      156.3130    0.7677      3.1653      1.0397      1.2034    
14        158       56        19        345       410           4.6872      1.2508         0.3088      162.3365    0.6384      2.6625      1.0278      1.2658    
14        159       91        435       353       414           6.0381      1.1060         0.2192      110.7579    0.8277      3.5095      1.0110      1.1600    
14        160       216       143       360       602           8.3617      1.0514         0.2279      91.3944     1.2829      5.4649      1.0063      1.0848    
14        161       60        36        365       410           4.0427      1.0478         0.2199      177.9049    0.6724      2.8660      1.0057      1.2340    
14        162       233       442       369       589           8.1045      1.0365         0.2817      136.2688    1.3193      5.6406      1.0026      1.1029    
14        163       35        152       371       645           3.5965      1.1691         0.3956      218.6613    0.5039      2.1358      1.0112      1.4222    
14        164       19        290       371       774           1.6335      0.9659         0.6416      178.2091    0.2503      1.0730      1.0000      0.9000    
14        165       121       309       374       521           5.7781      1.0206         0.2421      107.5567    0.8958      3.8339      1.0016      1.1620    
14        166       24        67        374       686           2.6065      1.0945         0.2695      297.3236    0.3982      1.6655      1.0249      1.4815    
14        167       84        498       383       451           5.9427      1.2408         -0.1655     218.3019    0.7819      3.1908      1.0504      1.2632    
14        168       166       77        382       522           7.6163      1.1230         1.0357      134.1178    1.1224      4.7468      1.0135      1.1357    
14        169       37        233       379       355           3.5519      1.1187         0.5250      171.1734    0.5258      2.2238      1.0135      1.3208    
14        170       258       190       386       598           9.3872      1.0814         0.1591      89.5443     1.4125      5.9957      1.0098      1.0763    
14        171       38        215       385       374           3.9486      1.1121         0.5315      132.2709    0.5390      2.2745      1.0158      1.2759    
14        172       180       159       390       491           7.8251      1.0800         0.3815      112.9432    1.1468      4.8490      1.0138      1.0675    
14        173       232       173       390       429           8.6926      1.1006         0.1519      133.7942    1.2981      5.5022      1.0113      1.0673    
14        174       29        106       387       361           3.7818      1.1615         0.4245      183.2990    0.4990      1.9577      1.0925      1.1489    
14        175       63        477       389       405           4.5737      1.0443         0.2142      128.7097    0.6886      2.9119      1.0137      1.2245    
14        176       40        18        392       363           3.6387      1.1447         0.4144      163.4690    0.5345      2.2499      1.0184      1.2632    
14        177       42        312       395       802           3.4704      1.0775         0.4076      202.6233    0.5408      2.3095      1.0037      1.3571    
14        178       47        155       399       656           3.7061      1.1144         0.2474      231.5645    0.5555      2.3428      1.0163      1.3684    
14        179       320       35        408       790           9.3679      1.0808         0.1428      101.2380    1.4551      6.1937      1.0070      1.0733    
14        180       64        307       404       353           4.3540      1.1625         0.3204      196.4569    0.6591      2.7953      1.0107      1.2500    
14        181       83        135       407       429           6.0460      1.2433         0.1784      177.4636    0.7919      3.2631      1.0403      1.1905    
14        182       27        417       410       779           2.6446      1.0139         0.4265      237.4655    0.4280      1.8346      1.0000      1.5484    
14        183       118       311       417       423           5.9621      1.0498         0.2449      100.5933    0.8948      3.8339      1.0004      1.1751    
14        184       126       259       416       506           9.1214      1.3904         0.2739      102.2555    1.0843      4.1205      1.1279      1.1707    
14        185       169       127       423       568           7.6097      1.1180         0.1723      130.8734    1.0997      4.6398      1.0160      1.1095    
14        186       89        405       423       461           4.2828      1.0082         0.1046      196.1678    0.7260      3.1121      1.0000      1.2321    
14        187       61        173       421       372           4.5725      1.1880         0.2098      210.0068    0.6604      2.7187      1.0413      1.2683    
14        188       56        216       422       450           5.5600      1.2867         0.3826      143.2556    0.6953      2.7707      1.0756      1.1613    
14        189       161       456       425       559           6.5813      1.0098         0.2005      99.0467     1.0495      4.4938      1.0011      1.1394    
14        190       66        311       427       843           4.6261      1.0783         0.3245      141.3499    0.6955      2.9585      1.0076      1.2039    
14        191       64        162       430       883           5.8905      1.3526         0.1688      208.3756    0.7542      2.8660      1.1280      1.2340    
14        192       93        96        433       444           5.8412      1.1339         0.2980      127.7682    0.8194      3.4528      1.0173      1.1831    
14        193       365       36        437       839           13.6655     1.3011         0.3492      108.4055    1.7413      6.9946      1.0671      1.0517    
14        194       35        125       432       664           2.7615      1.0281         0.3521      218.7902    0.4280      1.8346      1.0000      1.5484    
14        195       84        165       436       417           5.0941      1.0730         0.2139      182.3016    0.8012      3.3918      1.0125      1.1489    
14        196       75        111       441       420           5.4083      1.2221         0.0201      207.9205    0.7553      3.1121      1.0404      1.1897    
14        197       261       222       445       569           9.1929      1.0576         0.1644      91.0976     1.4088      5.9957      1.0072      1.0695    
14        198       44        148       441       805           3.7105      1.1235         0.3464      222.6056    0.5507      2.3095      1.0221      1.3571    
14        199       50        323       445       400           3.6881      1.0163         0.3487      160.8100    0.5739      2.4602      1.0000      1.3030    
14        200       186       373       448       607           7.7026      1.1075         0.1960      106.4663    1.1357      4.8202      1.0099      1.1233    
14        201       48        188       447       369           4.6414      1.2963         0.2648      235.7393    0.6151      2.4602      1.0716      1.3871    
14        202       190       16        456       535           7.6564      1.0628         0.4903      87.8247     1.1649      4.9596      1.0068      1.1118    
14        203       185       232       456       454           7.6595      1.0699         0.2588      103.4822    1.1449      4.8772      1.0063      1.1126    
14        204       70        408       455       436           4.3753      1.0874         0.0684      215.1451    0.6955      2.9585      1.0076      1.2400    
14        205       47        217       455       609           4.4326      1.2322         0.3269      213.6295    0.6077      2.4863      1.0477      1.2754    
14        206       40        117       458       744           3.7401      1.1760         0.2499      232.2589    0.5237      2.1962      1.0222      1.4468    
14        207       71        426       460       392           4.3837      1.0667         0.1750      209.4620    0.7055      3.0058      1.0061      1.2549    
14        208       148       468       463       548           6.8656      1.0370         0.1760      82.5830     1.0252      4.3821      1.0028      1.1240    
14        209       127       71        466       460           5.6686      1.0320         1.2268      169.9327    0.8992      3.8529      1.0004      1.1798    
14        210       54        51        467       394           4.8396      1.1772         0.2551      156.9206    0.6561      2.7452      1.0244      1.2045    
14        211       114       119       467       411           6.8678      1.1677         2.8662      182.4313    0.9319      3.8716      1.0317      1.1844    
14        212       110       374       468       514           5.4771      1.0792         0.1126      184.5347    0.8730      3.7170      1.0067      1.1462    
14        213       92        26        472       513           7.4211      1.3219         0.1167      127.5019    0.8933      3.4910      1.0969      1.0818    
14        214       102       63        472       945           6.7349      1.1873         0.2687      119.3579    0.8988      3.7170      1.0365      1.1395    
14        215       101       448       473       452           4.9121      1.0035         0.2481      85.3612     0.7260      3.1121      1.0000      1.2321    
14        216       67        499       474       403           5.9604      1.3118         0.2133      116.1675    0.7349      2.9119      1.0819      1.2766    
14        217       297       195       479       664           9.1008      1.0541         0.2568      118.5280    1.4709      6.2485      1.0090      1.0866    
14        218       286       405       478       824           8.7270      1.0538         -0.1231     141.4915    1.3540      5.7886      1.0026      1.0922    
14        219       24        132       476       681           2.6154      1.0470         0.2300      296.3430    0.4015      1.6926      1.0167      1.5000    
14        220       23        156       483       823           2.7315      1.1046         0.4545      273.2640    0.3954      1.6655      1.0178      1.4815    
14        221       58        131       486       418           5.9143      1.3295         0.2064      205.7156    0.7160      2.7953      1.0980      1.1702    
14        222       44        116       486       774           3.7250      1.1232         0.0354      242.0109    0.5451      2.3095      1.0117      1.3571    
14        223       257       272       496       729           8.6483      1.0857         0.1109      146.4410    1.3052      5.5648      1.0054      1.1061    
14        224       254       322       496       710           9.8768      1.2126         0.2238      115.0985    1.3774      5.7403      1.0286      1.0688    
14        225       57        482       494       369           3.7340      1.0127         0.3196      111.2767    0.5800      2.4863      1.0000      1.3134    
14        226       83        111       499       478           5.4827      1.1558         0.1816      176.0931    0.7871      3.3082      1.0199      1.1756    
14        227       50        155       499       422           4.8362      1.2188         0.3491      155.0238    0.6280      2.5745      1.0457      1.2208    
14        228       77        79        501       428           4.8557      1.0482         1.8460      150.9160    0.7055      3.0058      1.0061      1.2549    
14        229       116       361       502       464           7.8118      1.3057         0.2077      122.5422    0.9929      3.8529      1.1046      1.1864    
15        0         88        192       25        492           5.8322      1.1324         0.5944      99.2792     0.7717      3.4721      1.0230      1.1333    
15        1         165       225       26        578           7.7808      1.1555         0.3509      80.8706     1.0358      4.6713      1.0205      1.1119    
15        2         43        164       25        389           3.8527      1.0650         0.4599      123.6122    0.5207      2.3743      1.0093      1.2903    
15        3         66        461       26        416           4.2986      1.1848         0.2718      206.4517    0.6155      2.7953      1.0133      1.2644    
15        4         335       336       40        763           11.8591     1.2243         0.1729      70.2606     1.4842      6.5471      1.0434      1.0466    
15        5         282       409       42        625           9.0226      1.0612         0.2716      92.1411     1.3569      6.1937      1.0082      1.0711    
15        6         108       424       42        365           6.0353      1.0338         0.2510      89.3278     0.8343      3.8339      1.0016      1.1751    
15        7         223       324       48        487           8.3991      1.1001         0.3122      113.3144    1.1833      5.3758      1.0130      1.1087    
15        8         226       79        48        708           7.5517      1.0925         0.9675      160.8491    1.0979      5.0282      1.0050      1.0982    
15        9         254       169       51        713           9.5887      1.1429         0.2472      76.1884     1.2702      5.7282      1.0206      1.0716    
15        10        118       218       48        503           7.9733      1.2821         0.3153      82.7547     0.9288      3.9990      1.0689      1.1244    
15        11        392       133       58        796           10.0697     1.0505         0.1187      89.9801     1.5462      7.1050      1.0016      1.0641    
15        12        235       281       55        649           8.2733      1.0170         0.2187      71.8050     1.2380      5.6788      1.0033      1.1014    
15        13        64        36        53        400           4.6300      1.0860         0.3101      117.0136    0.6317      2.8660      1.0144      1.2211    
15        14        139       231       63        567           8.0262      1.1737         0.2547      80.0767     0.9835      4.3208      1.0476      1.0732    
15        15        213       313       68        547           8.2796      1.0866         0.1863      103.0938    1.1952      5.4649      1.0066      1.0990    
15        16        364       39        71        770           10.7073     1.1120         0.6210      115.5350    1.4999      6.8127      1.0133      1.0547    
15        17        29        364       64        855           3.0614      1.1361         0.4677      156.1527    0.3825      1.6926      1.0400      1.5000    
15        18        193       65        72        556           7.6220      1.0496         0.4345      108.9180    1.0932      4.9990      1.0065      1.0926    
15        19        30        467       67        798           3.4295      1.2073         0.3552      228.4586    0.4607      2.0296      1.0447      1.4146    
15        20        125       206       74        471           6.8428      1.1367         0.2542      92.6626     0.9017      4.0702      1.0196      1.1700    
15        21        233       182       82        698           8.8366      1.1240         0.6655      93.0572     1.1905      5.3758      1.0192      1.0822    
15        22        222       323       84        515           7.5638      1.0262         0.7701      126.3514    1.1306      5.1969      1.0013      1.0977    
15        23        197       455       84        595           7.3634      1.0561         0.2251      108.6982    1.1030      5.0568      1.0039      1.1242    
15        24        339       291       91        979           12.9938     1.2745         0.4335      78.3678     1.5704      6.7200      1.0755      1.0290    
15        25        269       100       93        693           8.8244      1.0609         0.6807      101.5105    1.2615      5.7886      1.0030      1.0998    
15        26        104       45        93        442           5.5962      1.0415         0.5337      111.5672    0.8114      3.7170      1.0047      1.1879    
15        27        82        148       96        519           4.9708      0.9965         0.2906      116.3863    0.7296      3.3082      1.0151      1.1000    
15        28        48        313       102       353           3.6483      1.0637         0.4072      161.7180    0.5309      2.4330      1.0043      1.3125    
15        29        20        59        102       753           3.2129      1.2171         0.5688      175.8243    0.3825      1.6021      1.0989      1.4400    
15        30        41        120       105       796           3.5256      1.0973         0.4016      189.6142    0.5104      2.3095      1.0170      1.3571    
15        31        80        388       111       416           4.7736      1.0475         0.3174      125.8296    0.6647      3.0503      1.0029      1.2222    
15        32        83        186       112       422           4.6677      0.9899         0.3399      101.0080    0.6762      3.1121      1.0000      1.2321    
15        33        228       95        115       641           8.8785      1.1493         1.9246      112.6810    1.1727      5.2944      1.0194      1.1000    
15        34        315       367       123       775           9.3616      1.0384         0.0959      88.2509     1.3963      6.4131      1.0021      1.0798    
15        35        143       164       120       502           7.7026      1.1617         0.2594      89.3683     0.9926      4.4301      1.0312      1.1210    
15        36        267       228       122       827           13.4676     1.3727         0.2494      80.7838     1.4316      5.8860      1.1194      1.0251    
15        37        23        111       119       705           2.8531      1.1664         0.5076      241.5557    0.3716      1.6354      1.0457      1.4615    
15        38        17        123       123       780           3.6637      1.4367         0.6098      209.7527    0.3893      1.4753      1.2146      1.6667    
15        39        198       391       128       560           7.4653      1.0363         0.3241      122.2934    1.1063      5.0708      1.0041      1.1166    
15        40        155       453       131       566           7.5921      1.1689         0.6884      169.7864    1.0293      4.6237      1.0246      1.1144    
15        41        109       162       134       556           8.3882      1.3430         0.3563      97.7758     0.9290      3.8145      1.1209      1.0785    
15        42        124       303       136       524           6.6766      1.1091         0.2914      88.8729     0.9063      4.1205      1.0122      1.1215    
15        43        165       38        139       572           9.1055      1.2209         0.3062      69.1607     1.0602      4.6557      1.0481      1.1087    
15        44        40        266       136       870           3.5583      1.0907         0.4732      161.8471    0.4952      2.2499      1.0129      1.3585    
15        45        137       473       144       531           6.9345      1.0514         0.2229      80.1665     0.9445      4.3208      1.0061      1.1186    
15        46        31        41        145       698           3.4436      1.2546         0.4441      208.5329    0.4413      1.9177      1.0590      1.5294    
15        47        224       435       154       677           8.6841      1.1079         0.5374      130.3069    1.1825      5.3758      1.0124      1.0938    
15        48        290       228       153       769           10.5242     1.2207         0.5195      97.3143     1.3618      6.0196      1.0412      1.0870    
15        49        188       92        164       630           7.7932      1.1114         0.2238      91.2202     1.0751      4.9050      1.0087      1.1111    
15        50        540       162       166       1072          13.1855     1.1347         0.0609      83.5725     1.8212      8.2652      1.0141      1.0409    
15        51        36        366       159       360           3.2402      1.0777         0.5016      206.1087    0.4791      2.1962      1.0041      1.3600    
15        52        505       393       169       1088          11.4208     1.0002         0.1443      97.8932     1.7748      8.1557      1.0015      1.0479    
15        53        47        424       160       746           4.5065      1.2460         0.0650      260.3011    0.5739      2.5111      1.0518      1.2857    
15        54        137       340       168       557           6.7312      1.0678         0.2474      88.2452     0.9240      4.2236      1.0069      1.1200    
15        55        135       51        177       551           6.8030      1.1139         0.2586      81.9717     0.9152      4.1723      1.0095      1.1389    
15        56        288       437       185       775           11.1297     1.2161         0.3554      89.3954     1.4070      6.2159      1.0418      1.0460    
15        57        251       113       182       671           8.4595      1.0646         0.5642      103.8458    1.2184      5.5648      1.0077      1.1089    
15        58        77        282       179       413           5.2890      1.2268         0.3313      175.8342    0.7170      3.1653      1.0425      1.2456    
15        59        64        325       184       425           4.4481      1.0796         0.3856      139.0958    0.6378      2.9119      1.0080      1.2371    
15        60        39        465       184       371           3.6541      1.1442         -0.2065     323.0393    0.4897      2.2238      1.0135      1.3462    
15        61        53        299       186       380           4.6025      1.2125         0.4354      166.0211    0.5948      2.6327      1.0399      1.3243    
15        62        154       212       191       480           7.8182      1.1722         0.6758      124.0177    1.0151      4.5745      1.0213      1.1170    
15        63        230       196       193       564           8.5994      1.0969         0.2650      100.5934    1.1989      5.4649      1.0097      1.0876    
15        64        291       49        198       690           9.3010      1.1142         0.4187      171.7197    1.3408      6.1017      1.0114      1.0779    
15        65        99        270       196       420           5.9474      1.0911         0.3748      101.3965    0.7914      3.5657      1.0215      1.1538    
15        66        180       255       198       498           9.0153      1.2147         0.2176      84.8303     1.1199      4.9462      1.0420      1.1125    
15        67        39        143       196       869           3.5896      1.1554         0.3907      207.8716    0.4945      2.2238      1.0235      1.3208    
15        68        130       318       202       517           6.8314      1.0849         0.2655      92.0192     0.9352      4.2724      1.0074      1.1266    
15        69        71        393       200       439           4.3122      1.0942         0.3792      186.9281    0.6508      2.9585      1.0124      1.2400    
15        70        216       455       207       590           9.0089      1.1406         0.2182      88.9339     1.1880      5.3492      1.0221      1.1099    
15        71        178       111       209       555           7.2781      1.0329         0.2712      83.5743     1.0635      4.8632      1.0064      1.0879    
15        72        59        256       208       756           4.6571      1.0945         0.4144      116.8545    0.6221      2.7707      1.0334      1.2000    
15        73        84        31        213       415           6.9472      1.2954         0.7738      103.5945    0.7978      3.3918      1.0825      1.2273    
15        74        150       90        215       529           7.8545      1.1685         1.0954      101.0993    1.0074      4.5092      1.0282      1.1120    
15        75        182       300       218       637           9.8533      1.2802         0.7208      115.5337    1.1363      4.9596      1.0544      1.0841    
15        76        146       126       217       465           6.6708      1.0815         0.2633      87.0059     0.9296      4.2564      1.0052      1.1378    
15        77        93        45        216       457           5.9213      1.1664         0.2413      129.2915    0.7760      3.5095      1.0177      1.1837    
15        78        126       479       219       515           6.6394      1.0853         0.2325      104.0130    0.9020      4.0873      1.0157      1.1626    
15        79        357       361       225       769           10.5776     1.1217         0.6412      105.3616    1.4919      6.8023      1.0094      1.0757    
15        80        219       149       223       698           8.6208      1.1139         0.4071      94.9302     1.2012      5.4525      1.0139      1.0995    
15        81        194       218       231       470           7.4701      1.0190         0.2613      97.2469     1.1006      5.0568      1.0017      1.1003    
15        82        174       79        232       577           7.4188      1.0752         0.6955      90.0631     1.0286      4.6713      1.0135      1.1282    
15        83        178       202       241       513           7.7366      1.1095         1.1679      126.8837    1.0509      4.7907      1.0095      1.1289    
15        84        157       442       240       563           6.8406      1.0309         0.2651      86.2062     0.9707      4.4624      1.0011      1.1417    
15        85        342       235       246       728           10.6116     1.1129         0.1890      74.8533     1.4615      6.6568      1.0105      1.0756    
15        86        295       164       251       671           9.1683      1.0211         0.1909      76.2778     1.3810      6.3375      1.0029      1.0778    
15        87        248       342       250       738           8.5999      1.1391         2.1392      222.8176    1.1831      5.3492      1.0179      1.0919    
15        88        165       96        252       512           7.9420      1.0872         0.2702      70.5305     1.0411      4.7613      1.0063      1.1150    
15        89        56        132       252       394           3.7805      1.0656         0.3689      138.5425    0.5346      2.4602      1.0000      1.3231    
15        90        156       269       255       562           7.6056      1.1310         0.2366      96.1217     1.0171      4.6074      1.0160      1.1111    
15        91        37        355       254       559           3.4752      1.0572         0.4028      189.6069    0.4952      2.2499      1.0129      1.3585    
15        92        16        200       255       714           1.6126      0.9730         0.5776      269.8014    0.2331      1.0730      1.0000      0.9000    
15        93        51        367       260       767           4.5799      1.0887         0.3847      117.2200    0.5908      2.6042      1.0442      1.0909    
15        94        267       56        264       763           8.6895      1.0739         1.3832      117.5464    1.2402      5.6788      1.0051      1.0935    
15        95        187       359       268       516           8.5326      1.1404         1.9589      134.7496    1.1369      5.1121      1.0235      1.0819    
15        96        319       92        272       686           9.0633      1.0061         0.2639      93.1497     1.4029      6.4457      1.0017      1.0691    
15        97        41        123       267       369           3.4936      1.1140         0.5707      202.1044    0.5075      2.2745      1.0270      1.3455    
15        98        48        74        272       653           3.5884      1.1336         0.3287      206.0090    0.5174      2.3428      1.0163      1.3684    
15        99        164       231       278       566           6.5541      0.9955         0.6276      108.5581    0.9798      4.5092      1.0000      1.1474    
15        100       45        418       278       681           3.5542      1.0701         0.2870      219.9805    0.5248      2.4044      1.0045      1.3016    
15        101       269       411       285       624           9.6267      1.1431         0.1324      114.1819    1.3061      5.8985      1.0191      1.0958    
15        102       180       365       288       612           8.8348      1.2739         0.3433      119.2455    1.0758      4.7021      1.0529      1.1183    
15        103       38        245       289       633           3.9214      1.1172         0.8132      177.7742    0.5075      2.2745      1.0270      1.2542    
15        104       174       255       292       570           7.1378      1.0236         2.7051      146.5548    1.0592      4.8632      1.0024      1.1023    
15        105       320       468       295       806           9.5084      1.0364         0.3707      157.6595    1.3748      6.3044      1.0036      1.0584    
15        106       101       330       293       546           6.7936      1.2092         0.3752      114.4422    0.8290      3.6244      1.0527      1.1772    
15        107       42        202       292       737           3.9784      1.1280         0.5351      141.2755    0.5101      2.2745      1.0322      1.2982    
15        108       45        36        298       365           3.5579      1.0215         0.4258      125.1867    0.5286      2.4330      1.0000      1.2923    
15        109       46        65        298       813           3.7142      1.0950         0.3620      139.4085    0.5115      2.3428      1.0049      1.3000    
15        110       220       197       304       597           8.4320      1.0690         0.3580      97.0794     1.2120      5.5525      1.0046      1.1010    
15        111       119       110       309       500           5.8262      1.0130         0.2356      85.8044     0.8416      3.8716      1.0004      1.1844    
15        112       33        404       306       834           3.5786      1.1869         0.0314      289.0284    0.4646      2.1027      1.0169      1.4091    
15        113       133       68        311       506           6.6657      1.0533         0.6776      97.6437     0.9381      4.2888      1.0066      1.1354    
15        114       222       238       316       664           8.0614      1.0266         0.5471      123.9622    1.2082      5.5401      1.0037      1.0932    
15        115       141       47        316       507           6.3152      1.0193         1.2876      121.9427    0.9373      4.2888      1.0058      1.1454    
15        116       117       129       316       487           6.6486      1.0909         0.5465      100.0906    0.8856      4.0172      1.0146      1.1068    
15        117       56        162       318       390           3.5416      1.0677         0.2891      204.7364    0.5346      2.4602      1.0000      1.3030    
15        118       166       382       322       551           6.4057      1.0025         0.4726      139.9578    0.9798      4.5092      1.0000      1.1474    
15        119       62        38        320       867           4.6776      1.1272         0.3862      111.2852    0.6189      2.7953      1.0190      1.2360    
15        120       134       278       325       567           6.8870      1.0997         1.3066      112.1137    0.9231      4.2067      1.0099      1.1312    
15        121       274       313       329       637           9.5817      1.1152         0.3253      106.4688    1.3347      6.0663      1.0126      1.0811    
15        122       155       403       332       536           6.6391      1.0176         0.6195      119.9060    0.9707      4.4624      1.0011      1.1371    
15        123       27        478       329       860           2.7707      1.0622         -0.3747     286.6385    0.3930      1.7443      1.0370      1.5172    
15        124       272       336       338       768           8.6274      1.0693         0.0340      124.2424    1.2414      5.6534      1.0106      1.0892    
15        125       247       179       338       695           8.1243      1.0114         0.1992      86.6213     1.2354      5.6662      1.0035      1.1073    
15        126       82        225       336       442           5.3997      1.1946         0.4181      157.3963    0.7343      3.2860      1.0285      1.2160    
15        127       236       284       347       642           8.8846      1.0808         0.2914      80.5389     1.2276      5.6151      1.0062      1.0958    
15        128       238       144       358       619           8.3352      1.0751         0.1628      101.1428    1.2103      5.5276      1.0077      1.0964    
15        129       55        162       358       370           3.8954      1.0389         0.3712      116.4424    0.5280      2.4044      1.0106      1.2812    
15        130       38        324       360       386           4.1110      1.1540         0.4398      137.2701    0.5127      2.1027      1.1223      1.0690    
15        131       270       49        377       841           11.2067     1.2128         1.2972      107.7341    1.4000      6.1017      1.0560      1.0096    
15        132       67        218       378       370           4.4368      1.0527         0.4063      135.7949    0.6559      3.0058      1.0043      1.1963    
15        133       94        78        381       481           5.7293      1.0545         0.5466      109.7413    0.7792      3.5452      1.0116      1.1195    
15        134       36        245       381       848           2.6909      1.0213         0.6168      165.3991    0.4073      1.8744      1.0000      1.5625    
15        135       203       478       388       613           8.5434      1.1018         -0.5567     254.3504    1.1739      5.2664      1.0259      1.1042    
15        136       100       223       386       391           5.9928      1.1054         0.9272      106.9175    0.7969      3.5857      1.0228      1.1592    
15        137       262       299       391       780           9.6425      1.1186         0.2842      84.4527     1.3090      5.9474      1.0130      1.0753    
15        138       176       173       390       557           8.1172      1.1595         0.2550      114.6671    1.0492      4.7321      1.0205      1.1010    
15        139       73        382       386       465           4.7237      1.1999         -0.0769     216.1084    0.6101      2.7452      1.0228      1.2184    
15        140       140       110       391       664           8.7069      1.2748         0.5661      111.0379    1.0301      4.3519      1.0893      1.0677    
15        141       30        215       391       717           3.7088      1.2610         0.5640      185.8956    0.4586      1.9577      1.0781      1.5429    
15        142       45        61        394       357           3.5887      1.0764         0.3118      211.0714    0.5271      2.4044      1.0090      1.3016    
15        143       82        185       400       362           4.6349      1.0014         0.3056      114.5742    0.6762      3.1121      1.0000      1.2321    
15        144       40        272       399       870           3.5615      1.1252         0.5302      190.1450    0.5030      2.2745      1.0177      1.3455    
15        145       153       36        408       501           7.5549      1.1224         0.1934      83.4154     1.0101      4.5745      1.0162      1.1341    
15        146       78        136       407       448           5.7793      1.2280         0.2021      167.5379    0.7243      3.2397      1.0290      1.2131    
15        147       32        416       409       762           2.6591      1.0274         0.7264      276.2909    0.4073      1.8744      1.0000      1.5625    
15        148       45        31        417       736           4.0139      1.1195         0.3427      108.2280    0.5025      2.2499      1.0280      1.2632    
15        149       67        223       417       402           5.1527      1.2726         0.3798      183.1547    0.6840      2.9585      1.0641      1.2157    
15        150       85        405       421       432           4.9736      1.0469         0.2651      143.7864    0.7425      3.3511      1.0197      1.1286    
15        151       103       129       421       453           6.4704      1.2807         0.1360      153.3001    0.7974      3.4329      1.0691      1.1773    
15        152       66        174       421       389           5.2895      1.2470         0.3374      192.0949    0.6856      3.0058      1.0498      1.2308    
15        153       204       454       425       618           8.5524      1.1589         0.5187      118.3655    1.1504      5.1831      1.0215      1.1111    
15        154       42        218       422       844           3.7047      1.2015         0.4736      187.6861    0.4878      2.1962      1.0222      1.4468    
15        155       61        310       427       401           4.3840      1.1453         0.1882      219.6526    0.6257      2.8419      1.0133      1.2258    
15        156       150       146       432       452           6.5992      1.0523         0.6753      134.5084    0.9538      4.3671      1.0052      1.1203    
15        157       60        125       431       756           4.4584      1.1203         0.1622      201.9218    0.6258      2.8419      1.0134      1.2128    
15        158       135       164       434       490           7.3184      1.2055         0.0594      152.4576    0.9606      4.2564      1.0387      1.1082    
15        159       275       37        437       618           9.8482      1.1242         0.4126      141.4458    1.3367      6.0778      1.0122      1.0921    
15        160       18        478       434       808           2.6098      1.0829         0.5659      145.2709    0.3452      1.5228      1.0434      1.5238    
15        161       181       295       439       503           8.6116      1.1651         0.2174      93.7142     1.1155      4.9729      1.0324      1.0903    
15        162       354       222       444       702           10.0946     1.0585         0.1166      111.1144    1.5098      6.9243      1.0035      1.0831    
15        163       177       327       443       548           7.3840      1.0101         0.1948      85.4679     1.0752      4.9326      1.0032      1.1169    
15        164       83        113       441       430           5.5887      1.1811         0.4673      164.8417    0.7286      3.2860      1.0205      1.2063    
15        165       41        148       441       657           3.5880      1.1257         0.2691      246.0739    0.5030      2.2745      1.0177      1.3455    
15        166       311       385       453       646           9.5348      1.0982         0.1150      105.6375    1.3623      6.2377      1.0051      1.0891    
15        167       167       306       453       433           7.5794      1.1102         0.8964      152.9933    1.0321      4.6868      1.0135      1.0915    
15        168       52        255       449       380           5.4425      1.3819         0.3650      198.5500    0.6442      2.6625      1.1135      1.3333    
15        169       148       33        455       424           6.6562      1.0453         1.6659      209.1193    0.9498      4.3519      1.0044      1.1453    
15        170       44        407       455       364           3.5577      1.1015         0.3949      236.3017    0.5174      2.3428      1.0163      1.3684    
15        171       96        300       463       362           5.4674      1.0694         0.2829      141.4542    0.7840      3.5857      1.0063      1.1742    
15        172       195       116       467       597           7.5190      1.0480         0.4974      136.2540    1.0804      4.9462      1.0053      1.1090    
15        173       284       63        469       710           9.7473      1.1424         0.3817      118.5545    1.3208      5.9352      1.0242      1.0803    
15        174       111       374       468       481           5.6216      1.1620         0.2384      252.2392    0.7757      3.5276      1.0120      1.1892    
15        175       173       262       470       598           7.3874      1.1799         0.2150      113.1864    1.0031      4.5092      1.0239      1.1383    
15        176       39        343       472       373           3.5232      1.1874         0.3877      256.7095    0.4918      2.2238      1.0178      1.3208    
15        177       235       194       478       625           8.5736      1.0417         0.3563      84.9716     1.2244      5.6151      1.0036      1.0958    
15        178       56        429       474       411           4.7103      1.2222         0.2655      202.8164    0.6003      2.6911      1.0267      1.2439    
15        179       129       406       478       529           6.9087      1.1742         0.2058      117.8729    0.8927      3.9990      1.0273      1.1357    
15        180       203       157       483       533           7.4107      1.0164         0.8709      157.7864    1.1270      5.1831      1.0007      1.1014    
15        181       69        207       483       793           4.6173      1.1575         0.3828      170.5618    0.6347      2.8894      1.0110      1.2826    
15        182       21        75        483       634           1.6392      0.9713         0.2903      285.8204    0.2331      1.0730      1.0000      0.9000    
15        183       72        402       486       835           4.3684      1.0419         0.2743      182.3445    0.6551      3.0058      1.0030      1.2075    
15        184       75        277       491       425           5.8961      1.2548         0.3262      145.0030    0.7206      3.0921      1.0726      1.2035    
15        185       55        62        493       386           4.7826      1.1468         0.8797      149.0689    0.6120      2.6911      1.0467      1.2439    
15        186       93        144       493       356           5.9430      1.1594         0.2807      130.1188    0.7648      3.4126      1.0314      1.2331    
15        187       133       317       493       535           9.7063      1.4230         0.2858      119.0967    1.0604      4.2236      1.1554      1.1613    
15        188       17        251       491       785           2.6775      1.1241         0.6781      193.8144    0.3453      1.4753      1.0772      1.4286    
15        189       52        396       494       799           4.6900      1.2214         0.3547      149.4117    0.5889      2.5745      1.0527      1.3056    
15        190       33        84        494       353           3.4891      1.2071         0.3709      241.1981    0.4695      2.0674      1.0452      1.3953    
15        191       41        288       494       849           4.8463      1.3173         0.4186      187.6405    0.5744      2.3095      1.1447      1.2459    
15        192       21        413       494       712           3.8000      1.3444         0.6190      157.9882    0.4102      1.6655      1.1334      1.4286    
16        0         111       148       10        474           6.8412      1.1896         0.1728      113.3479    0.9243      3.8145      1.0535      1.1908    
16        1         204       304       14        560           7.4872      1.0312         0.6239      129.1411    1.1863      5.1410      1.0033      1.0936    
16        2         179       387       12        617           7.0937      1.0337         0.1542      119.0804    1.1216      4.8056      1.0148      1.1241    
16        3         196       16        19        618           9.2832      1.1889         1.0026      78.6958     1.2065      5.0985      1.0289      1.1254    
16        4         121       416       16        553           6.5957      1.0992         0.2372      105.6323    0.9356      4.0352      1.0081      1.1165    
16        5         278       255       22        728           9.0105      1.0901         1.6243      201.8518    1.4214      6.1368      1.0070      1.0661    
16        6         176       219       21        550           7.7596      1.1184         0.5554      99.5051     1.1147      4.7907      1.0117      1.1134    
16        7         64        180       25        426           4.9238      1.1214         0.5602      118.4052    0.6767      2.8894      1.0183      1.1800    
16        8         231       123       32        659           9.0654      1.0803         0.2011      75.0299     1.3088      5.6662      1.0043      1.1019    
16        9         121       83        32        546           6.8651      1.0655         0.3660      89.1428     0.9573      4.0702      1.0226      1.0400    
16        10        139       494       35        531           6.8687      1.0422         0.3107      60.1540     0.9940      4.3049      1.0039      1.1342    
16        11        114       213       37        500           6.5788      1.1183         0.5354      106.0360    0.9142      3.9079      1.0171      1.1309    
16        12        463       315       46        1022          11.7658     1.0884         0.5967      108.4704    1.8059      7.7339      1.0153      1.0483    
16        13        144       60        42        447           6.7957      1.0722         0.7046      103.0019    0.9960      4.3049      1.0060      1.1245    
16        14        90        232       44        432           5.8681      1.1236         0.3086      107.9369    0.8114      3.4721      1.0160      1.1888    
16        15        225       388       57        653           8.7292      1.0938         0.1906      81.7388     1.2719      5.4649      1.0119      1.0961    
16        16        200       441       55        593           7.4504      1.0460         1.2124      137.7952    1.1584      5.0137      1.0046      1.1160    
16        17        172       477       56        594           9.0777      1.2551         0.1949      80.3477     1.1710      4.8632      1.0470      1.1060    
16        18        199       59        57        530           8.9190      1.1424         0.4440      86.4538     1.2171      5.1831      1.0210      1.1079    
16        19        350       20        62        694           10.6980     1.1274         1.0679      246.9588    1.5847      6.8230      1.0098      1.0647    
16        20        57        312       58        669           4.6772      1.1496         0.3420      174.2274    0.6388      2.7452      1.0117      1.2619    
16        21        236       211       61        658           11.4220     1.2865         0.2032      69.4439     1.3873      5.5648      1.0839      1.1033    
16        22        308       117       68        723           10.3324     1.0967         0.4417      90.5929     1.5276      6.5691      1.0111      1.0702    
16        23        193       155       67        612           7.2408      1.0320         0.8200      144.6438    1.1677      5.0708      1.0012      1.1098    
16        24        120       80        72        519           7.0307      1.1501         0.5949      106.8583    0.9558      4.0702      1.0210      1.1250    
16        25        67        452       70        366           3.5379      0.9854         0.1410      211.2949    0.5775      2.5111      1.0000      1.3235    
16        26        306       343       77        855           11.4318     1.2158         0.6056      113.7328    1.4924      6.2820      1.0330      1.0690    
16        27        238       20        79        550           9.4838      1.1405         0.4755      92.7839     1.2920      5.5276      1.0163      1.0746    
16        28        209       49        79        484           8.7382      1.1206         0.3465      109.9964    1.2433      5.2944      1.0211      1.0970    
16        29        195       63        86        507           8.7081      1.1383         0.4367      109.5038    1.2220      5.1969      1.0224      1.1170    
16        30        132       234       89        475           7.0319      1.1386         0.6587      105.1235    0.9635      4.1040      1.0207      1.1782    
16        31        70        470       90        876           4.6402      1.1119         0.2407      150.1813    0.6755      2.9119      1.0087      1.2245    
16        32        201       176       94        584           8.6481      1.1608         0.2872      101.9566    1.2173      5.1552      1.0267      1.1059    
16        33        121       476       99        411           6.6762      1.0778         0.1984      97.6104     0.9560      4.1205      1.0088      1.1321    
16        34        93        247       101       408           5.9450      1.1307         0.2737      107.2862    0.8206      3.4721      1.0276      1.1888    
16        35        216       87        102       649           9.0585      1.1443         0.3212      79.5987     1.2350      5.2664      1.0196      1.1011    
16        36        60        254       99        379           5.7876      1.2219         0.3352      129.2298    0.7257      2.8190      1.1193      1.1546    
16        37        63        35        108       918           5.8468      1.2501         0.5145      113.9877    0.7089      2.8660      1.0755      1.1485    
16        38        159       356       112       532           7.1706      1.0534         1.0594      180.0601    1.1010      4.7321      1.0117      1.1166    
16        39        322       463       118       680           9.4949      1.0291         1.3129      164.0916    1.4808      6.4236      1.0023      1.0735    
16        40        158       30        116       562           7.6530      1.1507         0.8037      98.6126     1.0585      4.4938      1.0241      1.1128    
16        41        33        329       112       851           2.7130      1.0239         0.3296      236.0047    0.4219      1.8346      1.0000      1.5484    
16        42        92        148       116       432           5.9700      1.1022         0.6864      112.2049    0.8247      3.5276      1.0164      1.1579    
16        43        251       428       123       645           8.4410      1.0439         0.1081      116.3988    1.3352      5.7886      1.0029      1.0998    
16        44        142       407       122       530           6.6142      1.0824         0.8985      164.0289    0.9891      4.2724      1.0065      1.1416    
16        45        74        146       126       382           4.2932      1.0370         0.2927      169.2869    0.7023      3.0503      1.0011      1.2336    
16        46        310       212       130       772           12.1467     1.2762         0.6027      105.7117    1.5404      6.2592      1.0700      1.0716    
16        47        19        389       125       609           2.7058      1.1868         0.0396      348.5630    0.3621      1.5228      1.0340      1.5238    
16        48        120       350       136       552           6.6712      1.0855         0.2094      106.2333    0.9447      4.0352      1.0179      1.0952    
16        49        261       388       138       535           9.7724      1.1433         1.8806      676.4795    1.3803      5.8985      1.0174      1.0696    
16        50        99        459       135       389           5.8273      1.0554         0.6294      145.3512    0.8524      3.6794      1.0073      1.1925    
16        51        37        70        135       375           3.5922      1.1529         0.3727      188.3627    0.5145      2.1962      1.0185      1.3333    
16        52        185       372       145       506           7.7477      1.0624         0.4952      110.9759    1.1346      4.9050      1.0057      1.1039    
16        53        236       133       146       686           8.5631      1.1572         0.4828      183.5838    1.2464      5.3357      1.0157      1.1044    
16        54        40        16        155       374           3.3827      1.0958         0.3278      185.9861    0.5364      2.2745      1.0253      1.3704    
16        55        75        75        161       416           5.6001      1.1453         0.2711      120.0422    0.7574      3.2155      1.0242      1.1680    
16        56        188       210       162       563           9.3566      1.3009         0.1680      125.2819    1.1628      4.7907      1.0553      1.1250    
16        57        174       150       172       690           8.3785      1.1725         0.2606      90.3863     1.1006      4.6713      1.0244      1.0961    
16        58        134       173       169       538           6.6534      1.0441         0.3259      109.1521    0.9899      4.2724      1.0074      1.1467    
16        59        69        75        172       415           5.7608      1.1866         0.3078      117.4641    0.7532      3.0715      1.0662      1.1167    
16        60        56        210       172       826           4.5129      1.1306         0.3116      168.6949    0.6452      2.7452      1.0219      1.1910    
16        61        72        332       172       466           7.3633      1.3573         0.5870      135.8683    0.8623      3.1653      1.1845      1.0365    
16        62        112       374       175       533           6.7496      1.1321         0.1977      118.9088    0.9124      3.8339      1.0347      1.1366    
16        63        59        477       175       888           4.5128      1.1838         0.2398      168.1224    0.6336      2.6625      1.0346      1.3158    
16        64        60        477       180       363           4.7696      1.2354         0.2294      166.3458    0.6406      2.6625      1.0460      1.2195    
16        65        242       321       189       618           8.5557      1.0714         0.4537      111.9938    1.3190      5.6913      1.0077      1.0957    
16        66        62        16        188       423           4.5477      1.0393         0.4204      107.4419    0.6724      2.9119      1.0040      1.1881    
16        67        263       95        192       624           9.5932      1.1179         0.3143      83.8977     1.3728      5.8860      1.0141      1.0962    
16        68        96        112       191       471           6.3573      1.0961         0.3544      108.8445    0.8637      3.6052      1.0416      1.0166    
16        69        125       61        191       476           6.8731      1.0894         0.3004      88.2077     0.9688      4.1367      1.0183      1.1415    
16        70        153       373       197       543           6.5976      1.0180         0.3443      119.6405    1.0147      4.3968      1.0035      1.1276    
16        71        137       446       199       489           6.7754      1.0900         0.6625      164.2151    0.9814      4.2401      1.0064      1.1441    
16        72        215       196       200       567           8.8942      1.1662         0.2068      106.9483    1.2324      5.2383      1.0229      1.1086    
16        73        39        258       197       824           4.9454      1.3293         0.4246      167.7684    0.5862      2.2238      1.1461      1.1667    
16        74        335       177       204       672           9.5572      1.0033         0.5931      122.6828    1.5731      6.8127      1.0040      1.0667    
16        75        446       35        208       958           13.2870     1.2040         1.0165      138.5456    1.8335      7.6529      1.0417      1.0337    
16        76        153       253       204       517           6.7658      1.0462         0.7378      109.3200    1.0040      4.3519      1.0030      1.1261    
16        77        50        481       201       801           3.5031      1.0589         0.3550      211.2248    0.5658      2.4602      1.0000      1.3231    
16        78        189       77        209       569           7.4726      1.0341         1.5760      115.5360    1.1308      4.8910      1.0053      1.1229    
16        79        91        471       207       801           6.2819      1.1726         0.7964      132.7393    0.8154      3.4528      1.0268      1.1429    
16        80        68        370       208       351           4.7811      1.0865         0.3188      159.8212    0.6888      2.9337      1.0209      1.2200    
16        81        140       403       215       473           6.4805      1.0257         0.3273      120.7649    0.9820      4.2401      1.0069      1.1545    
16        82        173       416       214       480           7.1821      1.0224         2.0295      241.6127    1.1345      4.9189      1.0028      1.1104    
16        83        286       465       217       673           10.8323     1.1726         0.5377      196.7886    1.4773      6.2707      1.0243      1.0570    
16        84        219       336       218       593           8.6520      1.0737         0.2014      99.2415     1.2690      5.4649      1.0097      1.0961    
16        85        198       241       220       608           8.9331      1.1723         0.1872      89.1212     1.2201      5.1552      1.0291      1.0805    
16        86        191       201       224       508           7.6034      1.0598         0.1819      106.8491    1.1451      4.9596      1.0039      1.1083    
16        87        139       108       225       531           6.8164      1.0696         0.2355      90.4012     0.9881      4.2724      1.0056      1.1467    
16        88        143       190       231       438           7.9359      1.1880         0.8934      122.3569    1.0452      4.3968      1.0336      1.1048    
16        89        107       72        231       465           5.8619      1.0535         0.4172      101.4696    0.8635      3.7170      1.0101      1.1879    
16        90        45        387       229       410           3.3431      1.0139         0.2963      231.2324    0.5486      2.3743      1.0047      1.3115    
16        91        153       344       234       498           7.9140      1.1368         0.2476      105.2599    1.0847      4.6074      1.0236      1.1194    
16        92        26        296       230       373           3.7291      1.2227         0.4520      171.3987    0.4564      1.7443      1.1376      1.2222    
16        93        47        135       238       384           3.6370      1.0531         0.3262      186.3409    0.5620      2.4330      1.0043      1.3125    
16        94        54        285       239       364           4.7704      1.1106         0.3348      147.3875    0.6530      2.6625      1.0664      1.1111    
16        95        135       16        243       504           6.8436      1.0873         0.2637      71.4611     0.9799      4.2236      1.0088      1.1613    
16        96        224       224       254       652           9.0529      1.1114         0.2068      83.7195     1.2818      5.5022      1.0129      1.0918    
16        97        163       298       252       380           7.7320      1.1575         0.4511      150.1804    1.0820      4.6074      1.0211      1.1321    
16        98        175       150       258       595           8.2240      1.1268         0.2040      88.7122     1.1252      4.8347      1.0119      1.0891    
16        99        279       317       260       634           9.8602      1.1639         0.5849      250.7093    1.3758      5.8481      1.0229      1.0804    
16        100       142       203       259       509           6.5944      1.0230         0.7409      129.4536    1.0142      4.3968      1.0029      1.1369    
16        101       198       258       259       545           7.6942      1.0670         0.8601      137.4666    1.1614      4.9990      1.0102      1.1062    
16        102       117       283       258       359           6.8556      1.1724         0.2354      136.6330    0.9271      3.9444      1.0220      1.1702    
16        103       60        335       258       372           4.3692      1.0423         0.2964      155.5401    0.6372      2.7452      1.0093      1.2045    
16        104       40        423       263       853           3.9735      1.1378         0.3388      165.4921    0.5309      2.2499      1.0259      1.2632    
16        105       212       281       272       607           10.2139     1.2440         1.0313      108.9633    1.2785      5.2803      1.0528      1.0975    
16        106       120       426       272       473           6.5588      1.0700         0.3175      121.1589    0.9514      4.0873      1.0121      1.1512    
16        107       343       73        279       877           11.4178     1.1395         0.3212      74.5170     1.6024      6.8332      1.0196      1.0628    
16        108       226       199       279       617           8.6141      1.0851         0.5206      119.4190    1.2795      5.5149      1.0088      1.1082    
16        109       143       44        283       578           8.1458      1.2251         0.6368      115.8789    1.0553      4.4136      1.0396      1.1129    
16        110       296       491       289       737           8.8193      1.0253         0.2480      113.7466    1.4629      6.3484      1.0020      1.0674    
16        111       297       392       295       738           9.6231      1.0804         0.2740      111.0445    1.4408      6.2377      1.0043      1.0806    
16        112       199       260       292       607           8.7100      1.1520         0.5068      117.6911    1.2038      5.1266      1.0210      1.1104    
16        113       41        285       292       365           4.1239      1.1558         0.4080      170.8234    0.5443      2.2499      1.0518      1.2203    
16        114       209       348       298       649           8.7184      1.1422         0.2187      115.5549    1.2469      5.3220      1.0187      1.0899    
16        115       163       17        310       563           7.6057      1.1022         0.2148      65.6496     1.0786      4.6237      1.0143      1.1353    
16        116       115       222       306       480           5.8343      1.0068         0.3296      115.6282    0.8848      3.8339      1.0034      1.1620    
16        117       130       42        308       544           6.3954      1.0390         0.2075      92.3001     0.9783      4.2236      1.0071      1.1351    
16        118       248       183       312       727           9.4143      1.0948         0.3306      88.0153     1.3506      5.8004      1.0124      1.0673    
16        119       119       272       310       464           6.7653      1.1376         0.4693      125.9760    0.9416      4.0172      1.0191      1.1813    
16        120       70        310       308       433           5.5190      1.2681         0.0725      210.2309    0.7319      3.0503      1.0433      1.2336    
16        121       56        148       312       392           3.7173      0.9854         0.3586      131.3810    0.5775      2.5111      1.0000      1.3235    
16        122       258       220       326       664           9.2166      1.1134         0.8590      167.9169    1.3795      5.9230      1.0126      1.0877    
16        123       88        31        327       414           5.5827      1.0832         0.2886      96.5518     0.8097      3.4910      1.0085      1.2113    
16        124       70        497       329       388           5.7254      1.2299         0.2336      114.8835    0.7546      3.0921      1.0610      1.2477    
16        125       320       406       336       767           11.0421     1.1398         -0.0091     214.1316    1.5225      6.5248      1.0146      1.0789    
16        126       26        428       335       352           2.7322      1.0343         0.1722      319.4887    0.4074      1.7443      1.0154      1.5172    
16        127       486       163       345       1107          13.0835     1.1684         0.6573      102.4364    1.8182      7.6255      1.0367      1.0392    
16        128       347       294       345       816           9.9978      1.0290         1.4027      353.7695    1.5931      6.9042      1.0033      1.0515    
16        129       79        40        339       399           5.2311      1.2262         0.1286      197.1504    0.7700      3.2397      1.0334      1.2033    
16        130       187       490       347       559           7.5353      1.0537         0.2396      95.5165     1.1529      4.9729      1.0080      1.1111    
16        131       55        26        343       371           3.6028      1.0364         0.3068      133.5834    0.5682      2.4602      1.0042      1.3030    
16        132       189       93        348       609           7.5959      1.0504         1.0914      109.1027    1.1339      4.9189      1.0023      1.1176    
16        133       94        76        347       414           5.4719      1.0417         0.2623      115.9925    0.8360      3.5857      1.0137      1.1667    
16        134       49        391       346       363           3.7085      1.0535         -0.0260     251.5519    0.5555      2.4044      1.0045      1.2813    
16        135       173       454       356       557           7.7905      1.0682         3.2159      153.0977    1.1317      4.8910      1.0060      1.1046    
16        136       68        14        358       406           4.6169      1.0830         0.2452      98.9277     0.6593      2.8419      1.0087      1.2391    
16        137       228       474       361       553           8.3852      1.0542         0.0743      117.1815    1.2832      5.5525      1.0048      1.0927    
16        138       21        59        360       682           2.6078      1.1218         0.4611      244.1539    0.3862      1.6354      1.0267      1.6522    
16        139       77        156       363       386           4.6925      1.0245         0.9586      129.3771    0.6926      3.0058      1.0018      1.1963    
16        140       95        304       368       473           6.7613      1.2086         0.2732      128.6210    0.8627      3.6052      1.0404      1.1500    
16        141       141       56        373       513           6.6549      1.0505         0.1978      89.9057     0.9975      4.3208      1.0037      1.1478    
16        142       43        375       370       365           3.5219      1.1147         0.1837      260.9075    0.5324      2.2745      1.0177      1.3455    
16        143       179       124       376       589           7.8490      1.1177         0.4095      111.2602    1.1183      4.7907      1.0149      1.1058    
16        144       120       184       374       540           6.6161      1.1143         0.4345      111.0813    0.9335      3.9990      1.0150      1.1300    
16        145       142       17        376       475           6.5445      1.0079         0.6133      105.7581    1.0199      4.4301      1.0010      1.1301    
16        146       52        160       387       808           3.6504      1.0751         0.3023      199.0732    0.5596      2.4330      1.0000      1.3125    
16        147       62        45        388       370           3.5989      1.0519         0.1770      213.5283    0.5775      2.5111      1.0000      1.3235    
16        148       149       199       390       536           6.5918      1.0405         0.2339      99.8835     1.0125      4.3821      1.0046      1.1525    
16        149       22        382       388       810           3.2638      1.1906         0.5119      214.2978    0.4244      1.6926      1.0903      1.4000    
16        150       152       22        393       509           7.7879      1.1717         1.0805      118.6761    1.0595      4.4938      1.0251      1.1394    
16        151       156       363       395       506           6.7213      1.0295         0.8204      122.0895    1.0163      4.3968      1.0050      1.1561    
16        152       38        493       392       375           3.3280      1.0613         0.1197      229.1455    0.5256      2.2238      1.0276      1.2281    
16        153       34        169       394       779           2.7548      1.0347         0.3618      223.1097    0.4219      1.8346      1.0000      1.5484    
16        154       271       311       399       727           10.0286     1.2882         1.5013      321.9813    1.2904      5.3220      1.0542      1.0899    
16        155       189       462       400       607           7.6814      1.0188         0.1518      87.9066     1.1679      5.0708      1.0014      1.1030    
16        156       90        41        400       449           5.6910      1.0690         0.2334      103.4351    0.8122      3.5095      1.0062      1.1837    
16        157       118       150       401       493           5.6057      1.0516         1.4981      284.3244    0.8787      3.8145      1.0016      1.1705    
16        158       136       94        402       465           6.6476      1.0899         0.8150      136.9100    0.9706      4.1723      1.0115      1.1284    
16        159       218       284       405       575           8.2694      1.0753         1.8080      202.3745    1.2684      5.4400      1.0138      1.0942    
16        160       207       233       409       619           7.2307      0.9999         0.2357      99.2103     1.1900      5.1692      1.0009      1.1020    
16        161       47        427       406       384           3.6069      1.0108         0.3040      183.9695    0.5718      2.4863      1.0000      1.3134    
16        162       163       334       412       550           6.4504      1.0409         1.3021      287.2250    1.0217      4.4301      1.0028      1.1347    
16        163       169       267       416       411           7.0289      1.0581         0.9312      288.2917    1.1110      4.8056      1.0052      1.1088    
16        164       216       101       418       734           11.3875     1.3100         1.5355      131.9033    1.3700      5.4274      1.0975      1.0479    
16        165       147       479       419       581           8.0931      1.1967         0.2495      126.1731    1.0418      4.3968      1.0302      1.1369    
16        166       48        47        417       381           3.8490      1.1206         0.3056      169.8586    0.5521      2.3743      1.0110      1.2903    
16        167       63        407       418       387           4.4853      1.1471         0.0244      234.0565    0.6612      2.8419      1.0116      1.2667    
16        168       137       258       424       373           7.6838      1.1764         0.3957      137.4821    1.0410      4.3821      1.0329      1.1193    
16        169       55        393       427       389           4.5901      1.2303         0.2790      195.7303    0.6296      2.6042      1.0512      1.2973    
16        170       44        269       430       680           3.6457      1.1239         0.2360      252.1487    0.5324      2.2745      1.0177      1.3455    
16        171       318       27        441       751           9.9589      1.0717         1.0632      231.1512    1.5352      6.6135      1.0093      1.0729    
16        172       70        309       438       443           4.7804      1.1083         0.0857      202.2440    0.6848      2.9337      1.0149      1.2323    
16        173       41        13        443       740           5.7227      1.4382         0.4409      154.4152    0.6561      2.3428      1.2176      1.4444    
16        174       114       430       442       512           7.0386      1.1775         0.5324      126.8597    0.9348      3.9629      1.0256      1.1443    
16        175       170       330       447       549           8.0112      1.1297         0.1959      106.2298    1.1033      4.7021      1.0202      1.1025    
16        176       143       352       451       455           6.5820      1.0301         0.5710      139.1608    1.0168      4.4136      1.0016      1.1311    
16        177       156       99        452       568           6.6924      1.0520         0.1567      125.8694    1.0205      4.4301      1.0016      1.1440    
16        178       256       205       456       670           9.3995      1.1057         0.2900      100.1810    1.3678      5.8735      1.0126      1.0893    
16        179       45        228       450       749           3.8109      1.1038         0.5443      197.5451    0.5352      2.2745      1.0230      1.3704    
16        180       81        497       454       421           5.4973      1.1209         0.5365      113.2542    0.7863      3.3299      1.0267      1.2381    
16        181       224       270       460       577           8.5349      1.0476         0.9089      149.6803    1.2868      5.5525      1.0076      1.0739    
16        182       125       324       458       398           5.8971      1.0097         0.7069      147.8432    0.8988      3.9079      1.0000      1.1803    
16        183       67        228       456       851           5.4766      1.1964         0.5277      181.6896    0.7385      3.0503      1.0527      1.2571    
16        184       217       287       463       497           8.8138      1.1484         0.9822      228.9126    1.2547      5.3625      1.0173      1.0973    
16        185       307       368       464       639           9.6595      1.0487         0.1681      86.6607     1.4565      6.3044      1.0045      1.0787    
16        186       70        63        463       420           4.3338      1.0087         0.1671      185.1337    0.7015      3.0503      1.0000      1.2110    
16        187       69        227       463       794           4.6598      1.0836         0.5848      170.1534    0.6714      2.8894      1.0103      1.2292    
16        188       129       460       471       507           6.4059      1.0593         0.2205      106.0059    0.9517      4.1040      1.0083      1.1333    
16        189       217       405       474       701           7.4768      1.0460         0.1436      124.5410    1.1743      5.0847      1.0041      1.0958    
16        190       231       96        476       563           8.5786      1.0562         0.6193      154.3270    1.2879      5.5770      1.0041      1.0811    
16        191       65        281       474       634           4.4968      1.1003         0.2298      230.2750    0.6755      2.9119      1.0087      1.2245    
16        192       54        244       476       373           3.5683      1.0150         0.3701      200.5418    0.5775      2.5111      1.0000      1.3235    
16        193       182       153       487       535           7.5183      1.0536         1.3825      165.9500    1.1212      4.8490      1.0054      1.1104    
16        194       41        199       482       857           3.4641      1.1100         0.2477      247.3186    0.5324      2.2745      1.0177      1.3455    
16        195       168       105       488       401           7.1357      1.0136         0.6114      349.5192    1.1194      4.8490      1.0037      1.1030    
16        196       48        460       483       816           3.9711      1.0463         0.3469      111.7436    0.5658      2.4602      1.0000      1.3231    
16        197       49        206       486       377           4.6099      1.2964         0.1206      243.6404    0.6040      2.4602      1.0674      1.2464    
16        198       261       267       494       759           8.8505      1.1121         0.7906      418.0608    1.2845      5.5022      1.0151      1.0974    
16        199       179       141       494       459           7.4910      1.0590         0.9472      267.1409    1.1360      4.9189      1.0041      1.1104    
16        200       122       337       494       552           6.9881      1.1644         0.2022      119.1128    0.9425      3.9811      1.0293      1.1089    
16        201       158       231       498       589           6.3498      1.0143         1.9167      244.5050    1.0061      4.3519      1.0052      1.1213    
16        202       96        120       497       417           6.0769      1.1537         1.3959      219.3047    0.8216      3.4721      1.0288      1.1724    
16        203       42        382       498       370           3.5329      1.0375         0.3327      189.3140    0.5414      2.3428      1.0049      1.2787    
16        204       30        409       501       699           2.7911      1.0015         0.3943      219.1027    0.4311      1.8744      1.0000      1.5625    
16        205       15        169       501       616           1.6231      0.9738         0.5596      254.1752    0.2468      1.0730      1.0000      0.9000    
16        206       16        497       501       646           1.6532      0.9750         0.5468      159.8988    0.2468      1.0730      1.0000      0.9000    
17        0         67        30        10        758           5.3348      1.1450         0.5688      113.7035    0.8345      3.0058      1.0498      1.2308    
17        1         160       141       14        476           7.2807      1.0483         0.1818      86.3012     1.2621      4.7321      1.0085      1.1127    
17        2         165       270       12        583           7.1657      1.1295         0.5289      173.8234    1.2328      4.5092      1.0338      1.1520    
17        3         35        35        14        382           4.2984      1.2772         0.4509      123.5189    0.5955      2.1027      1.0708      1.3778    
17        4         25        168       14        830           2.9962      1.1257         0.5464      145.4803    0.4592      1.6655      1.0427      1.3793    
17        5         76        324       16        351           4.2620      1.0045         0.3089      152.9412    0.8177      3.0921      1.0000      1.2252    
17        6         96        20        18        430           5.5277      1.0180         0.4028      94.7512     0.9694      3.6431      1.0062      1.1463    
17        7         204       426       21        652           7.7303      1.0786         1.0755      119.8119    1.3339      5.0137      1.0061      1.1022    
17        8         100       135       23        422           5.9611      1.1053         0.3108      105.5096    0.9733      3.6052      1.0209      1.1500    
17        9         120       209       25        500           6.5770      1.0894         0.3026      85.0313     1.0895      4.0529      1.0165      1.1429    
17        10        398       331       33        776           11.5047     1.1072         0.2337      81.1915     1.9272      7.1853      1.0142      1.0720    
17        11        72        74        30        433           5.9033      1.2088         0.3649      107.0636    0.8663      3.1391      1.0436      1.1966    
17        12        292       253       33        737           10.8576     1.1941         0.2948      71.4365     1.6820      6.1712      1.0306      1.0803    
17        13        59        57        33        427           4.9451      1.1290         0.5054      111.3409    0.7625      2.7187      1.0606      1.0722    
17        14        40        110       32        404           4.7947      1.3213         0.4156      139.6265    0.6640      2.2499      1.1159      1.2857    
17        15        210       455       44        563           8.8254      1.1344         1.0266      117.1891    1.4478      5.3889      1.0159      1.1022    
17        16        87        428       42        483           6.6805      1.1899         0.2774      106.1762    0.9572      3.4910      1.0368      1.1097    
17        17        318       35        50        756           10.7669     1.1409         0.3610      108.1295    1.7801      6.6353      1.0144      1.0651    
17        18        106       494       45        468           4.6687      1.0074         0.0681      174.0952    1.0035      3.7948      1.0000      1.1525    
17        19        194       154       50        540           7.5997      1.0500         0.3897      110.4589    1.3385      5.0426      1.0037      1.1215    
17        20        153       402       49        569           6.6920      1.0926         0.3212      119.5594    1.1521      4.3365      1.0046      1.1368    
17        21        80        230       48        427           4.7478      1.0142         0.3249      101.2928    0.8086      3.0503      1.0023      1.2000    
17        22        242       133       56        646           9.7369      1.1311         0.2522      78.3723     1.5559      5.7766      1.0185      1.0851    
17        23        179       172       55        503           8.9436      1.2291         0.3884      103.5893    1.3573      4.8772      1.0523      1.0980    
17        24        87        466       57        729           4.4868      1.0343         0.1672      181.5236    0.8132      3.0715      1.0011      1.2182    
17        25        383       378       68        772           13.8219     1.2768         0.5628      101.7049    2.0456      7.2440      1.0678      1.0407    
17        26        224       65        66        611           10.0171     1.2065         0.3227      80.2972     1.5146      5.5022      1.0409      1.1003    
17        27        43        173       62        659           4.3792      1.2134         0.4601      165.4246    0.6778      2.4044      1.0659      1.2615    
17        28        62        249       63        401           4.7382      1.1678         0.3761      136.1966    0.7486      2.7707      1.0217      1.2414    
17        29        211       356       67        517           8.7242      1.0582         0.2340      91.4476     1.4421      5.4274      1.0047      1.0976    
17        30        172       477       68        443           7.6268      1.0908         0.1573      89.1896     1.2826      4.8202      1.0062      1.1271    
17        31        118       25        70        492           6.5289      1.1360         0.2163      105.1198    1.0696      3.9811      1.0160      1.1487    
17        32        56        170       71        748           3.6674      1.0395         0.3820      150.8416    0.6506      2.4602      1.0000      1.3231    
17        33        119       84        78        482           5.7835      1.0016         0.2824      91.6914     1.0243      3.8716      1.0004      1.1713    
17        34        200       339       81        554           7.7762      1.0666         0.7076      124.2853    1.3410      5.0426      1.0056      1.0976    
17        35        60        486       78        753           3.5227      1.0152         0.2768      163.0241    0.6641      2.5111      1.0000      1.3235    
17        36        204       190       81        610           8.6358      1.1340         0.2353      86.5940     1.4131      5.2105      1.0255      1.0909    
17        37        50        226       78        379           3.6000      1.0236         0.4151      154.5809    0.6506      2.4602      1.0000      1.3030    
17        38        171       267       87        554           9.3091      1.2466         0.2310      84.3858     1.3352      4.7907      1.0539      1.1172    
17        39        45        475       91        767           5.1476      1.1421         0.3673      157.7185    0.7532      2.4044      1.1845      0.9111    
17        40        33        429       88        851           2.7385      1.0384         0.0614      260.4818    0.4852      1.8346      1.0000      1.5484    
17        41        223       297       93        628           8.7847      1.0911         0.1949      85.1495     1.4622      5.4893      1.0073      1.1008    
17        42        162       371       99        556           7.6859      1.0886         0.4653      103.2950    1.2596      4.7172      1.0097      1.1135    
17        43        34        211       94        821           3.7883      1.2613         0.4664      181.2210    0.5581      1.9577      1.0781      1.5429    
17        44        242       480       103       681           8.5350      1.0540         1.3470      145.8330    1.5068      5.6662      1.0056      1.0784    
17        45        86        148       101       468           5.6939      1.0962         0.4307      115.7809    0.9221      3.4126      1.0217      1.1549    
17        46        93        46        104       467           7.0143      1.2801         0.3352      96.5900     0.9965      3.5095      1.0736      1.2000    
17        47        106       329       105       468           6.0042      1.0931         0.3282      119.2997    0.9821      3.6614      1.0143      1.1656    
17        48        115       190       106       505           6.8110      1.1847         0.3175      111.1535    1.0648      3.9255      1.0257      1.1474    
17        49        220       441       113       633           8.4994      1.0902         0.1505      89.0613     1.4420      5.3889      1.0119      1.0963    
17        50        52        421       111       372           4.9040      1.2116         0.3399      163.7686    0.7324      2.6327      1.0519      1.2099    
17        51        291       225       117       703           10.4983     1.1311         0.3281      83.1890     1.7117      6.3593      1.0178      1.0732    
17        52        71        161       114       396           4.6765      1.0961         0.3172      136.3848    0.7829      2.9337      1.0091      1.2323    
17        53        72        329       120       399           4.4055      1.1228         0.3172      191.8560    0.7768      2.9119      1.0087      1.2245    
17        54        74        316       121       847           4.5000      1.1916         0.2488      194.8965    0.7568      2.8190      1.0152      1.2584    
17        55        35        417       122       745           3.4584      1.1303         0.1201      280.2787    0.5806      2.1669      1.0131      1.3200    
17        56        115       403       126       542           7.6299      1.2279         0.9606      155.8969    1.1299      4.0172      1.0636      1.1014    
17        57        39        198       124       367           3.7401      1.1136         0.4202      167.1531    0.6110      2.2745      1.0158      1.2759    
17        58        272       149       132       719           9.6560      1.1202         0.3611      90.6217     1.5857      5.9352      1.0103      1.0733    
17        59        76        308       127       376           5.3448      1.2403         0.3286      159.2534    0.8578      3.0715      1.0560      1.2523    
17        60        208       22        140       658           9.8727      1.2189         0.2718      66.1218     1.4794      5.2944      1.0567      1.0313    
17        61        113       187       137       493           7.9682      1.2838         0.2772      105.5343    1.1264      3.9811      1.0699      1.1487    
17        62        20        412       142       693           1.6268      0.9784         0.4263      290.4998    0.2838      1.0730      1.0000      0.9000    
17        63        24        316       143       781           2.6793      1.0298         0.5459      200.0101    0.4684      1.7443      1.0154      1.5172    
17        64        183       437       152       589           7.6358      1.0535         1.5573      134.6927    1.3177      4.9596      1.0047      1.1262    
17        65        93        222       149       454           6.7694      1.2678         0.2937      140.5412    0.9871      3.5276      1.0581      1.1812    
17        66        44        409       152       358           3.6689      1.1059         0.1434      234.0263    0.6297      2.3428      1.0163      1.3684    
17        67        145       128       158       554           6.6123      1.0307         0.5626      104.4525    1.1610      4.3821      1.0018      1.1333    
17        68        62        224       160       365           4.4395      1.0789         0.3037      162.6938    0.7752      2.9119      1.0067      1.2371    
17        69        105       492       166       430           5.4931      1.0815         0.0068      156.3199    0.9877      3.6970      1.0102      1.1829    
17        70        196       26        176       630           7.5057      1.0600         1.2698      110.6278    1.3401      5.0426      1.0049      1.1043    
17        71        68        496       175       917           5.8947      1.2477         0.2790      104.9466    0.8364      3.0058      1.0522      1.2190    
17        72        127       335       177       456           6.2594      1.0155         0.2462      104.2310    1.1062      4.1547      1.0068      1.1402    
17        73        141       129       178       490           6.7996      1.0960         0.5649      109.4774    1.1253      4.2236      1.0074      1.1560    
17        74        187       109       183       556           8.9411      1.2094         0.3716      91.8868     1.3601      4.9596      1.0370      1.1154    
17        75        46        253       181       772           3.7751      1.1489         0.4011      179.1467    0.6212      2.3095      1.0170      1.2881    
17        76        369       271       186       933           14.0323     1.2964         0.2611      81.2062     1.9518      6.9440      1.0628      1.0428    
17        77        50        323       180       795           4.5117      1.1959         0.3852      171.5644    0.7157      2.6042      1.0392      1.3151    
17        78        186       461       188       608           7.5265      1.0588         0.7663      224.8858    1.3037      4.9189      1.0022      1.0997    
17        79        265       212       189       745           10.9923     1.2644         0.2074      91.7593     1.6425      5.8004      1.0708      1.0649    
17        80        360       191       192       719           9.8932      1.0114         0.4198      100.8837    1.8375      6.9243      1.0035      1.0762    
17        81        340       50        197       831           11.4357     1.1595         0.4387      82.4955     1.8161      6.6885      1.0267      1.0676    
17        82        247       417       201       723           8.7838      1.1008         0.2525      125.7027    1.4849      5.5648      1.0090      1.0977    
17        83        273       480       205       590           9.9925      1.1314         0.2608      112.5712    1.6136      6.0314      1.0117      1.0708    
17        84        55        162       201       389           4.6046      1.1067         0.3668      132.5875    0.7303      2.7187      1.0157      1.2381    
17        85        230       350       206       716           9.0455      1.1236         0.1726      86.7131     1.4599      5.4525      1.0125      1.0995    
17        86        46        300       205       364           3.4887      1.0580         0.3896      194.1602    0.6359      2.4044      1.0000      1.3016    
17        87        58        257       207       434           4.7663      1.1379         0.3515      134.3911    0.7387      2.7187      1.0274      1.1685    
17        88        169       217       212       464           7.6545      1.0805         0.2151      92.5067     1.2734      4.7907      1.0051      1.1289    
17        89        103       119       214       458           5.7191      1.0353         0.4367      104.1171    0.9861      3.7170      1.0032      1.1598    
17        90        171       487       219       439           7.7815      1.0846         0.2344      93.9584     1.2874      4.7757      1.0193      1.0990    
17        91        101       208       220       392           5.8066      1.0590         0.3521      112.4551    0.9632      3.6244      1.0050      1.1481    
17        92        121       88        222       499           6.5456      1.1153         0.2962      94.4282     1.0876      4.0702      1.0105      1.1527    
17        93        86        132       222       386           4.6876      1.0111         0.3860      117.2221    0.8177      3.0921      1.0000      1.2252    
17        94        71        314       225       402           5.5434      1.2344         0.1728      196.5346    0.8513      3.0921      1.0411      1.2364    
17        95        87        487       232       377           4.6390      1.0014         0.6896      122.6494    0.8230      3.1121      1.0000      1.2321    
17        96        37        252       233       778           3.6116      1.0392         0.4670      150.0188    0.6076      2.2238      1.0332      1.1864    
17        97        140       152       240       522           6.9740      1.1031         0.2428      97.4159     1.1222      4.2067      1.0087      1.1574    
17        98        111       310       240       366           5.8864      1.0636         0.2807      133.0290    0.9962      3.7366      1.0081      1.1928    
17        99        73        249       239       898           4.4131      1.0833         0.3476      163.2366    0.7884      2.9585      1.0076      1.2400    
17        100       370       328       246       830           12.0490     1.1894         0.6281      267.2444    1.8610      6.8434      1.0283      1.0660    
17        101       81        241       243       409           5.5317      1.0890         0.3156      120.4060    0.8992      3.3511      1.0146      1.1449    
17        102       147       218       248       523           6.5820      1.0093         0.3517      109.4356    1.1849      4.4782      1.0005      1.1406    
17        103       146       272       249       514           7.7516      1.1440         0.3882      98.3525     1.2145      4.4938      1.0219      1.1394    
17        104       126       45        251       496           5.8046      1.0044         0.2995      81.4089     1.0381      3.9255      1.0000      1.1848    
17        105       19        348       250       727           2.5782      1.0973         0.4865      253.1282    0.4066      1.5228      1.0097      1.4545    
17        106       102       15        259       444           7.9343      1.3387         0.3046      70.0027     1.1025      3.7170      1.1216      1.2250    
17        107       146       82        257       535           8.9346      1.3075         0.2994      91.3721     1.2763      4.4624      1.0815      1.1325    
17        108       221       213       268       584           8.5118      1.0458         0.3065      88.9943     1.4796      5.5770      1.0032      1.0973    
17        109       94        86        266       404           5.7342      1.0750         0.3124      102.8248    0.9485      3.4910      1.0274      1.2028    
17        110       76        102       267       390           5.6580      1.1140         0.3280      103.3376    0.8833      3.2631      1.0235      1.1719    
17        111       246       275       280       662           8.1194      1.0261         0.2951      207.9855    1.5304      5.7766      1.0018      1.0901    
17        112       187       116       282       626           8.8082      1.1729         0.3623      77.6149     1.3637      4.9860      1.0342      1.0864    
17        113       25        350       277       777           2.7556      1.1355         0.3216      289.3206    0.4486      1.6655      1.0186      1.6667    
17        114       133       428       287       455           7.0229      1.1352         0.3182      175.7729    1.1189      4.1723      1.0141      1.1284    
17        115       35        420       287       691           4.0172      1.1885         0.4481      161.2773    0.5852      2.1027      1.0525      1.2157    
17        116       108       407       289       487           5.8038      1.0517         0.1845      130.6533    0.9874      3.7170      1.0045      1.1598    
17        117       97        479       288       473           6.8368      1.2148         0.5244      123.8086    1.0053      3.6431      1.0435      1.1677    
17        118       268       238       295       671           8.1753      1.0190         0.6797      125.0204    1.5418      5.8237      1.0011      1.1034    
17        119       157       31        294       468           6.9100      1.0266         0.3321      81.6897     1.2635      4.7021      1.0161      1.0871    
17        120       69        366       290       398           4.6850      1.1350         0.2540      172.3235    0.7632      2.8419      1.0155      1.2391    
17        121       46        56        295       875           3.8794      1.0539         0.3590      117.7510    0.6459      2.3095      1.0575      1.1875    
17        122       140       294       298       546           6.6446      1.0782         0.5876      137.5002    1.1318      4.2564      1.0055      1.1429    
17        123       95        326       296       424           5.8099      1.1167         0.3163      127.7461    0.9239      3.4528      1.0119      1.1748    
17        124       169       193       300       575           9.2218      1.2537         0.2508      90.8398     1.3470      4.7468      1.0731      1.0780    
17        125       171       441       300       538           7.6415      1.0935         0.5355      185.7256    1.2681      4.7468      1.0102      1.1158    
17        126       240       84        303       672           8.6194      1.0715         0.2573      81.7027     1.4911      5.6021      1.0064      1.0990    
17        127       15        497       297       770           2.4647      1.1136         0.5455      194.1450    0.3802      1.4209      1.0119      1.7500    
17        128       170       203       305       459           7.0814      1.0163         0.8732      125.6363    1.2709      4.7468      1.0124      1.1042    
17        129       39        14        302       772           3.6680      1.0848         0.4444      101.9232    0.6001      2.2499      1.0085      1.3333    
17        130       124       32        303       402           6.7677      1.1463         0.2172      84.2707     1.0905      3.9990      1.0312      1.1590    
17        131       23        377       300       726           3.7917      1.3878         0.3697      288.4874    0.5195      1.6926      1.1605      1.7500    
17        132       86        55        305       452           6.6139      1.1857         0.9468      113.5545    0.9995      3.4721      1.0885      1.0494    
17        133       101       315       307       372           4.6346      0.9904         0.2763      116.0525    0.8230      3.1121      1.0000      1.2321    
17        134       249       236       314       628           8.9742      1.0781         0.4852      99.1290     1.5114      5.6913      1.0042      1.1063    
17        135       104       329       315       488           7.1430      1.2211         0.4205      122.7597    1.0487      3.7558      1.0558      1.0929    
17        136       320       419       324       783           10.8944     1.1174         0.2054      141.0765    1.7749      6.6244      1.0131      1.0653    
17        137       53        126       319       377           4.5792      1.1394         0.3846      135.3272    0.7184      2.6625      1.0204      1.2500    
17        138       51        305       323       721           4.7065      1.2069         0.3214      184.9650    0.7246      2.5745      1.0642      1.2877    
17        139       274       173       330       719           8.6880      1.0922         0.3934      159.8008    1.5239      5.7403      1.0039      1.0991    
17        140       45        52        326       850           3.5447      1.0491         0.3806      151.5643    0.6434      2.4330      1.0000      1.3125    
17        141       262       308       334       607           8.4579      1.0195         0.3348      143.1996    1.5410      5.8121      1.0026      1.1039    
17        142       122       351       331       513           6.9915      1.1487         0.2750      107.9445    1.0727      3.9629      1.0236      1.1623    
17        143       197       123       334       541           9.0406      1.1762         1.1722      110.2776    1.3839      5.0985      1.0264      1.1051    
17        144       47        40        332       844           3.6842      1.1100         0.3828      143.3397    0.6297      2.3428      1.0163      1.3684    
17        145       183       106       336       523           7.7141      1.0384         0.5399      92.5181     1.3233      4.9729      1.0062      1.0870    
17        146       145       197       336       537           6.5967      1.0512         0.4062      114.2697    1.1393      4.2888      1.0045      1.1354    
17        147       73        475       335       456           4.8402      1.0928         0.2769      116.7646    0.7690      2.8419      1.0232      1.1633    
17        148       83        90        336       420           5.3945      1.1869         0.2749      151.9200    0.9069      3.3511      1.0233      1.1880    
17        149       139       254       341       562           6.7554      1.0732         0.4648      98.5091     1.1354      4.2724      1.0049      1.1266    
17        150       192       328       342       605           7.4328      1.0692         1.0516      150.8175    1.3070      4.9050      1.0076      1.0932    
17        151       337       488       356       765           11.0116     1.1459         -0.1547     191.7326    1.7762      6.6025      1.0173      1.0657    
17        152       60        277       349       455           4.8676      1.1487         0.3897      125.1359    0.7416      2.7187      1.0314      1.2093    
17        153       134       17        355       538           6.2473      1.0044         0.2887      81.7609     1.1195      4.2067      1.0063      1.1468    
17        154       26        312       356       759           2.8125      1.0870         0.4654      181.4111    0.4483      1.6655      1.0178      1.4815    
17        155       177       344       361       582           7.5740      1.1129         2.6930      188.3694    1.2859      4.7907      1.0150      1.1172    
17        156       105       220       361       488           5.8340      1.0577         0.3031      93.7499     1.0051      3.7746      1.0069      1.1676    
17        157       124       202       363       482           5.5400      0.9944         0.7872      131.6953    1.0287      3.8899      1.0000      1.1758    
17        158       250       139       365       582           8.6574      1.1169         0.7876      135.5609    1.4869      5.5525      1.0126      1.1237    
17        159       75        403       363       406           4.6787      1.0153         0.2635      135.1531    0.8032      3.0284      1.0029      1.2037    
17        160       222       82        377       650           10.0745     1.1879         0.3661      74.9174     1.5028      5.5149      1.0304      1.0997    
17        161       151       398       378       543           7.7799      1.1714         0.2641      125.9617    1.2171      4.4782      1.0277      1.1181    
17        162       60        58        376       793           4.5274      1.1226         0.3202      143.2192    0.7546      2.8190      1.0122      1.2174    
17        163       134       214       380       525           6.4073      1.0325         0.2499      94.7453     1.1305      4.2564      1.0044      1.1179    
17        164       247       31        385       668           11.6269     1.3025         0.6485      86.2194     1.6355      5.7037      1.0842      1.0673    
17        165       140       54        386       453           6.7556      1.0943         0.2475      100.1397    1.1296      4.2401      1.0074      1.1493    
17        166       245       324       388       678           9.8222      1.2778         1.0618      170.0776    1.4740      5.2664      1.0584      1.1136    
17        167       117       165       390       505           6.4700      1.1117         0.3662      151.4859    1.0827      4.0352      1.0146      1.1220    
17        168       88        185       389       465           5.3852      1.0115         0.3393      119.3530    0.9289      3.4910      1.0062      1.1391    
17        169       194       264       390       453           8.6315      1.1783         0.3275      103.8306    1.3804      5.0708      1.0293      1.1304    
17        170       191       299       393       507           7.7142      1.0529         0.8551      119.3768    1.3397      5.0426      1.0047      1.1146    
17        171       186       247       398       575           7.6252      1.1117         0.1188      126.3837    1.3145      4.9326      1.0077      1.0921    
17        172       136       348       401       491           6.6714      1.0650         0.4645      127.1372    1.1335      4.2564      1.0070      1.1378    
17        173       123       57        403       525           8.5237      1.3346         0.3077      112.6290    1.1662      3.9990      1.1028      1.0971    
17        174       166       280       404       850           7.4176      1.1094         0.8411      224.7556    1.2478      4.6237      1.0205      1.1269    
17        175       54        68        403       380           4.7182      1.1087         0.3535      116.3825    0.7340      2.6911      1.0313      1.1333    
17        176       145       120       409       579           7.6375      1.1422         1.9955      162.2061    1.2134      4.4782      1.0246      1.1270    
17        177       206       272       412       524           8.8767      1.1778         0.3278      176.1395    1.3997      5.1410      1.0295      1.1065    
17        178       21        423       408       779           2.7242      1.1480         0.3838      251.5295    0.4250      1.6021      1.0032      1.6364    
17        179       97        485       422       481           5.8394      1.0449         0.7387      100.0605    0.9659      3.6244      1.0077      1.1625    
17        180       56        138       421       390           3.8317      1.0175         0.3352      148.6656    0.6534      2.4602      1.0042      1.3030    
17        181       235       20        429       580           9.0053      1.1097         0.2687      80.4554     1.4867      5.5525      1.0125      1.0982    
17        182       219       251       428       606           8.3643      1.0940         0.3992      119.7063    1.4338      5.3758      1.0086      1.0737    
17        183       306       42        429       690           9.4629      1.0669         0.4577      208.7345    1.6687      6.2820      1.0045      1.0835    
17        184       51        188       428       376           3.6690      1.0678         0.3492      181.4882    0.6500      2.4330      1.0103      1.2923    
17        185       32        324       428       362           3.4117      1.0990         0.3723      219.5309    0.5641      2.1027      1.0144      1.3191    
17        186       163       444       432       575           7.7253      1.1100         0.5207      109.2422    1.2598      4.7021      1.0131      1.1103    
17        187       266       344       436       609           9.8540      1.1472         0.1230      109.6960    1.6023      5.9716      1.0146      1.0588    
17        188       75        402       433       433           5.8038      1.1721         0.2717      129.1785    0.8684      3.1908      1.0292      1.2101    
17        189       149       365       438       487           6.4422      1.0168         0.4939      133.2504    1.1772      4.4464      1.0011      1.1382    
17        190       119       243       440       364           6.3781      1.0702         0.3293      114.8685    1.0766      4.0172      1.0134      1.1122    
17        191       147       113       441       544           6.9432      1.0662         0.2211      103.3891    1.1639      4.3821      1.0043      1.1381    
17        192       37        269       442       366           3.6392      1.2371         0.3988      239.3643    0.5715      2.0674      1.0452      1.3953    
17        193       245       298       448       628           8.2020      0.9997         0.5574      143.5193    1.5234      5.7525      1.0014      1.0935    
17        194       148       219       447       539           7.5797      1.1399         0.3000      113.5261    1.2213      4.5244      1.0207      1.1240    
17        195       134       47        448       496           6.6172      1.0707         0.9048      132.4173    1.1134      4.1897      1.0049      1.1376    
17        196       116       338       447       373           6.5449      1.1090         0.3135      123.9392    1.0653      3.9444      1.0213      1.1224    
17        197       29        178       447       366           3.7771      1.1862         0.4629      191.4758    0.5625      1.9577      1.0864      1.2558    
17        198       167       242       451       468           7.3654      1.1247         0.5163      204.7621    1.2806      4.7757      1.0140      1.1181    
17        199       304       79        458       857           12.1595     1.2510         0.3972      97.4917     1.8206      6.4572      1.0661      1.0517    
17        200       51        287       452       766           4.4487      1.1467         0.2144      217.3965    0.7201      2.6327      1.0343      1.1807    
17        201       110       108       462       504           6.6319      1.1424         0.6444      139.7185    1.0432      3.8145      1.0341      1.0674    
17        202       30        328       459       734           2.8442      1.0833         0.4239      227.1928    0.4784      1.7443      1.0370      1.4194    
17        203       131       475       463       514           7.0136      1.1397         0.1812      88.7487     1.1231      4.1897      1.0136      1.1273    
17        204       129       419       464       489           5.8923      1.0140         0.1842      107.9714    1.0381      3.9255      1.0000      1.1848    
17        205       171       25        472       627           8.9493      1.2076         0.7757      84.5457     1.3312      4.8632      1.0351      1.0844    
17        206       35        258       465       805           2.7129      1.0018         0.4112      204.5014    0.4957      1.8744      1.0000      1.5625    
17        207       271       169       473       729           9.4489      1.0768         0.4947      117.3931    1.6096      6.0314      1.0091      1.0753    
17        208       185       119       477       514           7.5496      1.0476         0.4175      218.3924    1.3329      5.0137      1.0053      1.1090    
17        209       63        63        480       406           3.7692      0.9916         0.4293      132.1786    0.6641      2.5111      1.0000      1.3235    
17        210       308       285       483       668           10.5294     1.1578         0.8202      147.8662    1.7194      6.3702      1.0206      1.0810    
17        211       193       436       483       570           7.5929      1.0847         0.1143      192.1039    1.3144      4.9326      1.0076      1.1279    
17        212       198       243       491       684           8.8092      1.1669         0.7648      106.9291    1.3914      5.0708      1.0376      1.0866    
17        213       261       486       496       681           8.0539      1.0225         0.2181      105.9192    1.5320      5.7766      1.0028      1.1080    
17        214       66        93        495       422           4.4876      1.1309         0.2025      179.2082    0.7605      2.8419      1.0119      1.2258    
17        215       51        383       494       377           3.6878      1.0571         0.3241      177.6795    0.6506      2.4602      1.0000      1.3030    
17        216       109       284       497       753           6.1817      1.1149         0.2316      131.5361    1.0424      3.8716      1.0181      1.1459    
17        217       33        100       499       367           3.6461      1.1130         0.4521      180.2208    0.5815      2.0674      1.0636      1.2245    
17        218       37        15        499       351           4.0062      1.1766         0.4188      109.8197    0.5963      2.1962      1.0266      1.3600    
17        219       64        47        500       405           4.4559      1.0456         0.3100      116.7550    0.7768      2.9119      1.0087      1.2500    
17        220       24        350       498       828           3.6642      1.3096         0.4823      215.8826    0.5159      1.7443      1.1184      1.4667    
17        221       79        154       501       461           6.6805      1.3526         0.4254      216.7359    0.9379      3.1391      1.1298      1.2727    
17        222       38        394       501       649           3.3725      1.0848         0.3600      213.0825    0.5927      2.2238      1.0078      1.3725    
17        223       41        420       501       663           3.6223      1.1104         0.4928      243.1699    0.6153      2.2745      1.0230      1.3455    
17        224       52        272       501       629           5.7214      1.3767         0.3759      171.9217    0.7950      2.6625      1.1290      1.3514    
17        225       78        408       501       384           7.8530      1.4771         0.3262      157.7093    1.0314      3.1391      1.2424      1.3208    
17        226       51        214       502       383           6.4731      1.4963         0.4715      207.4564    0.8967      2.6327      1.2879      1.4203    
18        0         91        27        13        452           5.9446      1.1703         0.1398      129.3001    0.9446      3.4126      1.0455      1.0861    
18        1         163       136       13        466           7.1029      1.0321         0.1612      98.2573     1.2670      4.7613      1.0051      1.1228    
18        2         147       265       11        525           6.5007      1.1163         1.6181      251.2872    1.0984      4.0702      1.0193      1.1759    
18        3         24        93        10        684           2.9960      1.1033         0.5229      162.2764    0.4761      1.7443      1.0309      1.5714    
18        4         68        482       12        410           5.0815      1.0140         0.2616      83.8751     0.8600      3.0715      1.0575      1.0469    
18        5         106       161       16        520           6.8090      1.1893         0.3087      99.4035     1.0491      3.8529      1.0285      1.1290    
18        6         70        319       14        369           4.2781      1.0257         0.2873      193.1985    0.8041      3.0284      1.0029      1.2150    
18        7         192       421       19        638           7.5419      1.0602         0.3435      164.3452    1.3251      4.9729      1.0065      1.0972    
18        8         109       130       22        449           6.8536      1.1748         0.2793      108.5476    1.0564      3.8529      1.0356      1.1230    
18        9         88        204       24        461           5.8107      1.1398         0.3420      103.0833    0.9170      3.3918      1.0211      1.1825    
18        10        383       326       32        766           10.4139     1.0289         -0.0562     126.6989    1.8687      7.0447      1.0019      1.0669    
18        11        271       247       31        743           10.6743     1.2004         0.2300      81.9186     1.6560      6.0431      1.0350      1.0728    
18        12        111       52        32        442           5.9288      1.0439         0.6925      98.0327     1.0056      3.7948      1.0009      1.1792    
18        13        88        105       31        486           5.8730      1.1698         0.3020      113.1834    0.9153      3.3918      1.0193      1.1912    
18        14        207       450       42        566           8.8000      1.1357         1.2979      143.6247    1.4401      5.3492      1.0168      1.0949    
18        15        88        213       40        379           6.0817      1.2188         0.3853      135.7627    0.9149      3.3299      1.0378      1.2000    
18        16        211       68        44        557           8.8006      1.0948         0.5649      85.9115     1.4378      5.3625      1.0127      1.1093    
18        17        54        487       43        392           3.5447      1.0738         -0.0979     307.2285    0.6385      2.3743      1.0157      1.3793    
18        18        294       30        49        735           10.4497     1.1296         -0.0778     117.3190    1.7323      6.4341      1.0169      1.0693    
18        19        52        316       42        734           4.3277      1.1039         0.2808      222.0313    0.7216      2.6911      1.0127      1.2143    
18        20        148       397       47        550           6.6680      1.0860         0.2231      125.5579    1.1487      4.3208      1.0041      1.1379    
18        21        161       148       49        521           7.5757      1.1043         0.4686      107.3402    1.2586      4.7021      1.0110      1.1429    
18        22        99        223       46        369           5.7417      1.0210         0.3072      109.4094    0.9858      3.6794      1.0120      1.1636    
18        23        39        90        47        354           3.7021      1.0535         0.4231      134.5688    0.6146      2.3095      1.0051      1.3103    
18        24        143       167       54        508           7.7563      1.1884         0.6975      125.8068    1.2030      4.3671      1.0405      1.1111    
18        25        86        461       55        757           4.4718      1.0363         -0.6009     346.4988    0.8085      3.0503      1.0011      1.2336    
18        26        398       372       66        834           13.9510     1.2846         0.6429      102.1975    2.0595      7.2831      1.0681      1.0431    
18        27        52        167       61        710           3.5606      1.0234         0.4714      177.0671    0.6514      2.4602      1.0000      1.3030    
18        28        82        244       61        434           5.7588      1.2259         0.3522      141.5687    0.8890      3.2155      1.0442      1.2586    
18        29        144       351       64        486           7.0761      1.0776         0.1835      123.9202    1.1405      4.2888      1.0044      1.1159    
18        30        212       59        65        604           8.9985      1.1509         0.3775      103.9725    1.4260      5.2803      1.0201      1.1099    
18        31        180       472       66        475           7.6867      1.0914         -0.1372     138.7896    1.3065      4.9050      1.0060      1.1111    
18        32        64        164       70        373           4.2339      1.0745         0.3329      179.8667    0.7681      2.8894      1.0041      1.2041    
18        33        62        81        76        407           3.7478      1.0019         0.3533      128.8295    0.6583      2.4863      1.0000      1.3134    
18        34        191       334       79        555           7.8108      1.0823         0.7338      143.2236    1.3225      4.9596      1.0072      1.1154    
18        35        48        481       76        750           3.4983      1.0158         0.1532      265.1415    0.6648      2.5111      1.0000      1.3235    
18        36        207       184       80        646           8.4834      1.1214         0.1132      107.6308    1.4115      5.1969      1.0259      1.0914    
18        37        55        221       77        397           3.5457      1.0144         0.4006      189.1825    0.6648      2.5111      1.0000      1.3235    
18        38        130       266       86        532           6.8301      1.1087         0.2765      106.3862    1.1036      4.1040      1.0157      1.1333    
18        39        41        424       86        369           3.6493      1.1478         -0.4647     437.3849    0.6066      2.2499      1.0184      1.3585    
18        40        261       291       91        672           9.6869      1.1071         0.1055      100.1852    1.6069      5.9957      1.0123      1.0855    
18        41        62        206       93        403           4.6370      1.1436         0.3784      161.2213    0.7499      2.7953      1.0133      1.2644    
18        42        77        46        95        433           4.7816      1.0156         0.5348      109.4461    0.8132      3.0715      1.0000      1.2182    
18        43        146       366       97        549           6.5608      1.0092         0.6962      128.5114    1.1527      4.3365      1.0040      1.1130    
18        44        270       474       101       764           9.5612      1.1031         1.1647      324.0589    1.6047      5.9957      1.0109      1.0763    
18        45        140       142       100       498           6.7625      1.0678         0.5319      115.7459    1.1411      4.2888      1.0050      1.1404    
18        46        35        339       99        766           2.8325      1.0544         0.3760      228.9811    0.4811      1.7914      1.0144      1.5333    
18        47        144       326       103       489           6.6944      1.0317         0.3586      123.2847    1.1455      4.3208      1.0013      1.1528    
18        48        121       184       105       551           6.9503      1.1702         0.3504      114.7560    1.0941      4.0172      1.0287      1.1400    
18        49        269       435       112       768           10.4394     1.1750         0.1324      89.9082     1.6659      6.1017      1.0312      1.0541    
18        50        46        415       108       375           3.7472      1.0761         0.2194      224.9678    0.6366      2.4044      1.0000      1.3226    
18        51        252       219       116       656           9.3127      1.0880         0.3722      105.1487    1.5919      5.9596      1.0089      1.0889    
18        52        69        399       115       836           4.8054      1.0784         0.7324      153.5011    0.7723      2.8894      1.0096      1.2292    
18        53        79        324       119       397           5.1474      1.1699         0.2478      207.2711    0.8718      3.2397      1.0164      1.2131    
18        54        26        260       119       833           2.6538      1.0348         0.4860      239.3574    0.4618      1.7443      1.0000      1.5172    
18        55        69        311       120       816           4.5006      1.1733         -0.0718     296.9520    0.7611      2.8419      1.0116      1.2667    
18        56        138       396       124       572           7.0060      1.1258         0.9972      181.2941    1.1147      4.1367      1.0178      1.1101    
18        57        37        412       120       699           2.7735      1.0425         0.2329      306.1191    0.4857      1.8346      1.0000      1.5484    
18        58        31        193       123       771           2.8495      1.0804         0.4697      216.2159    0.4743      1.7914      1.0000      1.5333    
18        59        28        487       126       828           2.6870      1.0095         0.6446      218.8189    0.4743      1.7914      1.0000      1.5333    
18        60        262       143       131       730           9.7969      1.1550         0.5485      132.3932    1.5740      5.8353      1.0188      1.0905    
18        61        47        304       126       788           3.5720      1.0910         0.3954      216.9364    0.6304      2.3428      1.0163      1.3684    
18        62        99        373       131       479           5.9582      1.0967         0.2631      136.1674    0.9765      3.6431      1.0124      1.1677    
18        63        129       181       136       500           6.9173      1.1420         0.2421      120.8747    1.0864      4.0352      1.0169      1.1443    
18        64        41        407       140       768           2.7264      0.9950         0.2837      212.9876    0.4963      1.8744      1.0000      1.5625    
18        65        39        310       142       351           3.6638      1.1105         0.4629      200.4068    0.6184      2.2745      1.0270      1.3455    
18        66        194       433       150       607           7.5541      1.0356         3.2477      215.2842    1.3420      5.0568      1.0024      1.1037    
18        67        73        216       148       895           4.5529      1.0791         0.1737      207.7445    0.7893      2.9585      1.0076      1.2400    
18        68        27        225       147       702           2.7003      1.0619         0.4492      261.4281    0.4631      1.6926      1.0333      1.5000    
18        69        45        404       151       852           3.6993      1.1069         -0.4871     397.3848    0.6304      2.3428      1.0163      1.3684    
18        70        152       122       156       514           7.5234      1.1107         0.6798      126.2339    1.2413      4.6237      1.0140      1.1439    
18        71        67        219       159       366           4.4886      1.0746         0.3085      186.9742    0.7893      2.9585      1.0076      1.2400    
18        72        77        485       163       435           4.4945      1.0384         -1.0376     487.4189    0.8085      3.0503      1.0011      1.2336    
18        73        89        25        176       462           5.4208      1.0754         1.6177      168.3502    0.9325      3.4329      1.0260      1.2296    
18        74        108       329       174       465           5.9074      1.0816         0.2630      135.8447    0.9809      3.6614      1.0119      1.1875    
18        75        159       125       177       499           7.6121      1.1108         1.0065      142.8223    1.2537      4.6713      1.0137      1.0961    
18        76        244       105       182       648           9.9655      1.2000         0.3667      91.2739     1.5244      5.5770      1.0324      1.0837    
18        77        59        318       179       868           4.3977      1.1779         0.2139      237.6854    0.7284      2.6911      1.0223      1.2439    
18        78        45        248       179       760           3.6512      1.1308         0.4084      222.6224    0.6219      2.3095      1.0170      1.3571    
18        79        355       267       185       878           13.7337     1.2807         -0.0967     129.9906    1.9470      6.9143      1.0636      1.0258    
18        80        175       456       186       564           7.7004      1.1046         1.6725      396.0217    1.2779      4.7907      1.0075      1.1172    
18        81        243       206       186       624           8.8901      1.1431         -0.3521     172.2243    1.4591      5.4274      1.0154      1.0919    
18        82        111       382       183       428           5.8479      1.0345         0.4004      192.1357    1.0155      3.8339      1.0004      1.1751    
18        83        101       393       184       412           5.8310      1.0328         1.0496      163.7406    0.9866      3.6970      1.0079      1.1479    
18        84        345       186       191       658           9.6791      1.0067         0.3812      170.3818    1.8247      6.8738      1.0027      1.0705    
18        85        254       45        196       699           10.9644     1.2251         0.4381      90.4773     1.6296      5.8609      1.0502      1.0681    
18        86        42        294       193       816           3.4647      1.0193         0.4540      192.7989    0.6286      2.3743      1.0000      1.3115    
18        87        67        86        197       436           4.6337      1.0456         0.5741      124.5051    0.7809      2.9119      1.0130      1.2121    
18        88        224       412       199       660           8.8497      1.1362         -0.5581     237.1728    1.4428      5.3758      1.0137      1.0997    
18        89        272       475       203       646           10.0120     1.1342         -0.6494     254.3749    1.6068      5.9836      1.0143      1.0630    
18        90        242       345       204       670           9.7840      1.1541         -0.1758     133.3942    1.5614      5.7646      1.0230      1.0956    
18        91        119       250       206       528           5.8382      1.0458         0.2862      114.2236    1.0028      3.7558      1.0085      1.1905    
18        92        49        295       204       359           3.5103      1.1041         0.2487      263.9885    0.6304      2.3428      1.0163      1.3684    
18        93        174       212       211       478           7.6892      1.0794         0.1770      113.2743    1.2854      4.8202      1.0072      1.0897    
18        94        66        114       213       360           4.7334      1.0644         0.6853      144.2539    0.7893      2.9585      1.0076      1.2400    
18        95        141       482       217       416           6.8335      1.0701         0.2700      115.7991    1.1341      4.2401      1.0102      1.1339    
18        96        112       202       219       385           5.9368      1.0544         0.4419      125.5398    0.9972      3.7558      1.0028      1.1696    
18        97        96        412       218       453           5.7906      1.0447         0.4840      127.8382    0.9694      3.6431      1.0051      1.1534    
18        98        127       127       222       485           6.7480      1.0821         0.6428      121.5668    1.1190      4.1897      1.0088      1.1376    
18        99        114       83        221       483           5.8044      1.0502         0.3053      113.7084    1.0166      3.8339      1.0016      1.1751    
18        100       80        308       223       437           5.5723      1.1914         -0.2559     286.3552    0.8903      3.2631      1.0306      1.2000    
18        101       80        209       226       408           5.7042      1.0531         0.3242      122.8283    0.9274      3.2397      1.0812      0.9673    
18        102       78        483       231       388           4.5731      0.9911         0.9171      143.4305    0.8187      3.0921      1.0000      1.2252    
18        103       23        148       230       729           2.7256      1.0620         0.5296      221.0989    0.4556      1.6926      1.0167      1.5000    
18        104       35        172       231       849           2.7316      1.0350         0.4417      231.9472    0.4857      1.8346      1.0000      1.5484    
18        105       107       305       238       396           6.6076      1.1440         0.2822      154.8503    1.0454      3.8716      1.0198      1.1459    
18        106       114       149       239       512           6.7983      1.1574         0.2854      120.4226    1.0541      3.8899      1.0236      1.1323    
18        107       64        244       238       424           4.4426      1.1284         0.3211      198.5938    0.7585      2.8190      1.0162      1.1915    
18        108       345       323       245       762           11.8995     1.1949         0.8075      418.4193    1.8417      6.7510      1.0304      1.0645    
18        109       61        238       242       429           4.4926      1.0639         0.3766      152.1108    0.7523      2.7953      1.0165      1.2222    
18        110       126       213       246       509           6.3853      1.0300         0.5923      122.1826    1.1183      4.2067      1.0041      1.1312    
18        111       196       267       247       583           9.0933      1.1844         0.7602      109.9785    1.3886      5.0708      1.0343      1.1304    
18        112       133       39        251       514           5.7319      0.9991         0.3554      87.3036     1.0393      3.9255      1.0000      1.1848    
18        113       82        172       253       467           5.9577      1.1717         0.3862      123.5500    0.9073      3.3299      1.0291      1.1729    
18        114       196       208       266       563           7.6966      1.0180         0.2329      110.4310    1.3628      5.1410      1.0012      1.1032    
18        115       224       269       279       631           7.8943      1.0403         0.5452      281.6663    1.4863      5.5891      1.0044      1.0968    
18        116       141       110       281       585           7.5341      1.1248         0.3283      99.7740     1.2010      4.4301      1.0240      1.0945    
18        117       34        344       276       819           3.5812      1.1837         0.2717      325.0938    0.5718      2.1358      1.0112      1.4222    
18        118       34        482       282       879           4.3973      1.3131         0.4524      148.9156    0.5880      2.0296      1.0942      1.2889    
18        119       83        423       285       408           5.7167      1.1306         0.2977      227.4702    0.9108      3.3918      1.0142      1.1655    
18        120       76        476       285       493           5.6196      1.1113         0.8442      142.7800    0.8774      3.1121      1.0649      1.0866    
18        121       41        414       284       715           3.9660      1.1604         0.4982      179.0326    0.5900      2.1358      1.0434      1.3061    
18        122       113       402       287       506           5.7910      1.0427         0.1637      155.8123    0.9965      3.7558      1.0021      1.1696    
18        123       279       233       293       708           8.1388      1.0155         -0.2506     222.2671    1.5530      5.8609      1.0008      1.1020    
18        124       79        361       288       423           5.5547      1.1613         0.2315      174.2675    0.8939      3.3082      1.0206      1.1846    
18        125       229       27        298       627           9.9663      1.2232         -0.0777     86.3088     1.5151      5.4649      1.0471      1.1135    
18        126       94        50        295       456           4.7201      1.0400         0.2562      111.0905    0.8066      3.0284      1.0059      1.2037    
18        127       241       79        301       707           8.7870      1.0824         0.1873      105.2072    1.4998      5.6279      1.0066      1.1062    
18        128       133       289       296       528           6.6793      1.0923         1.0454      160.3218    1.1164      4.1723      1.0106      1.1549    
18        129       331       193       302       821           10.7592     1.1306         0.4236      121.7260    1.7766      6.5691      1.0215      1.0517    
18        130       39        317       294       363           3.5439      1.1114         0.4288      223.4752    0.5705      2.1358      1.0089      1.3333    
18        131       152       436       298       538           6.7369      1.0526         0.3398      288.5774    1.1613      4.3671      1.0044      1.1345    
18        132       40        371       298       813           4.6783      1.3374         0.0047      330.9669    0.6636      2.3095      1.0853      1.3333    
18        133       33        309       304       736           3.5298      1.0666         0.4651      194.6721    0.5914      2.1358      1.0459      1.2549    
18        134       172       230       314       548           7.8668      1.0954         0.7773      142.7170    1.2846      4.8056      1.0097      1.0976    
18        135       117       323       314       525           6.0262      1.0628         0.2056      147.5251    1.0062      3.7746      1.0069      1.1609    
18        136       314       415       322       826           11.0181     1.1226         -1.0328     459.6816    1.7825      6.6244      1.0163      1.0526    
18        137       90        197       323       385           5.9442      1.1249         0.3351      121.9471    0.9456      3.5095      1.0177      1.1918    
18        138       62        300       321       818           4.7199      1.1477         0.0474      243.1294    0.7562      2.7953      1.0219      1.2500    
18        139       233       168       328       677           8.8016      1.1314         0.4380      206.5217    1.4686      5.4893      1.0105      1.0923    
18        140       44        47        325       355           3.4661      1.0973         0.3485      217.4707    0.6304      2.3428      1.0163      1.3684    
18        141       227       303       333       575           8.1860      1.0168         0.7021      190.0716    1.4771      5.5401      1.0070      1.0905    
18        142       134       116       332       459           6.7910      1.0762         1.8460      160.6916    1.1370      4.2724      1.0052      1.1366    
18        143       174       102       334       506           7.3394      0.9992         0.6324      127.0890    1.3112      4.9326      1.0040      1.0955    
18        144       154       192       334       498           6.5429      1.0112         0.6070      117.6278    1.1748      4.4301      1.0016      1.1301    
18        145       34        34        330       806           3.3573      1.1485         0.4121      206.3914    0.5718      2.1358      1.0112      1.4222    
18        146       91        85        334       418           5.3780      1.1617         0.0464      203.5470    0.9303      3.4528      1.0177      1.1915    
18        147       128       251       339       516           6.8800      1.1252         0.4425      100.0725    1.1029      4.1040      1.0151      1.1280    
18        148       158       323       340       533           7.2229      1.0845         0.4012      215.4129    1.2493      4.6713      1.0101      1.1119    
18        149       151       270       347       527           7.7977      1.1346         0.3306      107.6270    1.2251      4.5244      1.0228      1.1240    
18        150       292       483       354       682           11.0882     1.2000         -0.2039     333.0402    1.6939      6.1825      1.0348      1.0953    
18        151       181       339       359       607           7.7182      1.1284         1.1447      302.5124    1.2896      4.7613      1.0230      1.1073    
18        152       133       197       361       505           6.1033      1.0169         0.9557      177.3767    1.1368      4.2724      1.0050      1.1416    
18        153       100       216       359       472           5.5662      1.0344         0.3721      106.3270    0.9774      3.6794      1.0033      1.1636    
18        154       271       134       363       674           8.6779      1.1102         0.0777      245.0024    1.4909      5.5648      1.0119      1.1033    
18        155       82        398       362       425           5.6478      1.1087         0.2328      161.0306    0.8964      3.3082      1.0235      1.1079    
18        156       237       77        375       693           10.1966     1.1958         0.4703      89.9695     1.5264      5.5770      1.0337      1.0918    
18        157       77        53        374       375           4.4761      1.0843         0.0197      206.8690    0.7977      2.9826      1.0102      1.2233    
18        158       148       393       376       515           7.8216      1.1742         0.2609      126.1212    1.2185      4.4782      1.0277      1.1315    
18        159       178       210       378       548           7.4438      1.0781         0.0590      123.5584    1.2892      4.8490      1.0042      1.1254    
18        160       159       30        382       561           7.9562      1.1397         0.8959      144.7900    1.2601      4.6713      1.0189      1.0769    
18        161       130       50        385       454           6.7314      1.1209         -0.1249     152.1030    1.0996      4.1205      1.0080      1.1321    
18        162       229       320       386       679           8.9241      1.2138         1.3914      262.6250    1.3950      5.0985      1.0334      1.1323    
18        163       204       259       388       445           8.7378      1.1795         -0.1473     153.7402    1.4057      5.1410      1.0328      1.1333    
18        164       57        160       387       393           3.6865      0.9972         0.6539      220.2819    0.6648      2.5111      1.0000      1.3235    
18        165       164       293       392       530           7.5734      1.0748         0.1657      153.6850    1.2798      4.7907      1.0090      1.1020    
18        166       182       242       396       550           7.5614      1.1134         -0.6503     259.5303    1.3135      4.9050      1.0115      1.1003    
18        167       115       344       399       495           6.6669      1.1047         1.2959      176.2921    1.0792      4.0172      1.0147      1.1287    
18        168       93        49        400       407           5.7054      1.0717         0.4424      152.9471    0.9537      3.5657      1.0102      1.1842    
18        169       153       276       402       818           6.5192      1.0521         1.4482      315.8401    1.1400      4.2888      1.0039      1.1556    
18        170       51        57        404       878           4.2082      1.1483         -0.1090     299.1327    0.7186      2.6625      1.0195      1.2048    
18        171       143       115       407       581           6.9137      1.0888         2.2984      207.7856    1.1416      4.2888      1.0054      1.1255    
18        172       103       393       406       471           6.0271      1.0693         0.3194      121.4428    0.9765      3.6614      1.0074      1.1875    
18        173       225       267       411       586           8.8843      1.1737         -0.2928     309.6706    1.4154      5.1969      1.0287      1.0914    
18        174       51        417       406       379           3.5949      1.0311         0.0317      270.5757    0.6514      2.4602      1.0000      1.3231    
18        175       86        480       420       446           4.7841      0.9983         0.5368      121.5835    0.8239      3.1121      1.0000      1.2321    
18        176       250       245       426       625           8.6023      1.0694         0.6730      121.7855    1.4867      5.5770      1.0068      1.0918    
18        177       278       37        427       730           9.2268      1.0785         0.5958      300.3072    1.6330      6.1368      1.0051      1.0769    
18        178       68        318       425       397           3.7504      1.0013         0.1694      204.9589    0.6648      2.5111      1.0000      1.3235    
18        179       160       440       430       583           7.9198      1.1540         0.0952      169.7869    1.2432      4.6074      1.0191      1.1152    
18        180       276       339       434       661           9.8842      1.1284         -0.8073     272.6010    1.6243      6.0663      1.0113      1.0722    
18        181       146       360       436       473           6.3010      0.9996         0.0600      206.6100    1.1750      4.4301      1.0018      1.1255    
18        182       93        238       438       771           5.5991      1.0808         0.3330      148.7038    0.9285      3.4528      1.0157      1.1351    
18        183       157       109       440       544           7.7252      1.1197         -0.1316     155.5046    1.2556      4.6868      1.0119      1.1191    
18        184       251       292       446       602           8.5088      1.0150         -0.2281     259.4927    1.5488      5.8481      1.0003      1.0975    
18        185       48        376       441       815           3.7132      1.0235         0.5078      242.4168    0.6583      2.4863      1.0000      1.3134    
18        186       151       43        447       542           7.6019      1.1441         1.8424      217.9304    1.2156      4.5092      1.0182      1.1206    
18        187       153       238       449       472           6.5199      1.0795         0.0955      221.7555    1.1573      4.3519      1.0044      1.1404    
18        188       86        468       447       422           6.4047      1.1769         0.2504      140.5238    0.9055      3.3511      1.0206      1.1533    
18        189       295       74        456       805           11.4856     1.2374         0.7321      159.0792    1.7219      6.2048      1.0481      1.0667    
18        190       39        281       450       717           3.6959      1.0926         -0.3495     404.2296    0.6160      2.2745      1.0230      1.2542    
18        191       68        103       458       448           7.0279      1.3217         0.8166      201.4224    0.9643      3.0503      1.1941      0.9362    
18        192       67        322       457       421           4.4667      1.1169         0.2707      208.4337    0.7742      2.8894      1.0120      1.2292    
18        193       143       471       461       511           6.8879      1.1067         -0.0494     132.8682    1.1421      4.2888      1.0058      1.1354    
18        194       119       414       462       503           5.8495      1.0167         -0.0236     161.0916    1.0299      3.8899      1.0000      1.1758    
18        195       41        253       463       373           3.4185      1.0355         0.3658      240.6800    0.6233      2.3428      1.0049      1.3000    
18        196       261       165       471       714           9.2078      1.0638         1.0545      140.1078    1.5967      5.9716      1.0099      1.0862    
18        197       165       115       475       515           7.1490      1.0453         0.4896      273.2697    1.2747      4.7907      1.0050      1.1211    
18        198       251       280       481       612           9.7804      1.1820         1.2138      229.6988    1.5567      5.6913      1.0331      1.1010    
18        199       169       432       480       536           7.6794      1.1238         0.9968      175.2444    1.2749      4.7468      1.0144      1.1317    
18        200       17        59        479       787           1.6405      0.9692         0.5962      225.8527    0.2841      1.0730      1.0000      0.9000    
18        201       189       239       488       635           7.6293      1.0817         0.5000      139.9491    1.2828      4.8056      1.0082      1.1051    
18        202       260       481       493       649           8.4810      1.0410         -0.8689     317.5910    1.5436      5.8237      1.0011      1.1034    
18        203       114       280       494       824           6.1528      1.0544         -0.0608     184.1698    1.0731      3.9990      1.0135      1.1188    
18        204       68        378       492       394           5.4063      1.2363         0.1986      184.4252    0.8429      3.0284      1.0512      1.2500    
18        205       59        89        493       425           4.5826      1.1945         -0.2382     288.0370    0.7251      2.6625      1.0286      1.2195    
18        206       53        417       496       367           3.9054      1.0712         0.2094      177.7917    0.6514      2.4602      1.0000      1.3231    
18        207       116       150       501       518           7.5865      1.2937         0.4933      312.8650    1.1154      3.8529      1.0935      1.2000    
18        208       62        267       500       361           5.5373      1.3101         0.3193      214.9089    0.8202      2.8660      1.0809      1.2889    
18        209       134       404       501       446           8.7284      1.3434         0.1494      161.1758    1.2476      4.2067      1.1201      1.1905    
18        210       82        210       501       432           5.7445      1.2121         0.2412      229.9679    0.8948      3.2155      1.0510      1.2586    
18        211       36        118       501       354           3.7000      1.1249         0.4289      209.0555    0.5897      2.1669      1.0278      1.2941    
18        212       62        364       502       385           5.7113      1.2839         0.3592      168.9364    0.8169      2.8419      1.0857      1.2667    
19        0         51        23        17        378           3.7766      1.0371         0.7688      161.6747    0.5839      2.4330      1.0043      1.3125    
19        1         130       91        19        526           7.6147      1.2091         1.5930      162.6453    1.0523      4.2067      1.0467      1.1364    
19        2         59        336       20        389           4.6420      1.0976         0.3442      181.1092    0.6845      2.7953      1.0248      1.1957    
19        3         263       254       28        703           8.5689      1.0512         0.4250      90.5037     1.3760      5.7403      1.0030      1.1017    
19        4         87        347       28        402           4.6192      1.0074         0.4245      146.6131    0.7371      3.0715      1.0042      1.2072    
19        5         128       305       29        508           6.9905      1.1300         0.8685      144.4500    1.0001      4.1205      1.0156      1.1374    
19        6         178       453       38        596           7.5519      1.0719         0.7288      119.3963    1.1812      4.9050      1.0077      1.1148    
19        7         308       37        44        693           9.7182      1.0584         0.5887      84.7208     1.5122      6.3044      1.0037      1.0664    
19        8         153       402       43        520           6.5109      1.0271         0.8254      133.4012    1.0676      4.4624      1.0011      1.1417    
19        9         285       159       47        677           10.9715     1.1953         0.9241      100.3006    1.5215      6.1368      1.0375      1.0879    
19        10        55        369       44        361           3.6579      1.0358         0.2869      183.1322    0.5942      2.4863      1.0000      1.3134    
19        11        204       312       47        607           8.6019      1.1166         2.0547      183.7614    1.2754      5.2105      1.0243      1.0817    
19        12        41        194       46        410           4.1028      1.2259         0.4339      139.3846    0.5335      2.1358      1.0452      1.3333    
19        13        142       176       56        505           7.7058      1.1303         0.5623      105.1454    1.0949      4.4464      1.0305      1.0646    
19        14        38        339       54        369           3.8936      1.1339         0.3860      177.2235    0.5450      2.1962      1.0385      1.2143    
19        15        349       375       62        835           11.1553     1.1471         0.3064      120.2782    1.6166      6.6674      1.0146      1.0828    
19        16        189       71        60        602           9.0071      1.1822         0.5724      95.1937     1.2380      5.0426      1.0274      1.1043    
19        17        110       412       60        460           5.9937      1.0604         0.6263      114.1504    0.8963      3.7170      1.0090      1.1951    
19        18        55        249       58        391           4.7184      1.1830         0.3633      152.5582    0.6623      2.7187      1.0194      1.2530    
19        19        78        28        63        430           5.2943      1.1043         0.2473      121.0774    0.7974      3.2860      1.0154      1.1969    
19        20        34        478       63        373           3.6836      1.1664         0.3082      160.3286    0.5067      2.0296      1.0447      1.4146    
19        21        54        224       69        392           5.1455      1.1726         0.3880      138.4513    0.7003      2.7187      1.0779      1.0947    
19        22        68        418       74        411           4.4507      1.1079         -0.2826     301.5539    0.7015      2.9119      1.0080      1.2371    
19        23        57        227       76        394           4.3046      1.0353         0.3469      140.6379    0.6726      2.7953      1.0069      1.1828    
19        24        58        122       76        389           3.5670      0.9887         0.3749      152.1417    0.6001      2.5111      1.0000      1.3235    
19        25        113       187       79        505           6.7934      1.1512         0.2935      110.3755    0.9610      3.9079      1.0291      1.1250    
19        26        60        340       78        408           5.6989      1.2332         0.8631      188.5572    0.7480      2.8660      1.0922      1.0841    
19        27        174       103       84        622           7.8955      1.0962         0.2932      85.7032     1.1692      4.8347      1.0119      1.0891    
19        28        217       317       84        539           8.5328      1.0673         0.1859      104.4429    1.3191      5.4893      1.0055      1.0923    
19        29        264       296       89        616           9.5678      1.0779         0.2399      85.7303     1.4475      6.0196      1.0062      1.0711    
19        30        42        212       89        397           3.6076      1.0659         0.3834      169.2006    0.5416      2.2238      1.0192      1.3462    
19        31        182       148       94        584           7.9369      1.0838         0.3548      90.2033     1.1816      4.8910      1.0110      1.0730    
19        32        149       354       92        488           6.9067      1.0626         2.6618      176.5445    1.0410      4.3365      1.0045      1.1416    
19        33        47        370       90        829           3.6488      1.0882         0.3016      232.4022    0.5690      2.3428      1.0163      1.3684    
19        34        174       482       99        572           7.7789      1.0977         0.5300      103.5791    1.1654      4.8347      1.0086      1.1111    
19        35        148       330       101       426           6.6102      1.0013         0.2684      113.9524    1.0669      4.4624      1.0005      1.1371    
19        36        121       191       101       525           6.8132      1.1762         0.6374      128.7096    0.9750      3.9629      1.0295      1.1443    
19        37        258       88        105       718           9.5728      1.1107         0.2069      79.9210     1.4112      5.8353      1.0120      1.0930    
19        38        250       224       113       691           8.9096      1.0865         0.5450      101.8967    1.3640      5.6788      1.0051      1.1014    
19        39        262       439       113       780           9.7910      1.1297         0.1200      102.9187    1.4315      5.8609      1.0220      1.0565    
19        40        262       248       120       698           9.8865      1.1245         0.5526      107.6365    1.4491      5.9716      1.0154      1.0701    
19        41        92        329       116       381           5.4661      1.1095         0.2556      153.3766    0.8544      3.5276      1.0135      1.1733    
19        42        75        316       117       379           5.3732      1.1421         0.2663      143.7489    0.7861      3.2155      1.0230      1.2066    
19        43        223       152       125       688           8.7380      1.0993         0.5061      96.1666     1.3010      5.4019      1.0078      1.0987    
19        44        72        274       125       416           4.6448      1.0314         0.2605      145.1679    0.7254      3.0284      1.0024      1.1927    
19        45        15        491       123       738           1.6396      0.9942         0.3218      330.4497    0.2564      1.0730      1.0000      0.9000    
19        46        107       24        135       387           5.8531      1.0575         0.3831      98.7060     0.8936      3.6970      1.0115      1.1758    
19        47        168       36        135       531           7.5383      1.0657         0.3398      84.2776     1.1433      4.7468      1.0079      1.0816    
19        48        99        479       139       470           5.8539      1.1151         0.4389      165.6405    0.8719      3.6052      1.0120      1.1948    
19        49        135       99        140       469           6.5330      1.0388         0.3574      111.3887    1.0374      4.3208      1.0047      1.1478    
19        50        45        412       137       367           3.5496      1.0168         0.2740      220.8654    0.5814      2.4330      1.0000      1.3125    
19        51        80        73        139       406           4.5812      0.9974         0.3483      117.4044    0.7437      3.1121      1.0000      1.2321    
19        52        65        111       138       798           4.6329      1.1521         0.3315      158.2526    0.6829      2.8190      1.0137      1.2727    
19        53        99        382       140       477           5.7648      1.0464         0.3043      131.7385    0.8770      3.6431      1.0073      1.1899    
19        54        110       297       142       492           5.8515      1.0338         0.2581      110.9771    0.9113      3.7948      1.0049      1.1657    
19        55        133       253       144       531           6.7191      1.0854         0.2370      114.0074    0.9999      4.1367      1.0115      1.1469    
19        56        151       327       146       511           7.7140      1.1267         0.2363      108.9360    1.1190      4.5908      1.0199      1.1245    
19        57        52        442       150       398           3.7293      1.0214         0.1510      201.6922    0.5942      2.4863      1.0000      1.3134    
19        58        197       129       154       560           8.4746      1.0840         0.7047      101.4360    1.2710      5.2664      1.0099      1.1105    
19        59        145       171       154       574           7.7800      1.2273         0.6249      131.2115    1.0705      4.2724      1.0485      1.1366    
19        60        78        473       155       427           4.4254      1.0038         0.1641      207.6417    0.7389      3.0921      1.0000      1.2252    
19        61        194       358       162       640           7.7352      1.0548         1.2782      186.0314    1.2015      4.9990      1.0057      1.1028    
19        62        52        490       161       390           4.6998      1.2001         0.2497      152.3775    0.6499      2.6042      1.0443      1.3151    
19        63        124       383       161       522           6.9776      1.1068         0.2419      116.1030    0.9964      4.1040      1.0159      1.1121    
19        64        184       413       165       612           8.5091      1.1156         1.8251      211.9460    1.2432      5.0282      1.0346      1.1049    
19        65        196       29        172       603           7.3994      1.0537         2.2054      159.4278    1.2034      5.0137      1.0044      1.1022    
19        66        153       58        172       537           7.7348      1.1276         0.4070      89.0204     1.1099      4.5580      1.0190      1.1136    
19        67        141       128       173       467           8.1039      1.2243         0.5279      115.0005    1.0749      4.3208      1.0409      1.1330    
19        68        23        276       170       596           2.6257      1.0741         0.5227      251.2841    0.4051      1.6655      1.0178      1.4815    
19        69        228       111       180       643           9.7823      1.2325         0.4754      96.4539     1.3442      5.3220      1.0569      1.0724    
19        70        281       275       181       776           10.9135     1.2276         0.4619      91.9219     1.4652      5.8609      1.0461      1.0635    
19        71        200       211       182       493           8.9109      1.1611         0.2148      110.0684    1.2745      5.2240      1.0209      1.1156    
19        72        337       193       188       677           9.7934      0.9979         0.5726      103.5213    1.6367      6.8230      1.0038      1.0528    
19        73        53        268       191       680           3.5597      1.0375         0.3612      207.8073    0.5942      2.4863      1.0000      1.3134    
19        74        166       417       195       552           7.4700      1.0897         0.3470      131.7226    1.1482      4.7757      1.0060      1.1142    
19        75        408       482       207       876           15.7371     1.3388         1.3974      160.3416    1.9632      7.4768      1.0987      1.0207    
19        76        129       433       214       472           6.6741      1.0993         1.9198      281.3218    1.0043      4.1205      1.0199      1.1538    
19        77        86        209       217       469           5.5543      1.0626         0.3205      127.1560    0.8312      3.4528      1.0074      1.1507    
19        78        181       90        222       561           7.7349      1.0273         0.2677      80.2330     1.2022      4.9990      1.0063      1.1062    
19        79        78        314       220       451           5.6978      1.1906         0.2274      173.9359    0.8076      3.2860      1.0284      1.1783    
19        80        149       451       223       520           6.8627      1.0414         0.9161      116.5472    1.0542      4.3968      1.0033      1.1322    
19        81        335       151       232       900           13.1467     1.2864         0.8700      107.0504    1.7275      6.7407      1.0724      1.0525    
19        82        67        254       225       357           4.3538      1.0813         0.3668      195.4871    0.7066      2.9337      1.0078      1.2449    
19        83        114       487       228       403           5.8835      1.0614         2.4470      224.9879    0.9143      3.7948      1.0082      1.2000    
19        84        111       417       228       489           6.5225      1.1483         0.2183      135.6098    0.9612      3.9444      1.0198      1.1458    
19        85        49        383       227       421           4.2238      1.0716         0.3717      157.0785    0.6174      2.5111      1.0288      1.1842    
19        86        64        361       232       404           4.6728      1.0693         0.3238      155.0198    0.6995      2.9119      1.0052      1.2371    
19        87        96        249       235       908           5.4994      1.1245         0.2910      162.9165    0.8504      3.5276      1.0088      1.2055    
19        88        34        312       234       673           3.9032      1.1787         0.7046      227.7584    0.5335      2.1358      1.0452      1.3333    
19        89        418       329       239       844           14.1361     1.2429         1.4559      222.2460    1.8985      7.4862      1.0612      1.0394    
19        90        84        238       240       379           5.9846      1.1397         0.2726      126.8398    0.8382      3.3511      1.0467      1.1206    
19        91        145       220       245       513           6.7598      1.0486         0.4662      112.4539    1.0394      4.3365      1.0030      1.1271    
19        92        72        422       243       406           4.7461      1.0519         0.2564      134.0393    0.7222      3.0058      1.0055      1.2190    
19        93        127       48        248       493           6.7538      1.1004         0.4256      92.8298     1.0106      4.1897      1.0094      1.1481    
19        94        104       180       251       494           6.6336      1.1485         0.2764      112.3718    0.9325      3.8145      1.0230      1.1638    
19        95        155       87        260       587           7.8124      1.1022         0.3443      90.4798     1.1328      4.6398      1.0217      1.0167    
19        96        44        27        263       434           3.6650      1.0274         0.3782      109.8484    0.5545      2.2499      1.0314      1.2000    
19        97        213       275       275       615           7.3179      1.0159         0.6203      195.0940    1.2322      5.1552      1.0002      1.1157    
19        98        183       245       278       512           7.6892      1.0891         1.3457      210.4372    1.1853      4.9189      1.0083      1.1032    
19        99        177       481       281       564           7.5536      1.0653         1.5295      200.0103    1.1786      4.8772      1.0112      1.0980    
19        100       64        423       279       826           4.9982      1.1042         0.4269      161.6858    0.7056      2.8894      1.0218      1.1569    
19        101       83        300       282       364           4.5496      1.0011         0.3343      159.6969    0.7437      3.1121      1.0000      1.2321    
19        102       127       407       285       478           6.6339      1.0692         0.1915      142.6568    1.0189      4.2236      1.0094      1.1403    
19        103       120       434       284       513           6.8940      1.1440         1.1088      155.4953    0.9672      3.9629      1.0213      1.1562    
19        104       281       34        293       669           10.7018     1.1901         0.2151      62.3758     1.5172      6.1712      1.0288      1.0957    
19        105       77        367       286       427           5.4871      1.1732         0.0951      186.2713    0.7940      3.2397      1.0255      1.2033    
19        106       180       238       291       530           7.4982      1.0402         0.4335      124.7896    1.1886      4.9596      1.0028      1.0978    
19        107       32        424       287       703           3.6034      1.1472         0.5575      242.8412    0.4969      2.0296      1.0244      1.3182    
19        108       265       87        297       743           8.8522      1.0365         0.5464      90.3609     1.4438      5.9957      1.0076      1.0740    
19        109       137       278       293       498           7.0609      1.1171         0.7663      128.1553    1.0239      4.2236      1.0144      1.1351    
19        110       171       296       294       481           7.4284      1.0809         2.3600      278.9783    1.1690      4.8490      1.0088      1.0957    
19        111       108       388       292       472           6.6582      1.1394         0.9497      151.3028    0.9444      3.8716      1.0207      1.1713    
19        112       329       197       297       766           10.7054     1.1170         0.5384      93.4949     1.6018      6.6244      1.0119      1.0820    
19        113       44        323       291       390           4.0601      1.1502         0.3804      164.9685    0.5582      2.2745      1.0270      1.3214    
19        114       91        141       309       463           5.6436      1.0589         0.3148      120.3319    0.8595      3.5657      1.0087      1.1688    
19        115       254       420       320       694           9.0123      1.0671         0.2603      116.7074    1.3679      5.7037      1.0036      1.1058    
19        116       129       48        318       528           7.7267      1.2196         0.5548      107.5479    1.0348      4.1723      1.0379      1.1495    
19        117       127       386       320       541           7.0619      1.1230         1.7622      176.4914    0.9938      4.0873      1.0175      1.1401    
19        118       200       71        322       519           7.8920      1.0588         0.3149      84.5545     1.2131      5.0568      1.0039      1.0970    
19        119       58        293       319       368           3.8227      0.9916         0.3634      150.7524    0.6001      2.5111      1.0000      1.3235    
19        120       240       175       325       670           8.7681      1.0897         1.1072      144.2425    1.3426      5.5770      1.0074      1.0891    
19        121       228       126       329       539           8.9197      1.1267         2.9067      174.7243    1.3042      5.3889      1.0128      1.1141    
19        122       102       109       329       387           7.1146      1.2158         0.4111      121.8354    0.9453      3.7366      1.0587      1.1716    
19        123       172       199       332       571           7.0658      1.0380         1.6327      229.9378    1.1656      4.8632      1.0029      1.1096    
19        124       93        91        330       797           5.2777      1.1099         0.2734      148.2053    0.8509      3.5276      1.0094      1.1973    
19        125       132       79        334       379           6.9868      1.0732         0.2596      92.1134     1.0278      4.2724      1.0067      1.1316    
19        126       315       256       338       733           10.7664     1.1543         1.1042      128.1449    1.5520      6.3811      1.0178      1.0726    
19        127       147       329       337       571           6.8259      1.0870         0.5270      150.9614    1.0345      4.2564      1.0171      1.1228    
19        128       247       475       338       595           9.7861      1.1303         1.4637      263.5115    1.4230      5.8237      1.0225      1.0909    
19        129       109       30        350       491           5.7155      1.0004         0.4093      97.5424     0.9124      3.8145      1.0009      1.1705    
19        130       164       487       354       449           7.7334      1.1402         1.1668      138.6573    1.1363      4.6557      1.0213      1.1504    
19        131       107       205       358       416           5.6911      1.0699         0.5092      144.2730    0.8905      3.6970      1.0079      1.1975    
19        132       203       344       359       653           8.3644      1.0886         1.6914      175.7911    1.2796      5.2944      1.0114      1.0761    
19        133       273       140       360       647           9.7775      1.1255         0.5097      109.0745    1.4523      5.9716      1.0176      1.0957    
19        134       149       409       361       437           6.6367      1.0539         0.7083      159.0152    1.0479      4.3671      1.0041      1.1250    
19        135       164       192       362       479           7.6455      1.1058         0.8880      147.2772    1.1417      4.7172      1.0128      1.1254    
19        136       81        269       364       449           5.8489      1.1793         0.6404      139.8074    0.8130      3.3082      1.0283      1.1846    
19        137       303       397       373       613           10.8317     1.1369         1.5804      356.8023    1.5815      6.5137      1.0160      1.0657    
19        138       120       87        372       528           6.7297      1.1022         0.6237      114.0206    0.9846      4.0529      1.0166      1.1262    
19        139       44        59        372       799           3.7122      1.0303         0.3369      156.0247    0.5879      2.4602      1.0000      1.3231    
19        140       125       217       374       515           6.3069      1.0247         0.2593      104.9775    1.0014      4.1723      1.0043      1.1284    
19        141       160       31        380       552           7.6050      1.1237         0.7203      119.8100    1.1264      4.6237      1.0194      1.1185    
19        142       76        172       378       406           4.7241      1.0519         0.4101      155.6565    0.7227      3.0058      1.0061      1.2549    
19        143       66        56        382       380           4.8798      1.0860         0.2753      130.7514    0.7141      2.9337      1.0186      1.1731    
19        144       162       325       383       552           7.6786      1.1353         0.5646      135.5298    1.1230      4.6237      1.0164      1.1311    
19        145       173       265       385       522           7.8284      1.1297         0.3203      105.7707    1.1367      4.6868      1.0149      1.1397    
19        146       97        376       386       471           6.0397      1.0902         0.2468      117.4909    0.8634      3.5657      1.0132      1.1538    
19        147       101       247       390       417           6.4239      1.2205         0.3068      151.7639    0.9175      3.6970      1.0385      1.1687    
19        148       148       59        398       527           8.1370      1.2027         0.3712      98.8095     1.0987      4.4301      1.0378      1.1032    
19        149       174       280       400       390           7.6030      1.0717         1.1355      166.1089    1.1716      4.8632      1.0081      1.1246    
19        150       86        34        399       446           4.6331      1.0025         0.2556      107.3134    0.7389      3.0921      1.0000      1.2252    
19        151       152       122       402       544           6.7270      1.0359         1.5929      164.5507    1.0653      4.4464      1.0026      1.1382    
19        152       76        216       404       460           4.6727      1.0290         0.3427      126.7606    0.7246      3.0284      1.0012      1.2264    
19        153       145       77        407       499           6.9607      1.0509         0.3481      98.8158     1.0462      4.3671      1.0025      1.1345    
19        154       112       275       409       354           6.9122      1.1988         0.4333      170.9968    0.9523      3.8339      1.0394      1.1556    
19        155       50        264       408       598           3.7106      1.1037         0.2574      262.9670    0.5690      2.3428      1.0163      1.3684    
19        156       271       44        423       719           9.7117      1.1012         1.2037      167.6235    1.4706      6.0898      1.0105      1.0607    
19        157       34        23        418       356           3.7594      1.1586         0.4294      169.7062    0.5229      2.1027      1.0405      1.2653    
19        158       353       248       424       834           11.6612     1.1910         1.3504      181.6369    1.6937      6.8535      1.0341      1.0473    
19        159       126       148       423       575           6.7441      1.0973         1.5934      168.2022    0.9948      4.1040      1.0143      1.1121    
19        160       195       345       432       619           9.0317      1.1854         0.1609      109.2074    1.2691      5.1692      1.0273      1.1053    
19        161       165       403       432       507           7.9421      1.1055         0.1987      121.4687    1.1685      4.7907      1.0206      1.0946    
19        162       116       364       432       476           5.7837      1.0286         0.4776      143.2016    0.9212      3.8529      1.0004      1.1798    
19        163       237       181       441       559           8.7183      1.0853         1.1987      159.9475    1.3392      5.5648      1.0070      1.1005    
19        164       282       296       443       752           9.3333      1.0497         0.3556      141.0215    1.4787      6.1368      1.0083      1.0598    
19        165       95        381       439       440           7.6394      1.3771         -0.4693     275.3991    0.9437      3.5452      1.1138      1.1946    
19        166       92        24        442       460           5.9201      1.1014         0.8414      138.6657    0.8632      3.5657      1.0130      1.1842    
19        167       169       52        444       573           8.9656      1.2285         3.4300      230.6548    1.2221      4.8347      1.0577      1.0784    
19        168       156       196       445       471           6.6738      1.0084         0.4740      116.7641    1.0664      4.4624      1.0000      1.1371    
19        169       91        142       445       447           5.9360      1.1539         0.9361      167.7741    0.8393      3.4126      1.0291      1.2331    
19        170       378       82        454       884           13.1876     1.2511         1.3415      159.5693    1.7826      7.0851      1.0528      1.0411    
19        171       105       243       447       463           6.6524      1.1730         0.4304      134.5643    0.9315      3.7948      1.0271      1.1860    
19        172       108       404       448       470           6.9251      1.2244         0.1487      152.5871    0.9349      3.7558      1.0417      1.1561    
19        173       80        161       448       424           5.8450      1.1640         0.6856      164.6659    0.8098      3.3082      1.0243      1.1667    
19        174       116       270       453       481           5.7450      1.0441         1.9203      232.6731    0.9166      3.8339      1.0004      1.1751    
19        175       79        327       456       436           5.7542      1.2829         -0.0375     228.8694    0.7849      3.1121      1.0554      1.2321    
19        176       201       362       463       596           8.3662      1.1003         1.6951      276.4900    1.2721      5.2664      1.0108      1.1105    
19        177       356       173       469       906           10.6249     1.0810         1.3756      257.8328    1.6168      6.7200      1.0068      1.0633    
19        178       190       122       473       580           8.7973      1.1516         1.1885      164.8980    1.2597      5.1692      1.0197      1.1183    
19        179       40        330       469       365           3.7210      1.1364         0.4154      235.0569    0.5427      2.2238      1.0213      1.3462    
19        180       145       64        475       581           6.6895      1.0415         0.9216      113.5695    1.0417      4.3365      1.0052      1.1466    
19        181       338       289       479       790           10.2280     1.0474         1.3792      157.4714    1.6356      6.8023      1.0061      1.0757    
19        182       169       438       478       501           7.9312      1.1559         2.6745      209.5444    1.1403      4.7021      1.0148      1.1223    
19        183       66        264       477       417           4.5618      1.1590         0.1952      249.2230    0.6870      2.8419      1.0116      1.2667    
19        184       146       224       480       570           7.9808      1.1838         0.6036      115.9329    1.0881      4.4301      1.0278      1.1301    
19        185       181       486       491       533           7.0150      1.0034         0.6468      181.5697    1.1991      4.9860      1.0064      1.1355    
19        186       93        97        491       457           5.7264      1.0817         0.2503      134.2103    0.8605      3.5452      1.0157      1.1711    
19        187       56        383       490       388           4.5974      1.1966         0.0681      227.3887    0.6615      2.6911      1.0286      1.2289    
19        188       146       450       493       513           7.9882      1.1752         0.4431      105.2469    1.0810      4.3671      1.0358      1.1392    
19        189       53        422       494       397           4.3933      1.1319         0.0152      223.1021    0.6554      2.7187      1.0087      1.2683    
20        0         62        85        18        413           7.0338      1.4476         0.6414      184.3236    0.9401      2.8660      1.2504      1.2473    
20        1         60        202       18        429           5.7131      1.2975         0.4453      142.8394    0.8035      2.7707      1.1054      1.2135    
20        2         267       247       25        700           9.3738      1.0898         0.2559      84.1567     1.5907      5.9836      1.0133      1.0720    
20        3         124       338       25        473           5.6812      1.0049         0.3500      131.1932    1.0252      3.9079      1.0000      1.1803    
20        4         187       296       26        573           8.7824      1.1948         0.7215      124.5568    1.3507      4.9860      1.0326      1.1139    
20        5         195       443       35        609           7.2561      1.0133         0.5081      112.2088    1.3359      5.0847      1.0014      1.1057    
20        6         69        325       32        395           4.7308      1.0431         0.4246      164.3086    0.7924      3.0058      1.0048      1.2190    
20        7         112       190       40        510           6.1106      1.0513         0.2930      96.1143     1.0019      3.7948      1.0063      1.1461    
20        8         158       393       40        535           7.5919      1.1227         0.9059      129.8445    1.2519      4.7172      1.0116      1.1214    
20        9         227       157       43        676           10.1925     1.2420         0.3794      104.0137    1.5021      5.4772      1.0454      1.0816    
20        10        220       304       43        630           8.5532      1.1049         0.8296      167.7316    1.4228      5.3357      1.0164      1.1074    
20        11        43        415       43        367           3.5316      1.0558         0.3619      187.9589    0.6336      2.4044      1.0045      1.3016    
20        12        47        269       46        359           3.7760      1.0645         0.3798      153.1698    0.6247      2.3428      1.0163      1.3684    
20        13        91        64        53        480           5.7941      1.1259         0.3449      116.1139    0.9059      3.4126      1.0118      1.1971    
20        14        401       367       59        876           12.4456     1.1820         0.2758      108.2110    1.9741      7.3226      1.0276      1.0601    
20        15        67        410       71        448           4.2983      1.0790         0.3264      198.6347    0.7752      2.9337      1.0071      1.1961    
20        16        70        116       72        420           4.3921      1.0606         0.3126      146.2767    0.7863      2.9826      1.0049      1.2115    
20        17        73        335       73        440           4.7095      1.0227         0.6430      164.8779    0.8030      3.0503      1.0035      1.2000    
20        18        67        183       74        447           4.7269      1.0595         0.3431      130.0903    0.7774      2.9337      1.0100      1.1961    
20        19        197       308       80        573           7.5506      1.0063         0.1980      102.2335    1.3455      5.1266      1.0004      1.1138    
20        20        112       209       87        504           6.0360      1.0482         0.2782      108.2574    1.0023      3.7948      1.0068      1.1525    
20        21        155       287       87        500           8.0683      1.1719         0.2216      103.1465    1.2157      4.5092      1.0276      1.1339    
20        22        47        361       87        359           3.7364      1.0969         0.2974      209.3984    0.6327      2.3743      1.0157      1.3793    
20        23        78        413       93        433           4.4005      1.0090         0.2203      159.4505    0.8112      3.0921      1.0000      1.2252    
20        24        110       183       96        514           6.9273      1.1918         0.3024      110.6492    1.0392      3.8339      1.0332      1.1429    
20        25        280       81        101       726           9.8181      1.1106         0.1937      75.2862     1.6084      6.0663      1.0106      1.0811    
20        26        126       322       100       488           6.3676      1.0273         0.3064      117.0998    1.0939      4.1367      1.0079      1.1415    
20        27        18        394       98        782           1.6311      0.9785         0.3818      293.7551    0.2815      1.0730      1.0000      0.9000    
20        28        86        49        103       494           6.0235      1.1552         0.3054      105.8218    0.9181      3.4329      1.0194      1.1773    
20        29        244       217       110       764           10.0374     1.1573         0.3498      94.4554     1.5696      5.8353      1.0253      1.0807    
20        30        225       430       110       694           9.9262      1.2110         0.2465      97.5050     1.4882      5.4274      1.0452      1.0479    
20        31        107       445       107       403           5.8796      1.0571         0.2711      117.9618    0.9928      3.7558      1.0076      1.1628    
20        32        44        358       106       384           3.8032      1.1213         0.3334      185.6845    0.6128      2.2745      1.0270      1.3455    
20        33        53        263       107       363           4.7542      1.1875         0.3246      161.8461    0.7184      2.6625      1.0285      1.3158    
20        34        113       238       112       367           6.5534      1.1353         0.2817      133.7723    1.0380      3.8716      1.0219      1.1713    
20        35        191       144       120       624           8.7229      1.1452         0.3229      97.4030     1.3618      5.0847      1.0209      1.1091    
20        36        182       245       121       487           7.7613      1.0609         0.3327      115.7891    1.3000      4.8910      1.0131      1.1155    
20        37        91        267       119       439           4.5173      1.0015         0.2407      134.1128    0.8165      3.1121      1.0000      1.2321    
20        38        21        51        127       832           2.6771      1.1230         0.5103      155.8154    0.4131      1.5228      1.0340      1.5238    
20        39        136       472       137       572           8.0654      1.2299         0.3896      121.5487    1.1975      4.3519      1.0488      1.1029    
20        40        126       93        135       477           6.5049      1.0671         0.2721      110.5702    1.1069      4.1897      1.0071      1.1222    
20        41        61        104       134       358           4.8070      1.1608         0.3258      145.2100    0.7415      2.7707      1.0201      1.2135    
20        42        107       371       137       490           5.7811      1.0253         0.2307      128.4483    0.9964      3.7746      1.0062      1.1543    
20        43        80        217       137       473           5.7540      1.1469         0.3036      139.0558    0.8763      3.2631      1.0236      1.1628    
20        44        123       289       138       497           6.8077      1.1035         0.2362      106.6069    1.0868      4.1040      1.0094      1.1610    
20        45        92        247       139       426           6.0486      1.1634         0.2680      133.0989    0.9234      3.4126      1.0314      1.2239    
20        46        189       321       142       598           8.6495      1.1500         0.2220      101.5304    1.3643      5.0847      1.0227      1.0991    
20        47        17        435       146       790           1.6356      0.9740         0.4074      278.0405    0.2815      1.0730      1.0000      0.9000    
20        48        107       165       149       473           7.6971      1.2925         0.3853      136.2266    1.0979      3.8716      1.0809      1.1977    
20        49        81        465       152       460           5.3248      1.1096         0.3180      171.7506    0.8902      3.3511      1.0126      1.1618    
20        50        137       351       159       593           6.5317      1.0227         0.4714      134.4111    1.1232      4.2564      1.0059      1.1228    
20        51        175       405       163       623           7.8256      1.1018         1.0450      172.1297    1.2678      4.7613      1.0150      1.0997    
20        52        213       305       176       659           8.7748      1.1046         0.3154      99.3917     1.4149      5.2664      1.0241      1.0710    
20        53        42        81        177       400           3.9174      1.1686         0.3941      135.6553    0.5843      2.1669      1.0278      1.4348    
20        54        222       104       176       690           9.6998      1.2192         0.3459      90.6261     1.4663      5.3492      1.0449      1.1038    
20        55        81        201       176       429           6.5847      1.2484         0.2846      159.1583    0.9468      3.2860      1.0982      1.0556    
20        56        164       265       179       577           7.9236      1.1371         0.2841      104.5823    1.2364      4.6074      1.0229      1.0989    
20        57        295       186       184       655           9.3265      1.0041         0.3694      103.0897    1.6738      6.3702      1.0016      1.0709    
20        58        111       48        182       540           5.6648      1.0078         0.3374      105.1589    0.9798      3.7170      1.0047      1.1598    
20        59        37        233       181       373           3.6687      1.0775         0.4006      169.3475    0.5868      2.1962      1.0185      1.2830    
20        60        30        238       184       856           3.1757      1.0327         0.4533      189.9416    0.5289      1.9950      1.0105      1.3023    
20        61        43        260       187       748           3.6954      1.0940         0.3880      187.9135    0.6162      2.3095      1.0170      1.3571    
20        62        24        284       187       776           2.6620      1.0620         0.4979      208.2145    0.4372      1.6354      1.0191      1.4615    
20        63        134       409       191       512           6.6809      1.0581         0.3324      125.2214    1.1255      4.2724      1.0041      1.1467    
20        64        152       426       211       528           7.3710      1.0947         1.1383      189.3008    1.2345      4.6237      1.0177      1.1185    
20        65        48        305       214       381           3.9137      1.1157         0.3343      188.9975    0.6206      2.3428      1.0097      1.3000    
20        66        19        40        218       840           3.3273      1.3442         0.5009      174.7249    0.4406      1.4753      1.1385      1.5000    
20        67        350       144       227       857           12.7696     1.2575         0.2899      92.2037     1.9043      6.8635      1.0575      1.0555    
20        68        140       121       221       491           7.7462      1.1655         0.4037      102.4061    1.1830      4.3821      1.0290      1.1477    
20        69        63        247       221       873           4.4077      1.1211         0.2963      188.5433    0.7583      2.8660      1.0085      1.2211    
20        70        104       409       224       512           6.6383      1.2018         0.2980      128.7601    1.0175      3.7170      1.0435      1.1598    
20        71        82        352       229       452           6.1663      1.2012         0.2635      135.8103    0.9137      3.3717      1.0329      1.2030    
20        72        492       319       234       992           17.1951     1.3457         0.6901      164.4769    2.3928      8.0255      1.1365      0.9978    
20        73        90        242       230       406           5.8590      1.1734         0.2857      142.0861    0.9160      3.3918      1.0294      1.2180    
20        74        90        213       242       435           4.6950      1.0119         0.3584      131.6256    0.8112      3.0921      1.0000      1.2252    
20        75        59        42        242       431           4.5923      1.0992         0.3374      117.4300    0.7224      2.6911      1.0232      1.2289    
20        76        93        427       246       486           5.5042      1.0274         0.3737      129.4541    0.9410      3.5452      1.0117      1.1266    
20        77        66        172       247       422           4.6245      1.0463         0.3169      136.4146    0.7774      2.9337      1.0100      1.1731    
20        78        196       79        256       682           9.0318      1.1596         0.2555      82.4096     1.3691      5.0847      1.0263      1.0958    
20        79        206       267       271       632           7.3932      1.0264         0.5777      163.9466    1.3384      5.0985      1.0006      1.1084    
20        80        182       238       274       452           7.8842      1.1125         0.7115      155.9830    1.2948      4.8772      1.0119      1.1053    
20        81        45        295       269       830           4.0016      1.0934         0.4159      171.2304    0.6320      2.3095      1.0430      1.1875    
20        82        165       473       277       555           7.2826      1.0290         0.8413      134.0402    1.2674      4.8056      1.0053      1.1088    
20        83        17        109       272       818           4.0244      1.4608         0.5982      200.1962    0.5037      1.5228      1.2608      1.3913    
20        84        99        248       279       813           6.2991      1.0792         0.2951      114.7094    0.9981      3.7170      1.0236      1.0889    
20        85        80        292       278       351           4.6739      1.0249         0.3190      143.5984    0.8058      3.0715      1.0000      1.2182    
20        86        84        399       281       420           5.2551      1.0195         0.2313      148.4756    0.9171      3.4329      1.0183      1.1448    
20        87        164       418       285       552           7.7597      1.0965         1.4909      200.9033    1.2423      4.6868      1.0103      1.1071    
20        88        24        123       280       797           2.6398      1.0100         0.4719      191.4597    0.4515      1.6926      1.0167      1.5000    
20        89        80        359       282       427           4.5682      1.0302         0.2617      174.4001    0.8112      3.0921      1.0000      1.2252    
20        90        164       230       286       470           6.7519      1.0206         0.3334      115.0976    1.1749      4.4782      1.0000      1.1406    
20        91        262       80        292       749           8.3258      1.0036         0.2823      85.4756     1.5174      5.7766      1.0012      1.0926    
20        92        155       378       288       587           6.6482      1.0465         2.8034      255.2185    1.1413      4.3365      1.0032      1.1271    
20        93        153       288       289       459           6.5650      1.0069         0.5569      156.4146    1.1790      4.4938      1.0000      1.1440    
20        94        319       190       293       739           10.6276     1.1210         0.3006      91.9868     1.7448      6.5471      1.0158      1.0802    
20        95        22        466       296       788           2.6774      1.0665         0.4153      216.6578    0.4372      1.6354      1.0191      1.5200    
20        96        99        130       305       525           8.1841      1.3413         0.2615      113.1491    1.0849      3.5657      1.1598      0.9836    
20        97        212       413       316       647           8.9039      1.1019         0.2604      118.2074    1.4306      5.4019      1.0094      1.0871    
20        98        181       66        317       501           7.8697      1.0978         0.2303      86.7475     1.2845      4.8490      1.0097      1.1141    
20        99        42        46        314       372           3.4865      1.0144         0.3740      153.3631    0.6176      2.3428      1.0049      1.3000    
20        100       326       168       322       758           9.9938      1.0290         0.4406      103.3952    1.7675      6.6989      1.0057      1.0620    
20        101       137       378       316       529           6.9751      1.0930         1.5625      155.1835    1.1066      4.1897      1.0067      1.1535    
20        102       206       120       324       608           8.9210      1.1670         0.5316      116.5848    1.3810      5.1552      1.0211      1.1224    
20        103       53        296       325       450           6.4971      1.3703         0.5372      177.0188    0.8727      2.6625      1.2493      1.0417    
20        104       87        84        324       812           5.2873      1.0874         0.2767      132.7512    0.9189      3.4528      1.0144      1.2000    
20        105       176       192       328       586           7.4384      1.0770         0.7214      151.0827    1.2874      4.8772      1.0061      1.0945    
20        106       158       74        329       381           7.6195      1.0552         0.2191      88.8503     1.2483      4.7021      1.0119      1.1183    
20        107       367       248       335       928           11.7246     1.1509         1.0492      113.8549    1.8661      6.9846      1.0184      1.0423    
20        108       86        321       333       459           6.0549      1.1550         0.5400      153.5408    0.9159      3.3511      1.0418      1.1206    
20        109       283       467       334       688           9.8859      1.0906         0.8511      297.1272    1.6210      6.1252      1.0087      1.0883    
20        110       50        315       334       378           4.6019      1.1241         0.3682      163.5641    0.7129      2.5745      1.0555      1.2051    
20        111       159       282       347       576           7.9483      1.1605         1.0913      128.0546    1.2310      4.6074      1.0184      1.1278    
20        112       56        477       351       368           4.9031      1.2463         0.7617      202.8222    0.7054      2.5111      1.0708      1.2857    
20        113       262       134       355       718           9.8554      1.1406         0.3947      101.8981    1.5636      5.8121      1.0254      1.0938    
20        114       183       336       356       587           7.3998      1.0076         0.7393      135.7568    1.3219      5.0137      1.0050      1.0954    
20        115       221       401       357       515           8.5342      1.0759         1.6298      167.0169    1.4441      5.4400      1.0118      1.1058    
20        116       158       185       358       557           7.5544      1.1217         0.3254      126.8228    1.2310      4.6237      1.0148      1.1353    
20        117       125       261       360       522           6.6842      1.0997         0.4624      115.8311    1.0961      4.1205      1.0140      1.1374    
20        118       353       389       369       604           11.1548     1.1151         0.8659      358.2154    1.7988      6.7919      1.0095      1.0759    
20        119       160       80        367       562           7.2767      1.0449         0.4700      98.2514     1.2404      4.7021      1.0055      1.1143    
20        120       72        167       375       400           4.6204      1.0242         0.3062      151.6504    0.7954      3.0284      1.0012      1.2264    
20        121       143       182       379       495           6.7476      1.0529         1.0525      142.6312    1.1436      4.3365      1.0052      1.1515    
20        122       147       318       380       538           6.7842      1.0874         0.5017      139.4255    1.1207      4.2401      1.0075      1.1598    
20        123       65        237       386       429           4.4613      1.0433         0.3382      151.9449    0.7863      2.9826      1.0049      1.2115    
20        124       113       448       389       483           5.8628      1.0354         0.2500      123.8386    1.0088      3.8339      1.0030      1.1620    
20        125       195       273       396       487           7.7485      1.0588         0.6356      140.1370    1.3255      4.9990      1.0107      1.1097    
20        126       157       115       398       565           7.3841      1.0901         2.4031      185.9592    1.2329      4.6557      1.0094      1.1168    
20        127       205       184       405       572           8.4774      1.0704         0.3263      106.5914    1.4213      5.3625      1.0102      1.1003    
20        128       102       208       401       411           5.7235      1.0637         0.2710      118.5178    0.9613      3.6244      1.0109      1.1772    
20        129       115       269       405       380           7.8214      1.2765         0.4155      152.1973    1.1124      3.9444      1.0749      1.1224    
20        130       50        257       404       649           3.7559      1.0843         0.3021      216.1034    0.6336      2.4044      1.0045      1.2812    
20        131       21        442       404       730           2.7170      1.1058         0.2260      324.4190    0.4405      1.6354      1.0267      1.6522    
20        132       231       39        417       671           8.4989      1.0498         0.7753      166.5032    1.4765      5.6021      1.0046      1.0990    
20        133       141       201       414       423           6.4993      1.0043         0.4088      121.1344    1.1548      4.3968      1.0011      1.1276    
20        134       369       240       420       871           12.3520     1.2205         0.5778      144.3424    1.9116      6.9745      1.0447      1.0315    
20        135       138       142       420       561           6.4976      1.0417         0.4443      132.3060    1.1222      4.2564      1.0050      1.1228    
20        136       62        468       418       423           5.0739      1.1628         0.3780      118.4970    0.7449      2.7452      1.0344      1.1778    
20        137       172       357       426       560           7.1792      1.0325         1.0733      152.2144    1.2780      4.8490      1.0046      1.1067    
20        138       109       338       427       555           7.3689      1.2455         0.2276      131.2577    1.0649      3.7948      1.0697      1.0909    
20        139       23        395       427       733           2.9570      1.1325         0.4346      221.4330    0.4487      1.6354      1.0457      1.4074    
20        140       56        380       430       383           4.4910      1.0499         0.2698      161.0424    0.7330      2.7187      1.0276      1.1304    
20        141       260       175       436       680           9.2590      1.0785         0.3054      122.1324    1.5926      6.0196      1.0084      1.0779    
20        142       281       289       440       749           9.2528      1.0413         0.5281      121.4259    1.6264      6.1712      1.0045      1.0696    
20        143       87        374       435       408           6.6352      1.2826         0.0599      217.6255    0.9385      3.3511      1.0675      1.1704    
20        144       171       46        438       580           8.7993      1.2060         0.7493      142.1744    1.3204      4.8202      1.0442      1.1195    
20        145       176       457       444       544           7.7153      1.0996         1.4528      159.5591    1.2926      4.8632      1.0131      1.1208    
20        146       407       77        449       856           12.9356     1.2007         0.2440      103.4857    1.9964      7.3421      1.0365      1.0481    
20        147       45        135       441       395           4.9380      1.2487         0.6059      187.6447    0.7077      2.4044      1.1220      1.1233    
20        148       108       396       443       516           7.8848      1.3071         0.2350      132.3324    1.0966      3.8899      1.0746      1.1383    
20        149       141       262       449       529           6.3406      1.0302         0.7893      172.2468    1.1445      4.3519      1.0024      1.1213    
20        150       69        419       453       437           4.7073      1.0604         0.2396      128.1625    0.7645      2.8660      1.0168      1.2083    
20        151       69        319       452       414           4.7362      1.1608         0.2374      206.6039    0.7664      2.8894      1.0110      1.2826    
20        152       223       355       459       632           8.6733      1.0764         1.1176      254.1381    1.4621      5.5401      1.0059      1.0823    
20        153       142       473       460       508           7.1142      1.0718         0.2647      79.5039     1.1344      4.3049      1.0044      1.1491    
20        154       334       166       464       848           10.6282     1.1210         0.7268      149.0823    1.7215      6.4800      1.0126      1.0722    
20        155       26        401       460       796           2.7465      1.0698         0.2451      295.9061    0.4589      1.6926      1.0333      1.5000    
20        156       194       116       469       578           7.7500      1.0466         0.4675      133.9982    1.3362      5.0708      1.0044      1.1030    
20        157       50        323       465       385           4.6842      1.2802         0.3003      218.3122    0.7045      2.5111      1.0694      1.2676    
20        158       89        59        469       493           5.9682      1.1242         0.4410      123.3529    0.9344      3.4910      1.0202      1.1467    
20        159       430       282       476       814           11.2329     1.0644         0.4702      123.0179    1.9457      7.3518      1.0088      1.0626    
20        160       74        257       472       393           5.2484      1.1903         0.2898      203.2918    0.8596      3.1908      1.0269      1.2000    
20        161       158       218       475       571           7.9543      1.1566         0.2670      102.1404    1.2229      4.5580      1.0227      1.1308    
20        162       166       430       475       493           7.9334      1.1567         1.0414      295.9474    1.2379      4.6237      1.0205      1.1571    
20        163       26        234       478       356           5.1908      1.4564         0.4748      194.6006    0.6621      1.8346      1.3756      1.0909    
20        164       125       93        486       495           5.9488      1.0148         0.2399      114.7081    1.0252      3.9079      1.0000      1.1803    
20        165       102       476       488       456           6.4745      1.2017         0.2719      151.7981    1.0261      3.6794      1.0630      1.2229    
20        166       46        376       485       838           3.6849      1.1004         0.3012      224.4311    0.6247      2.3428      1.0163      1.3684    
20        167       152       440       490       497           6.5368      1.0427         0.8832      137.9915    1.1438      4.3365      1.0054      1.1515    
20        168       39        414       491       351           3.6829      1.1121         0.2438      234.1799    0.5953      2.2499      1.0085      1.3333    
20        169       66        363       493       378           6.0876      1.3031         0.2667      157.7770    0.8353      2.9119      1.0934      1.2903    
20        170       54        152       493       376           5.7695      1.3425         0.5453      210.6836    0.7917      2.6911      1.1214      1.3600    
20        171       28        454       494       737           3.5826      1.2607         0.4247      237.5833    0.5270      1.8744      1.0717      1.5152    
21        0         136       96        14        564           7.5997      1.2251         0.3932      115.8520    1.0093      4.1547      1.0499      1.1455    
21        1         221       259       17        628           8.8761      1.0968         0.2744      80.4760     1.2782      5.4649      1.0109      1.0876    
21        2         110       408       13        508           7.5981      1.2946         0.3658      137.1260    0.9698      3.8339      1.0933      1.1954    
21        3         43        219       14        411           3.7969      1.0810         0.4844      142.9849    0.5339      2.2745      1.0145      1.2759    
21        4         100       352       17        450           5.7500      1.0672         0.3126      127.1813    0.8601      3.6794      1.0104      1.1779    
21        5         153       308       19        535           7.7868      1.1358         0.3655      106.5448    1.0934      4.5908      1.0294      1.1203    
21        6         294       457       32        741           9.1997      1.0105         0.3183      72.1355     1.4425      6.2048      1.0048      1.0772    
21        7         288       175       37        745           10.3239     1.1072         0.2519      74.6542     1.4885      6.3155      1.0186      1.0662    
21        8         205       318       40        609           8.9522      1.1573         0.5125      109.9477    1.2271      5.1692      1.0260      1.0893    
21        9         182       418       47        592           7.0211      0.9933         0.3861      113.4831    1.1689      5.0426      1.0019      1.1009    
21        10        64        385       53        390           4.5932      1.0651         0.2971      142.7608    0.6592      2.8190      1.0108      1.2174    
21        11        106       394       55        424           5.8486      1.0519         0.4241      136.7741    0.8794      3.7746      1.0069      1.1676    
21        12        23        294       65        801           2.8188      1.1241         0.5409      191.8425    0.3808      1.6021      1.0274      1.5652    
21        13        63        448       77        407           4.5991      1.0864         0.2910      137.5023    0.6816      2.9119      1.0117      1.2371    
21        14        140       223       82        536           8.2652      1.2397         0.2325      95.4618     1.0406      4.2564      1.0567      1.1327    
21        15        121       426       86        497           5.8659      1.0385         0.2368      114.6114    0.9010      3.8899      1.0011      1.1758    
21        16        284       96        96        824           9.9423      1.1065         0.1727      66.8077     1.4272      6.1017      1.0109      1.0648    
21        17        92        345       94        457           5.6942      1.0430         0.2680      118.5762    0.8395      3.5657      1.0176      1.1465    
21        18        165       371       98        555           7.1898      0.9956         0.2240      95.3713     1.1214      4.8202      1.0055      1.1007    
21        19        46        131       100       373           5.0568      1.2425         0.4229      144.8853    0.6402      2.4863      1.1130      1.0602    
21        20        95        183       100       488           6.5973      1.1771         0.2940      111.3718    0.8720      3.6244      1.0399      1.1341    
21        21        69        481       100       443           4.6746      1.0198         0.2711      110.6972    0.6935      2.9826      1.0049      1.1887    
21        22        168       139       108       544           6.8237      1.0219         0.2338      88.7076     1.0402      4.4938      1.0005      1.1440    
21        23        120       228       106       521           6.7026      1.1006         0.2584      105.4498    0.9436      4.0172      1.0152      1.1287    
21        24        198       256       108       639           7.6798      1.0025         0.1996      89.5534     1.1776      5.0568      1.0065      1.0937    
21        25        27        187       106       830           3.8114      1.0843         0.5147      157.7055    0.5299      1.9177      1.1943      1.0196    
21        26        132       297       109       470           6.8337      1.0986         0.2311      100.4804    0.9741      4.1723      1.0091      1.1336    
21        27        69        459       108       864           4.3724      1.0155         0.2493      143.4861    0.7019      3.0284      1.0018      1.2037    
21        28        102       283       113       456           5.5603      1.0451         0.2564      120.4415    0.8459      3.6244      1.0088      1.1553    
21        29        136       463       118       507           6.9414      1.1084         0.2843      104.1725    0.9787      4.1897      1.0096      1.1171    
21        30        360       45        124       793           10.6147     1.1005         0.2068      61.9996     1.5907      6.8230      1.0076      1.0769    
21        31        63        386       129       389           6.8530      1.3197         0.2846      129.0712    0.8265      2.9119      1.2268      0.9375    
21        32        123       110       132       601           6.9466      1.1273         0.2508      90.8554     0.9491      3.9811      1.0304      1.0718    
21        33        434       338       135       900           13.6573     1.1993         0.2301      71.7176     1.8117      7.5416      1.0383      1.0374    
21        34        60        361       134       361           4.4200      1.0891         0.3141      174.5020    0.6653      2.8419      1.0119      1.2128    
21        35        111       393       137       444           5.6268      1.0467         0.2635      141.1891    0.8727      3.7558      1.0043      1.1561    
21        36        79        178       140       486           5.8171      1.2050         0.2984      127.1161    0.7558      3.1121      1.0496      1.1795    
21        37        56        447       141       393           3.6783      1.0043         0.2071      179.5743    0.5810      2.5111      1.0000      1.3235    
21        38        162       156       148       607           7.6326      1.0897         0.2169      88.0272     1.0948      4.6557      1.0163      1.0968    
21        39        246       475       148       560           9.2994      1.0767         0.4556      140.4706    1.3581      5.7403      1.0226      1.0737    
21        40        198       381       150       584           9.0884      1.1818         0.2341      97.4128     1.2185      5.1266      1.0273      1.1071    
21        41        141       292       150       559           7.6514      1.2265         0.2341      108.9159    1.0145      4.2236      1.0382      1.1507    
21        42        217       463       158       479           7.7454      1.0234         0.3245      106.1686    1.1944      5.1552      1.0014      1.1091    
21        43        195       39        163       567           8.6254      1.1321         0.4034      76.6977     1.2195      5.1831      1.0169      1.1209    
21        44        395       322       168       870           13.8616     1.2449         0.2986      71.5180     1.7774      7.3028      1.0519      1.0741    
21        45        77        348       162       421           5.7799      1.1622         0.2777      135.2430    0.7781      3.2631      1.0306      1.2000    
21        46        721       212       176       1467          19.5167     1.2528         0.2909      83.2803     2.4984      10.0443     1.0751      0.9814    
21        47        55        280       173       387           4.9154      1.1776         0.3556      144.2310    0.6481      2.6911      1.0409      1.2289    
21        48        98        62        178       501           5.7118      1.0467         0.2728      97.8245     0.8456      3.6052      1.0138      1.1084    
21        49        113       465       180       484           6.0594      1.0934         0.5344      122.9430    0.8673      3.7170      1.0085      1.1667    
21        50        237       390       185       677           8.8197      1.0744         0.5835      114.2380    1.3176      5.6534      1.0073      1.0839    
21        51        238       173       184       636           8.6661      1.0848         0.2330      93.9086     1.2961      5.5525      1.0089      1.0982    
21        52        271       487       200       718           11.1047     1.2125         0.3719      104.7217    1.4433      5.9352      1.0511      1.0826    
21        53        305       298       200       717           10.5816     1.0799         0.2090      73.3766     1.5286      6.4913      1.0178      1.0475    
21        54        158       427       201       598           8.0145      1.1846         0.3998      118.2517    1.0853      4.5413      1.0329      1.0936    
21        55        228       115       204       594           8.3783      1.0337         0.2343      79.2879     1.3097      5.6406      1.0036      1.1029    
21        56        119       446       204       488           5.8957      1.0362         0.7081      128.8863    0.8901      3.8339      1.0034      1.1685    
21        57        56        322       202       390           4.6483      1.1624         0.3050      168.6556    0.6506      2.7452      1.0243      1.2619    
21        58        304       60        213       810           9.4944      1.0771         0.2442      64.3924     1.4281      6.0778      1.0155      1.0653    
21        59        466       157       222       982           13.9351     1.1849         0.2007      63.7689     1.9046      7.9899      1.0303      1.0464    
21        60        346       352       229       743           10.5845     1.0674         0.3639      111.3307    1.5868      6.8230      1.0052      1.0699    
21        61        58        97        229       408           4.8623      1.1110         0.3459      112.8951    0.6582      2.7953      1.0178      1.1340    
21        62        212       457       234       651           8.9114      1.1395         0.3026      141.5783    1.2450      5.2944      1.0164      1.0909    
21        63        93        115       233       501           6.9713      1.2412         0.2957      96.4836     0.8727      3.5657      1.0578      1.1538    
21        64        92        225       237       456           5.7063      1.0555         0.2949      114.9202    0.8324      3.5276      1.0199      1.1139    
21        65        26        442       239       786           3.9694      1.2935         0.4678      182.9943    0.4729      1.8346      1.1140      1.2973    
21        66        108       404       243       492           5.8975      1.0225         0.2646      106.4814    0.8794      3.7948      1.0016      1.1657    
21        67        81        21        246       421           5.8315      1.1812         0.3281      90.3923     0.7927      3.3082      1.0357      1.2222    
21        68        56        92        247       361           4.6767      1.0720         0.3206      116.5275    0.6498      2.7707      1.0137      1.2000    
21        69        100       83        248       402           6.3297      1.1584         0.2679      105.5094    0.8937      3.7366      1.0338      1.1647    
21        70        248       321       252       655           8.8141      1.0964         0.3612      132.9341    1.2996      5.5770      1.0072      1.1111    
21        71        203       448       261       595           7.6372      1.0017         0.7623      132.3916    1.2026      5.1969      1.0002      1.1072    
21        72        206       387       262       571           8.7107      1.1671         0.3797      124.2457    1.2138      5.1266      1.0233      1.1104    
21        73        122       404       263       375           6.6104      1.0671         0.2476      113.6174    0.9652      4.1367      1.0085      1.1362    
21        74        318       216       269       711           9.2146      1.0279         0.4026      120.6512    1.4846      6.4025      1.0022      1.0801    
21        75        162       363       268       507           7.8862      1.1316         0.2711      103.5493    1.1041      4.7021      1.0148      1.0909    
21        76        59        353       266       833           5.0062      1.1347         0.3318      125.7048    0.6671      2.7953      1.0314      1.1828    
21        77        237       189       272       608           8.6404      1.0680         0.1717      85.1501     1.3035      5.6021      1.0056      1.1045    
21        78        99        78        270       475           5.9213      1.0604         0.2599      90.8294     0.8459      3.6244      1.0088      1.1772    
21        79        169       414       275       495           7.7066      1.0762         0.2036      98.7119     1.1129      4.7757      1.0072      1.1181    
21        80        140       142       276       530           6.2270      1.0926         0.2441      122.8870    0.9907      4.2401      1.0099      1.1493    
21        81        30        295       276       852           3.0138      1.1078         0.4644      169.1192    0.4098      1.7443      1.0154      1.5172    
21        82        148       245       286       542           7.7753      1.1334         0.2503      97.8883     1.0689      4.5244      1.0211      1.1197    
21        83        181       481       293       595           7.4148      1.0110         0.2353      90.5381     1.1616      5.0137      1.0013      1.0988    
21        84        58        320       291       368           4.5457      1.1363         0.3118      170.5017    0.6549      2.7953      1.0126      1.2222    
21        85        180       405       298       625           7.8700      1.1087         1.1149      134.2456    1.1375      4.8632      1.0109      1.0987    
21        86        52        314       298       865           3.7142      1.0259         0.3376      166.3338    0.5753      2.4863      1.0000      1.3134    
21        87        47        381       305       401           4.3715      1.0937         0.3482      153.6552    0.6158      2.5111      1.0599      1.1538    
21        88        70        331       308       443           4.6791      1.0613         0.3371      142.6281    0.6897      2.9585      1.0076      1.2039    
21        89        345       181       320       889           11.2418     1.1069         0.2759      77.7987     1.6162      6.8127      1.0254      1.0380    
21        90        286       131       317       710           9.4873      1.0580         0.3471      84.4433     1.4434      6.2159      1.0036      1.0855    
21        91        138       424       323       534           6.8243      1.0361         0.2960      110.7869    1.0109      4.3519      1.0039      1.1308    
21        92        39        208       321       396           3.7504      1.0847         0.4134      165.7588    0.5284      2.2499      1.0151      1.2857    
21        93        20        222       322       760           1.6181      0.9665         0.5255      218.3587    0.2483      1.0730      1.0000      0.9000    
21        94        302       483       330       734           9.6773      1.0550         0.2144      96.4701     1.4714      6.3375      1.0034      1.0697    
21        95        148       76        328       599           7.1054      1.0970         0.2254      88.4909     1.0570      4.4464      1.0275      1.0980    
21        96        344       258       332       772           10.6598     1.0944         0.4056      77.2836     1.5579      6.6780      1.0083      1.0806    
21        97        156       398       331       618           8.0891      1.1805         0.2006      100.1196    1.0853      4.5580      1.0291      1.1179    
21        98        131       361       343       605           10.7430     1.4534         0.2151      107.9089    1.2304      4.2067      1.2642      1.0040    
21        99        96        152       347       510           5.6327      1.0398         0.3253      117.0663    0.8305      3.5657      1.0067      1.1538    
21        100       331       315       354       867           10.7643     1.1512         0.4805      159.7576    1.5228      6.4341      1.0229      1.0693    
21        101       172       200       353       600           7.6967      1.0887         0.2512      98.8632     1.1238      4.7907      1.0139      1.0872    
21        102       255       61        359       689           9.6847      1.1074         0.1893      68.3547     1.3915      5.9596      1.0091      1.0842    
21        103       362       402       365       764           10.4233     1.0455         0.2467      117.0806    1.6283      7.0144      1.0033      1.0561    
21        104       52        93        364       418           4.2722      1.0536         0.3478      131.5932    0.6320      2.6625      1.0259      1.1765    
21        105       52        466       368       398           4.4945      1.1700         0.3639      203.4944    0.6286      2.6625      1.0204      1.2500    
21        106       136       180       372       516           6.9217      1.0800         0.2493      102.8761    0.9906      4.2401      1.0097      1.1390    
21        107       44        269       374       427           4.0999      1.0235         0.3973      141.2735    0.5958      2.4602      1.0467      1.1781    
21        108       162       430       378       585           6.6599      1.0410         0.2953      117.8224    1.0235      4.4136      1.0023      1.1405    
21        109       161       311       387       555           7.6202      1.0576         0.2222      94.3044     1.0956      4.7021      1.0070      1.1025    
21        110       61        193       386       664           4.6338      1.1435         0.3099      169.7370    0.6595      2.8190      1.0112      1.2584    
21        111       134       209       388       413           8.0055      1.2363         0.3950      124.5464    1.0257      4.2401      1.0456      1.1339    
21        112       82        320       390       381           6.0746      1.1578         0.2649      116.4683    0.7906      3.3082      1.0329      1.1493    
21        113       58        44        390       368           4.7574      1.1268         0.3188      121.0470    0.6498      2.7707      1.0137      1.2414    
21        114       27        130       394       450           6.0573      1.5822         0.5981      175.8773    0.6499      1.9177      1.4648      1.2683    
21        115       207       200       399       369           7.5016      1.0151         1.3612      151.4402    1.1970      5.1692      1.0008      1.1085    
21        116       170       31        400       516           7.5942      1.0501         0.1990      75.7715     1.1255      4.8347      1.0061      1.1149    
21        117       224       82        401       650           9.7311      1.1842         0.2837      87.6071     1.3374      5.5891      1.0342      1.0807    
21        118       193       380       401       657           8.7738      1.2156         0.3881      141.2444    1.2017      5.0137      1.0360      1.0887    
21        119       136       437       405       495           6.6691      1.0562         0.4963      114.1652    0.9933      4.2564      1.0086      1.1327    
21        120       151       215       411       498           7.5922      1.1216         0.5896      120.3270    1.0714      4.5413      1.0197      1.1188    
21        121       190       259       412       498           7.8128      1.0988         0.2309      102.1555    1.1246      4.8347      1.0053      1.1186    
21        122       299       48        418       752           11.2579     1.1734         0.4091      80.9262     1.5040      6.3375      1.0257      1.0697    
21        123       189       155       415       643           7.3043      1.0019         1.5660      128.9017    1.1588      4.9990      1.0019      1.1028    
21        124       106       482       418       460           6.9630      1.1591         0.2310      95.8134     0.9062      3.8145      1.0267      1.1771    
21        125       217       247       422       545           8.0415      1.0713         0.4046      118.9345    1.2508      5.3625      1.0081      1.1033    
21        126       291       443       425       758           10.9883     1.1797         0.1503      92.8393     1.4791      6.2268      1.0266      1.0498    
21        127       114       371       423       477           5.8982      1.0228         0.3547      120.2568    0.8924      3.8529      1.0011      1.1667    
21        128       329       190       432       700           10.2840     1.0518         0.3560      111.5266    1.5818      6.8127      1.0035      1.0754    
21        129       79        354       426       410           5.5409      1.1648         0.2017      169.4214    0.7789      3.2860      1.0245      1.2160    
21        130       206       472       439       593           8.4788      1.1033         0.8811      138.6272    1.2453      5.3083      1.0139      1.0728    
21        131       58        487       435       382           4.4375      1.0453         0.3772      121.9041    0.6519      2.7953      1.0080      1.2222    
21        132       401       91        446       817           12.9242     1.1574         0.2153      67.8721     1.7577      7.3324      1.0361      1.0298    
21        133       164       341       443       608           7.7965      1.1614         0.2954      117.3313    1.0776      4.5413      1.0256      1.1061    
21        134       125       260       443       467           6.7292      1.1413         0.3569      118.5257    0.9444      3.9990      1.0207      1.1649    
21        135       89        275       444       484           6.9081      1.2606         0.3502      126.7823    0.8641      3.4910      1.0697      1.1316    
21        136       175       212       455       668           7.5494      1.1028         0.4195      110.4374    1.0942      4.6713      1.0124      1.1000    
21        137       100       70        457       456           6.0437      1.1088         0.2444      106.5621    0.8423      3.5657      1.0210      1.1538    
21        138       290       180       462       766           10.6862     1.1501         0.3950      93.2988     1.4760      6.2485      1.0209      1.0718    
21        139       92        304       463       368           5.7355      1.0801         0.2602      135.2478    0.8257      3.5095      1.0168      1.1447    
21        140       391       295       474       804           12.2966     1.1727         0.1959      92.0136     1.7333      7.2732      1.0300      1.0360    
21        141       198       141       474       622           9.0397      1.2020         0.4287      127.0202    1.2117      5.0708      1.0327      1.1064    
21        142       95        395       471       459           5.7098      1.1190         0.2232      132.8877    0.8064      3.4528      1.0095      1.2000    
21        143       186       121       477       500           7.6294      1.0352         0.1991      100.4210    1.1672      5.0282      1.0033      1.0948    
21        144       56        86        484       435           4.7901      1.1295         0.3894      127.7965    0.6493      2.7452      1.0223      1.1778    
21        145       129       384       486       507           6.8257      1.1153         0.5270      127.8122    0.9683      4.1367      1.0116      1.1579    
21        146       88        108       485       361           5.6045      1.1601         0.2178      146.7046    0.8059      3.3918      1.0270      1.2273    
21        147       67        187       493       419           4.7023      1.0624         0.3124      139.8229    0.6841      2.9337      1.0078      1.2323    
21        148       57        275       493       383           4.6897      1.1931         0.3390      154.9688    0.6414      2.6625      1.0413      1.3158    
21        149       48        122       496       387           3.7820      1.0393         0.4401      156.6309    0.5588      2.4044      1.0045      1.2812    
21        150       25        308       496       351           3.5229      1.2099         0.4736      199.6837    0.4529      1.8346      1.0670      1.4118    
22        0         45        89        15        379           4.7894      1.2500         0.4757      151.4432    0.5965      2.4330      1.0664      1.2923    
22        1         105       343       17        467           5.8480      1.0760         0.3140      130.3062    0.8547      3.6794      1.0104      1.1852    
22        2         92        301       20        455           5.9679      1.1270         0.3566      130.1795    0.8141      3.4910      1.0143      1.1944    
22        3         253       450       34        724           8.4555      1.0215         0.2972      84.6755     1.3183      5.7282      1.0010      1.0995    
22        4         40        80        30        838           3.7730      1.0350         0.3842      139.5382    0.5474      2.3428      1.0163      1.2381    
22        5         232       166       39        684           8.8993      1.0712         0.2730      82.7184     1.2870      5.5648      1.0059      1.1033    
22        6         205       411       48        618           8.2208      1.0922         0.4668      117.5345    1.2325      5.2944      1.0125      1.0879    
22        7         136       328       53        585           7.9454      1.1959         0.2760      111.3996    1.0321      4.3208      1.0390      1.0820    
22        8         218       381       68        635           8.5220      1.0673         0.4505      118.3060    1.2656      5.4649      1.0073      1.1047    
22        9         172       125       67        601           7.6502      1.1044         0.2831      93.2675     1.1133      4.7757      1.0139      1.1142    
22        10        29        160       66        363           3.4828      1.0709         0.4702      156.2345    0.4888      1.9950      1.0658      1.2174    
22        11        72        241       72        436           4.8045      1.0618         0.3538      131.5239    0.6871      2.9585      1.0102      1.2157    
22        12        24        477       72        364           3.9924      1.2810         0.4124      156.0020    0.4889      1.6926      1.2564      1.1667    
22        13        95        324       79        511           6.6083      1.1693         0.2658      127.4648    0.8641      3.6052      1.0425      1.0636    
22        14        130       213       82        499           7.8917      1.1990         0.2436      102.8914    1.0100      4.2401      1.0361      1.1545    
22        15        87        410       93        515           5.5747      1.0480         0.2668      117.5738    0.7979      3.4329      1.0110      1.1067    
22        16        192       337       96        645           10.4912     1.3238         0.2199      96.9789     1.2538      4.9596      1.0996      1.0675    
22        17        150       82        96        556           9.0633      1.2777         0.2316      91.7750     1.1213      4.5580      1.0700      1.1053    
22        18        60        229       94        451           6.0221      1.2420         0.3499      134.8965    0.7266      2.8660      1.1026      1.0545    
22        19        59        396       96        364           4.5097      1.1036         0.2920      161.8316    0.6535      2.8190      1.0083      1.2727    
22        20        164       124       100       520           7.7823      1.1661         0.3762      101.8893    1.0632      4.5092      1.0255      1.1294    
22        21        181       175       103       686           7.5428      1.0631         0.2749      95.7155     1.1326      4.8910      1.0072      1.1082    
22        22        21        486       103       352           2.5941      1.0197         0.4189      163.2067    0.3778      1.5228      1.0791      1.3333    
22        23        81        449       108       364           4.6673      1.0198         0.2615      140.2447    0.7109      3.0921      1.0000      1.2252    
22        24        145       130       111       482           8.1339      1.2239         0.2410      97.5037     1.0372      4.3208      1.0441      1.1379    
22        25        59        270       109       803           4.5640      1.0285         0.3271      140.7683    0.6565      2.7187      1.0504      1.1183    
22        26        127       276       115       456           6.6787      1.0867         0.2165      111.8687    0.9481      4.0529      1.0175      1.1154    
22        27        153       262       117       462           6.7155      1.0227         0.2830      113.3161    1.0213      4.4301      1.0028      1.1347    
22        28        137       419       118       504           6.7438      1.0650         0.2715      110.0410    0.9895      4.2564      1.0111      1.1429    
22        29        159       455       119       491           7.9585      1.1434         0.3979      123.7904    1.1005      4.7172      1.0147      1.1135    
22        30        92        396       116       457           5.9423      1.1165         0.2791      123.3167    0.8119      3.4910      1.0115      1.1944    
22        31        364       35        126       834           10.4739     1.0541         0.2571      60.2188     1.5997      6.9342      1.0035      1.0777    
22        32        361       331       134       745           11.6808     1.1295         0.2527      83.4334     1.6381      7.0045      1.0172      1.0579    
22        33        94        443       132       430           5.7121      1.0611         0.5585      140.8429    0.8351      3.6052      1.0076      1.1646    
22        34        75        423       133       410           4.6453      1.0232         0.2684      141.1402    0.7013      3.0503      1.0000      1.2110    
22        35        109       384       136       493           5.8538      1.0551         0.2197      126.8777    0.8706      3.7746      1.0033      1.1744    
22        36        136       111       136       520           7.6636      1.2181         0.2347      103.3677    1.0253      4.2724      1.0438      1.1570    
22        37        57        166       141       391           3.7401      0.9949         0.3307      150.4317    0.5773      2.5111      1.0000      1.3235    
22        38        227       469       150       507           9.1424      1.0974         1.0948      219.0494    1.2806      5.5022      1.0123      1.0918    
22        39        197       282       151       629           7.8231      1.0451         0.2004      91.5055     1.1574      5.0137      1.0041      1.1022    
22        40        149       370       150       510           7.9640      1.1620         0.2507      112.0625    1.0609      4.4938      1.0268      1.1128    
22        41        65        72        154       395           4.8727      1.1190         0.3188      116.3185    0.6570      2.8190      1.0137      1.2584    
22        42        249       454       161       536           9.8439      1.1156         0.9338      169.4559    1.3730      5.8735      1.0168      1.0869    
22        43        31        395       159       855           2.7007      0.9836         0.4688      201.7376    0.4119      1.7914      1.0000      1.5333    
22        44        129       342       163       537           6.8453      1.1018         0.2457      116.2179    0.9525      4.1040      1.0095      1.1553    
22        45        201       317       171       717           8.7988      1.1251         0.2764      95.5812     1.2028      5.0847      1.0289      1.0083    
22        46        304       209       174       820           9.6941      1.0201         0.6854      259.0322    1.4557      6.3155      1.0026      1.0682    
22        47        136       117       174       536           6.9129      1.0515         0.2291      93.0479     0.9943      4.3049      1.0046      1.1245    
22        48        54        272       174       355           3.8491      1.0316         0.3467      142.6142    0.5630      2.4044      1.0184      1.2615    
22        49        137       458       180       519           6.8112      1.0757         0.4515      118.8362    0.9801      4.2401      1.0055      1.1140    
22        50        56        244       178       818           3.6902      0.9889         0.3453      157.6304    0.5773      2.5111      1.0000      1.3235    
22        51        132       287       179       464           6.9711      1.0939         0.2454      105.4277    0.9667      4.1723      1.0078      1.1495    
22        52        35        42        180       793           4.0172      1.1467         0.3978      130.2895    0.5231      2.1358      1.0652      1.2075    
22        53        150       233       182       487           7.5472      1.1408         0.1862      122.5450    1.0683      4.5580      1.0194      1.1179    
22        54        260       382       185       647           9.4617      1.0822         0.5948      145.8040    1.3667      5.8609      1.0143      1.0728    
22        55        153       54        182       509           7.7497      1.1748         0.3323      94.9475     1.0661      4.4938      1.0319      1.1304    
22        56        64        78        182       424           4.7176      1.0804         0.3128      113.9318    0.6586      2.8419      1.0080      1.2258    
22        57        261       164       186       768           9.3975      1.0894         0.2631      91.9790     1.3698      5.8860      1.0122      1.0722    
22        58        32        273       182       740           3.3118      1.0486         0.4173      177.2875    0.4937      2.1027      1.0212      1.3191    
22        59        226       481       199       736           9.4603      1.0736         0.3105      105.3960    1.3410      5.5525      1.0505      0.9954    
22        60        148       372       195       425           7.8089      1.1390         0.2516      111.6441    1.0530      4.4938      1.0192      1.1260    
22        61        186       420       201       618           7.9805      1.0941         0.5519      107.1228    1.1323      4.8772      1.0098      1.0909    
22        62        87        232       201       552           7.3495      1.3039         0.2883      125.1320    0.8640      3.4126      1.1012      1.0649    
22        63        156       294       203       645           7.8455      1.1228         0.2789      104.0481    1.0900      4.6557      1.0184      1.0662    
22        64        106       269       202       492           6.5399      1.1341         0.2478      116.1195    0.8944      3.8145      1.0199      1.1573    
22        65        263       106       206       709           8.4673      1.0448         0.2978      84.3929     1.3205      5.7282      1.0027      1.0918    
22        66        121       438       206       486           6.5475      1.0652         0.3184      117.0060    0.9555      4.1205      1.0086      1.1321    
22        67        104       47        213       466           5.7836      1.0428         0.2731      95.5712     0.8567      3.6970      1.0079      1.1829    
22        68        196       323       218       555           9.0093      1.1312         0.2916      104.7001    1.2322      5.2524      1.0204      1.0685    
22        69        345       344       230       722           10.5352     1.0570         0.7240      144.5108    1.5776      6.8434      1.0027      1.0782    
22        70        31        420       225       370           2.8148      1.0592         0.3796      200.2331    0.4119      1.7914      1.0000      1.5333    
22        71        169       449       235       530           7.9045      1.1223         0.5135      122.5266    1.1131      4.7757      1.0137      1.1142    
22        72        102       395       239       520           6.9926      1.2296         0.2619      119.0543    0.8919      3.6794      1.0544      1.1228    
22        73        262       296       247       615           9.3613      1.0596         0.2388      92.4915     1.3933      6.0077      1.0087      1.0625    
22        74        156       464       249       521           7.8008      1.1550         0.3789      119.3977    1.0643      4.5413      1.0194      1.1318    
22        75        88        70        250       469           4.6913      1.0211         0.2654      105.7189    0.7109      3.0921      1.0000      1.2252    
22        76        224       312       254       497           8.9612      1.1113         0.3605      110.8196    1.2719      5.4649      1.0123      1.1076    
22        77        202       379       264       616           7.5014      1.0470         0.8305      137.8927    1.1541      4.9990      1.0042      1.1203    
22        78        47        439       261       403           4.5287      1.1522         0.4580      185.5630    0.6013      2.5111      1.0416      1.2162    
22        79        64        337       263       399           4.5070      1.0621         0.3131      138.3664    0.6591      2.8419      1.0087      1.2128    
22        80        62        397       265       388           4.8396      1.0821         0.3003      142.3183    0.6794      2.9119      1.0149      1.2121    
22        81        312       207       271       685           9.2483      1.0230         0.5963      126.5673    1.4756      6.4025      1.0025      1.0861    
22        82        208       354       270       615           8.6033      1.0903         0.2970      94.8138     1.2347      5.3220      1.0091      1.0989    
22        83        231       179       274       598           8.5766      1.0752         0.1981      92.1612     1.2813      5.5401      1.0060      1.1015    
22        84        194       289       273       589           9.1400      1.2128         0.8185      116.7299    1.1989      5.0137      1.0401      1.1056    
22        85        103       247       273       416           5.8922      1.0594         0.2962      121.3024    0.8573      3.6794      1.0135      1.1707    
22        86        162       131       277       558           7.2697      1.0655         0.2103      97.4710     1.1067      4.7757      1.0079      1.0990    
22        87        103       407       276       499           6.9594      1.2009         0.2618      122.1901    0.8998      3.7170      1.0530      1.0829    
22        88        118       240       287       486           6.9601      1.1230         0.2613      111.1963    0.9480      4.0352      1.0219      1.1111    
22        89        218       196       293       603           9.9391      1.1900         0.2385      89.5877     1.2988      5.4400      1.0384      1.0885    
22        90        15        339       290       759           2.7899      1.2458         0.5590      213.4776    0.3353      1.3582      1.0737      1.6250    
22        91        83        312       293       395           4.6086      0.9905         0.2784      134.6476    0.7155      3.1121      1.0000      1.2321    
22        92        125       101       296       518           7.7811      1.2341         0.2615      104.2853    1.0057      4.1897      1.0440      1.1121    
22        93        58        323       294       358           4.9708      1.1912         0.3186      152.3334    0.6458      2.6625      1.0550      1.2346    
22        94        115       396       300       480           6.8388      1.1306         0.6157      137.1897    0.9454      3.9811      1.0329      1.0874    
22        95        29        94        304       730           2.7268      1.0303         0.4415      180.1420    0.4010      1.7443      1.0000      1.5172    
22        96        153       381       309       473           6.7130      1.0029         0.2993      111.7423    1.0367      4.5092      1.0000      1.1474    
22        97        273       119       318       664           9.1271      1.0256         0.2692      88.7087     1.4231      6.1712      1.0031      1.0717    
22        98        174       416       323       542           7.7613      1.0546         0.4964      111.7049    1.1472      4.9462      1.0088      1.1125    
22        99        191       170       324       610           7.4440      1.0073         0.3353      104.9240    1.1673      5.0708      1.0012      1.1131    
22        100       65        201       321       398           4.6574      1.0916         0.3446      142.1093    0.6564      2.7953      1.0214      1.1828    
22        101       44        213       326       842           3.7703      1.0512         0.3921      163.3415    0.5594      2.4330      1.0000      1.3125    
22        102       248       478       332       627           10.0929     1.1933         0.3322      91.8577     1.3486      5.6913      1.0307      1.0931    
22        103       143       67        332       551           6.1322      1.0682         0.2088      117.7443    0.9972      4.3208      1.0038      1.1478    
22        104       171       390       334       631           7.8327      1.1389         0.2191      103.7115    1.0952      4.6868      1.0164      1.1032    
22        105       178       255       335       719           10.5815     1.3279         0.3529      95.0294     1.2624      4.8772      1.1259      0.9941    
22        106       131       102       340       550           7.9322      1.2027         0.2252      95.8333     1.0220      4.2401      1.0484      1.1140    
22        107       49        277       340       374           4.3861      1.2044         0.3824      191.7517    0.6178      2.5745      1.0438      1.3056    
22        108       155       142       345       538           6.9352      1.0388         0.2468      99.2387     1.0114      4.3821      1.0039      1.1333    
22        109       101       357       346       500           5.7533      1.0493         0.2938      123.2062    0.8510      3.6431      1.0160      1.0930    
22        110       143       467       351       505           6.8590      1.0749         0.5103      106.3371    0.9938      4.2888      1.0079      1.1255    
22        111       59        83        348       385           3.8216      1.0010         0.3115      123.1558    0.5716      2.4863      1.0000      1.3134    
22        112       150       192       353       443           6.7527      1.0189         0.2633      106.4012    1.0251      4.4464      1.0028      1.1336    
22        113       342       307       356       696           10.4420     1.0826         0.6659      116.1885    1.5595      6.7200      1.0094      1.0814    
22        114       97        212       355       473           5.8802      1.1308         0.2676      129.7053    0.8317      3.5657      1.0145      1.1842    
22        115       219       51        361       633           8.3987      1.0307         0.2096      75.9958     1.2724      5.5022      1.0059      1.0835    
22        116       104       341       361       467           7.0869      1.2275         0.5381      129.4561    0.9046      3.7558      1.0476      1.1561    
22        117       379       394       368       916           10.9414     1.0425         0.4918      88.3070     1.6712      7.1952      1.0103      1.0548    
22        118       134       182       364       433           6.8716      1.1025         0.2159      113.0609    0.9673      4.1547      1.0126      1.1455    
22        119       105       69        367       454           5.7723      1.0426         0.3879      117.2358    0.8738      3.7948      1.0016      1.1657    
22        120       244       132       371       771           9.9154      1.1897         0.2261      88.1182     1.3158      5.5276      1.0354      1.0827    
22        121       23        475       366       740           2.9932      1.2135         0.4001      196.7615    0.3759      1.6021      1.0205      1.5652    
22        122       262       259       375       678           9.2405      1.0443         0.3096      88.0077     1.3953      6.0196      1.0082      1.0711    
22        123       63        459       370       376           3.6512      1.0115         0.3244      150.8655    0.5773      2.5111      1.0000      1.3235    
22        124       109       323       372       409           6.5848      1.1576         0.3326      142.3692    0.9203      3.9079      1.0243      1.1309    
22        125       74        337       374       352           4.5621      1.0125         0.3506      138.3789    0.6890      2.9337      1.0216      1.1193    
22        126       37        357       373       793           3.6148      1.1715         0.4059      215.7010    0.5066      2.1669      1.0169      1.4348    
22        127       148       286       379       549           7.0504      1.0554         0.2407      96.1847     1.0082      4.3671      1.0041      1.1250    
22        128       180       424       380       564           7.4004      1.0291         0.3209      107.1681    1.1592      5.0137      1.0056      1.1195    
22        129       43        459       381       361           3.8326      1.0732         0.2942      154.1592    0.5519      2.3743      1.0110      1.2903    
22        130       50        185       389       799           3.6524      1.0088         0.3542      178.9858    0.5716      2.4863      1.0000      1.3134    
22        131       97        334       392       481           6.1849      1.0943         0.2606      117.2477    0.8527      3.6614      1.0130      1.1585    
22        132       108       385       395       449           6.5242      1.1613         0.2389      118.4017    0.8978      3.8145      1.0237      1.1444    
22        133       299       77        401       799           10.9179     1.2191         0.3539      96.2871     1.4588      6.0898      1.0420      1.0716    
22        134       186       192       403       527           7.5539      1.0287         0.4718      126.2519    1.1610      5.0282      1.0043      1.1187    
22        135       20        278       397       722           2.7435      1.1590         0.4915      259.9830    0.3710      1.5648      1.0311      1.5455    
22        136       133       469       402       539           6.8736      1.0988         0.2536      100.6994    0.9841      4.2236      1.0134      1.1250    
22        137       157       371       403       544           8.8276      1.2512         0.5270      121.1006    1.1335      4.6557      1.0590      1.1007    
22        138       54        440       408       396           3.5769      0.9909         0.2625      173.8280    0.5773      2.5111      1.0000      1.3235    
22        139       42        331       409       844           3.4553      1.0189         0.3882      195.6544    0.5439      2.3428      1.0097      1.3000    
22        140       180       273       415       624           9.1086      1.2013         0.3259      109.4879    1.1999      5.0282      1.0380      1.0948    
22        141       73        308       411       417           4.4938      1.0117         0.2713      147.6284    0.7062      3.0715      1.0000      1.2182    
22        142       47        251       412       377           5.0514      1.2273         0.3662      159.5019    0.6384      2.4863      1.1169      1.0732    
22        143       68        334       415       409           4.7680      1.0681         0.4245      153.8042    0.6845      2.9585      1.0063      1.2157    
22        144       157       145       417       515           6.7155      1.0019         0.3323      108.6961    1.0296      4.4782      1.0000      1.1406    
22        145       212       239       425       605           7.6055      1.0106         0.3462      102.3988    1.1884      5.1692      1.0000      1.1183    
22        146       76        426       421       355           5.7100      1.2023         0.1455      178.4522    0.7451      3.1121      1.0413      1.2105    
22        147       38        36        424       408           4.0910      1.2207         0.4018      153.6919    0.5119      2.0296      1.0971      1.2083    
22        148       276       439       428       646           9.5576      1.0512         0.2046      108.9704    1.4186      6.1484      1.0035      1.0832    
22        149       37        450       423       636           3.6037      1.1146         0.2173      259.7364    0.4993      2.1669      1.0023      1.3469    
22        150       399       182       434       832           11.7717     1.1005         0.3598      93.9967     1.7027      7.3226      1.0114      1.0601    
22        151       74        345       428       427           4.6052      1.0591         0.2506      172.8649    0.6908      2.9826      1.0074      1.2475    
22        152       125       404       432       497           5.8487      1.0268         1.6642      153.2158    0.8872      3.8529      1.0015      1.1798    
22        153       37        142       430       775           3.4977      1.0741         0.3831      199.6635    0.5204      2.2238      1.0178      1.3462    
22        154       53        218       436       431           4.3138      1.0261         0.3734      147.9301    0.6343      2.6625      1.0362      1.0989    
22        155       120       464       440       502           6.6760      1.1082         0.2700      113.4678    0.9510      4.0873      1.0121      1.1569    
22        156       37        319       439       753           3.8016      1.1695         0.3471      218.0184    0.5161      2.1962      1.0222      1.4468    
22        157       137       79        445       551           6.9437      1.1097         0.2251      108.8604    0.9661      4.1367      1.0158      1.1469    
22        158       192       333       449       611           8.8219      1.1966         0.5601      136.3559    1.1850      4.9860      1.0338      1.1000    
22        159       47        250       446       384           3.7352      0.9994         0.4319      167.3925    0.5712      2.4602      1.0099      1.2647    
22        160       37        437       447       376           4.9462      1.3529         0.2912      164.0662    0.5816      2.2238      1.1376      1.2500    
22        161       92        206       457       408           6.7724      1.2252         0.3362      138.3236    0.8611      3.5452      1.0565      1.1410    
22        162       95        193       458       391           5.7552      1.1079         0.2989      144.5777    0.8186      3.5276      1.0094      1.1973    
22        163       159       407       461       647           7.6218      1.1089         0.4716      116.2170    1.0754      4.6074      1.0153      1.0989    
22        164       281       172       466       676           9.7215      1.0563         0.3085      91.6621     1.4236      6.1712      1.0034      1.0957    
22        165       180       296       464       473           7.5682      1.0760         0.4540      130.9521    1.1230      4.8632      1.0044      1.0987    
22        166       60        91        464       434           3.7320      0.9891         0.3025      152.0104    0.5773      2.5111      1.0000      1.3235    
22        167       46        221       464       382           4.5745      1.1695         0.4113      165.8416    0.6081      2.4863      1.0638      1.2055    
22        168       87        324       466       431           5.8583      1.1643         0.2620      137.8548    0.8003      3.3918      1.0263      1.2273    
22        169       111       372       470       463           6.9233      1.1687         0.2326      122.5032    0.9279      3.9255      1.0282      1.0955    
22        170       94        462       469       482           6.0605      1.1412         0.2246      106.7634    0.8233      3.5095      1.0203      1.1757    
22        171       305       290       480       711           10.3887     1.0794         0.3434      89.3968     1.5185      6.5248      1.0122      1.0397    
22        172       214       133       478       564           9.0117      1.1580         0.4049      117.1567    1.2341      5.2664      1.0192      1.1168    
22        173       314       112       481       582           9.6712      1.0167         0.0764      102.9293    1.4859      6.4572      1.0009      1.0786    
22        174       49        56        479       382           3.6228      1.0139         0.3052      161.0520    0.5716      2.4863      1.0000      1.3134    
22        175       172       373       488       580           7.5885      1.0808         0.4392      117.2697    1.1204      4.8347      1.0080      1.1074    
22        176       21        258       487       792           2.9821      1.2203         0.4788      205.1090    0.3789      1.5648      1.0532      1.4783    
22        177       93        98        491       382           5.4975      1.0733         0.2289      132.8793    0.8214      3.5452      1.0077      1.1867    
22        178       79        346       494       449           5.9089      1.1292         0.2521      128.6831    0.7845      3.3299      1.0247      1.1471    
22        179       64        55        496       412           5.5621      1.2802         0.2952      147.8187    0.7252      2.9119      1.0832      1.2903    
22        180       46        265       496       871           3.6883      1.0668         0.3961      175.7667    0.5545      2.3743      1.0157      1.3793    
24        0         80        280       9         387           5.7207      1.2095         0.4800      100.5970    0.8283      3.1391      1.0562      1.2500    
24        1         146       458       16        516           6.1304      1.0528         1.0991      177.7363    1.0832      4.3208      1.0034      1.1282    
24        2         122       264       14        504           7.4152      1.2376         1.4810      90.8209     1.0633      4.0529      1.0501      1.1262    
24        3         59        338       13        379           4.9372      1.2091         0.6758      118.5406    0.7079      2.7187      1.0422      1.3333    
24        4         45        185       17        364           3.7670      1.0453         0.5310      110.1929    0.6105      2.4330      1.0043      1.3125    
24        5         127       19        22        438           7.0370      1.1069         1.3282      62.5615     1.0506      4.1205      1.0205      1.1538    
24        6         80        448       20        877           4.4871      1.0387         0.6512      123.5171    0.7588      3.0284      1.0029      1.2150    
24        7         166       36        26        510           7.5863      1.0796         3.1222      153.2999    1.1962      4.7613      1.0056      1.1150    
24        8         122       83        23        494           7.1863      1.1158         0.7991      62.7657     1.0291      4.0529      1.0163      1.1717    
24        9         122       199       31        489           7.0633      1.1439         1.8710      72.6885     1.0168      3.9990      1.0178      1.1649    
24        10        129       273       32        518           6.8710      1.1368         0.3673      70.6837     1.0265      4.0529      1.0138      1.1485    
24        11        288       347       35        710           8.8125      1.0790         0.1406      121.7102    1.4555      5.8121      1.0023      1.0989    
24        12        46        494       32        390           4.9059      1.3023         1.0055      153.4310    0.6469      2.4044      1.0769      1.3667    
24        13        21        18        31        609           3.0234      1.1452         0.7069      94.9727     0.4273      1.6354      1.0457      1.4615    
24        14        126       114       35        519           7.0479      1.0962         2.5348      92.6501     1.0442      4.1547      1.0060      1.1564    
24        15        67        164       34        383           4.7970      1.1394         0.5459      105.5347    0.7241      2.8660      1.0113      1.2747    
24        16        65        20        36        776           4.9444      1.1118         0.5945      78.4150     0.7231      2.8660      1.0099      1.2747    
24        17        168       150       45        514           8.0034      1.1173         0.8985      64.6835     1.1790      4.6557      1.0136      1.1333    
24        18        168       286       49        535           7.0245      1.0199         0.5260      99.0157     1.2211      4.8632      1.0051      1.1096    
24        19        141       79        54        548           6.2483      1.0496         2.2872      204.0461    1.0846      4.3208      1.0047      1.1478    
24        20        60        62        58        435           5.7932      1.1567         0.4693      83.3946     0.7876      2.8190      1.1183      1.0000    
24        21        136       167       61        575           6.5760      1.0942         0.4185      68.1819     1.0477      4.1367      1.0137      1.1469    
24        22        177       319       63        533           7.5433      1.0646         0.4084      101.3138    1.2411      4.9326      1.0071      1.0921    
24        23        89        424       68        437           5.9387      1.1058         0.3485      76.6951     0.8760      3.4721      1.0098      1.1888    
24        24        230       335       75        613           8.1136      1.0575         0.1845      122.8664    1.3963      5.5648      1.0043      1.1033    
24        25        45        390       72        804           3.4763      1.0437         0.9524      189.2801    0.6007      2.4044      1.0000      1.3016    
24        26        145       488       76        508           8.1068      1.1627         1.7120      76.2999     1.1320      4.4136      1.0266      1.1220    
24        27        94        385       81        442           5.7974      1.0992         0.3379      92.5738     0.8944      3.5276      1.0149      1.1656    
24        28        156       195       86        595           7.7300      1.1324         0.4537      61.9257     1.1733      4.6398      1.0121      1.1301    
24        29        47        486       86        786           3.7558      1.0216         0.5806      108.3912    0.6078      2.4330      1.0000      1.3125    
24        30        93        411       94        423           4.8051      0.9940         0.3755      65.5920     0.7775      3.1121      1.0000      1.2321    
24        31        64        57        93        413           5.5754      1.2475         0.3742      143.7313    0.7694      2.9337      1.0498      1.2323    
24        32        16        63        96        717           2.4357      1.0198         1.5189      222.4627    0.4058      1.4753      1.1010      1.4286    
24        33        31        442       96        825           2.6960      1.0300         0.6430      189.6312    0.4584      1.8346      1.0000      1.5484    
24        34        58        294       101       434           4.7522      1.1827         0.4129      140.4888    0.6999      2.7187      1.0304      1.2093    
24        35        198       228       105       630           8.9785      1.2198         0.2412      77.2348     1.2885      4.9729      1.0371      1.1218    
24        36        43        64        104       848           3.7726      1.1094         0.4710      187.8002    0.5868      2.3095      1.0170      1.2881    
24        37        87        414       107       406           4.2797      1.0065         0.2972      135.1751    0.7775      3.1121      1.0000      1.2321    
24        38        59        203       118       375           4.7354      1.2156         0.4668      130.2299    0.6998      2.6911      1.0409      1.3247    
24        39        111       24        122       517           5.9673      1.1038         0.7208      108.2601    0.9400      3.7366      1.0069      1.1856    
24        40        154       238       125       493           6.5430      1.0527         0.3081      99.3869     1.0959      4.3671      1.0044      1.1345    
24        41        151       295       126       542           7.3095      1.1045         0.2802      101.0773    1.1531      4.5580      1.0126      1.1264    
24        42        124       357       127       536           7.6662      1.2512         0.3449      87.4779     1.0737      4.1040      1.0472      1.1388    
24        43        150       191       129       512           7.2694      1.1382         0.3063      91.0723     1.1615      4.5580      1.0200      1.1221    
24        44        175       253       131       506           7.4529      1.0796         0.3095      90.5249     1.2085      4.8202      1.0036      1.1233    
24        45        82        115       133       440           5.8138      1.1620         0.4539      87.9285     0.8403      3.2860      1.0236      1.2063    
24        46        210       165       137       643           8.0955      1.0885         0.3475      76.8695     1.3515      5.3625      1.0088      1.0885    
24        47        170       432       148       566           8.0616      1.0865         0.7508      56.5633     1.2096      4.8056      1.0075      1.1203    
24        48        211       47        158       704           8.7209      1.1436         1.2602      117.6684    1.3405      5.2383      1.0243      1.0601    
24        49        131       471       153       539           6.8117      1.0633         1.7139      73.4321     1.0684      4.2401      1.0085      1.1140    
24        50        105       212       156       480           5.9059      1.1166         2.7990      161.2841    0.9198      3.6431      1.0105      1.1534    
24        51        57        429       164       422           5.0472      1.1997         0.3891      106.4077    0.7033      2.6625      1.0573      1.1628    
24        52        129       223       173       482           6.1221      1.0446         0.4426      153.3471    1.0586      4.2236      1.0033      1.1507    
24        53        109       315       174       424           6.8672      1.1927         0.3312      86.1896     0.9832      3.8145      1.0317      1.1573    
24        54        110       352       175       481           5.9002      1.0701         0.4116      82.7903     0.9505      3.7746      1.0079      1.1676    
24        55        107       470       174       455           6.6971      1.1317         0.3967      69.5959     0.9724      3.8145      1.0203      1.1508    
24        56        37        18        175       367           3.9155      1.1899         0.4209      131.4639    0.5452      2.1027      1.0379      1.3778    
24        57        149       291       181       419           6.7488      1.0027         0.2847      70.6790     1.1149      4.4624      1.0000      1.1371    
24        58        129       304       181       361           6.9267      1.1260         0.5305      90.5777     1.0480      4.1367      1.0141      1.1415    
24        59        73        371       179       427           5.4768      1.2083         0.3895      119.0895    0.8161      3.1391      1.0406      1.2174    
24        60        35        107       179       375           3.6236      1.1553         0.6183      125.8734    0.5452      2.1027      1.0379      1.2917    
24        61        43        477       180       858           4.6307      1.1806         0.6473      85.0480     0.6443      2.4044      1.0726      1.1389    
24        62        166       323       194       571           7.9872      1.1339         0.3036      62.5209     1.1969      4.7172      1.0156      1.1095    
24        63        157       426       193       537           6.5140      1.0195         0.6437      136.3908    1.1266      4.5092      1.0000      1.1474    
24        64        145       155       191       419           7.8701      1.1995         1.3506      104.1246    1.1327      4.3821      1.0346      1.1286    
24        65        48        281       192       795           4.3833      1.2432         0.5170      180.5693    0.6588      2.5435      1.0367      1.2778    
24        66        42        41        194       365           3.7743      1.1062         1.7275      212.3452    0.5868      2.3095      1.0170      1.3571    
24        67        269       210       203       799           10.8098     1.2210         0.2147      105.1700    1.5543      5.9716      1.0418      1.0500    
24        68        170       148       202       452           8.0075      1.1280         3.3943      98.1836     1.2172      4.8056      1.0138      1.1164    
24        69        116       25        205       507           6.0596      1.0703         3.8179      167.0677    0.9525      3.7948      1.0046      1.1657    
24        70        127       443       214       426           6.3717      1.0231         0.1878      98.8421     1.0575      4.2067      1.0062      1.1628    
24        71        101       463       217       497           6.8071      1.1876         1.4621      118.7798    0.9627      3.7558      1.0260      1.1628    
24        72        98        166       219       491           6.6099      1.2453         1.1246      133.6430    0.9456      3.6244      1.0443      1.1698    
24        73        80        435       220       379           6.5956      1.2333         0.2919      99.8210     0.8821      3.2631      1.0820      1.0949    
24        74        128       91        223       546           6.1236      1.0215         0.3416      70.2851     1.0539      4.2067      1.0028      1.1312    
24        75        155       408       229       553           7.7455      1.1885         0.6819      149.3295    1.1491      4.4938      1.0235      1.1486    
24        76        71        54        230       430           4.5214      1.1593         0.1549      171.3070    0.7182      2.8419      1.0116      1.2667    
24        77        140       486       232       553           6.6358      1.0808         1.7764      148.6435    1.0686      4.2401      1.0088      1.1239    
24        78        35        18        232       360           2.8320      0.9945         0.5583      115.8421    0.4683      1.8744      1.0000      1.5625    
24        79        144       124       235       514           6.2657      1.0355         0.5927      105.5561    1.0880      4.3365      1.0042      1.1565    
24        80        171       264       236       613           7.5477      1.1525         0.7308      102.6574    1.1835      4.6074      1.0281      1.1111    
24        81        110       190       237       541           5.8288      1.0401         0.5611      126.7955    0.9514      3.7948      1.0035      1.1657    
24        82        52        465       234       401           4.7973      1.2096         0.4649      119.8624    0.6508      2.4863      1.0477      1.2571    
24        83        145       295       239       487           6.8488      1.1127         0.5901      80.3369     1.0721      4.2564      1.0082      1.1429    
24        84        65        215       238       401           4.6663      1.1115         0.3526      149.3187    0.7305      2.8894      1.0119      1.2292    
24        85        337       140       253       740           9.6247      1.0673         0.1239      138.9331    1.6000      6.3918      1.0019      1.0824    
24        86        137       306       252       465           7.9436      1.2064         0.4821      66.3021     1.1226      4.3519      1.0325      1.1404    
24        87        40        361       252       372           3.6380      1.0990         0.4854      156.3412    0.5783      2.2745      1.0177      1.3704    
24        88        209       400       258       691           8.7961      1.1728         4.2428      232.3797    1.3150      5.1121      1.0296      1.0979    
24        89        114       492       260       483           6.1625      1.0687         4.6139      142.5712    0.9411      3.7366      1.0081      1.2000    
24        90        228       165       264       694           8.4181      1.1036         0.6448      134.7749    1.3721      5.4525      1.0073      1.0881    
24        91        135       426       270       566           7.0563      1.0704         3.9463      178.6007    1.0709      4.2724      1.0033      1.1266    
24        92        31        140       272       360           3.8675      1.2850         1.4206      479.5079    0.5254      1.9950      1.0542      1.4000    
24        93        99        368       278       507           5.7137      1.0759         0.3829      110.1683    0.9250      3.6794      1.0062      1.1707    
24        94        65        195       286       404           4.3335      1.1179         0.3563      168.3796    0.7293      2.8894      1.0103      1.2165    
24        95        192       218       289       578           7.0689      1.0394         0.5020      111.8443    1.2478      4.9596      1.0070      1.1154    
24        96        47        343       287       384           3.7281      1.0401         0.9213      135.8573    0.6034      2.4044      1.0045      1.3016    
24        97        152       137       299       541           6.8665      1.0150         0.5067      71.1508     1.1063      4.4136      1.0033      1.1265    
24        98        109       180       297       456           6.1760      1.1171         0.2878      111.1590    0.9762      3.7948      1.0296      1.1271    
24        99        576       86        307       1192          12.5447     1.1104         1.1024      811.1563    2.0197      8.0078      1.0095      1.0646    
24        100       53        264       300       411           4.6835      1.2215         0.5635      111.4081    0.6733      2.5745      1.0468      1.2368    
24        101       43        43        301       866           3.6612      1.0701         0.5388      116.0241    0.6078      2.4330      1.0000      1.3125    
24        102       175       174       310       509           7.0894      1.0521         0.4827      119.8758    1.2246      4.8772      1.0050      1.1016    
24        103       169       348       311       549           7.0122      1.0443         0.1726      109.9531    1.2242      4.8772      1.0047      1.1126    
24        104       73        238       314       424           5.4293      1.2474         0.4542      126.2090    0.8018      3.0503      1.0521      1.2222    
24        105       138       491       322       534           6.9565      1.0455         5.8415      131.0619    1.0763      4.2888      1.0045      1.1454    
24        106       58        100       320       601           3.9051      1.1370         1.0953      360.7562    0.6078      2.4330      1.0000      1.3125    
24        107       63        395       319       427           4.3466      1.0772         0.2483      170.4010    0.7169      2.8419      1.0097      1.2258    
24        108       312       143       330       797           12.1210     1.2474         1.9125      102.2724    1.6819      6.3044      1.0678      1.0644    
24        109       45        102       328       623           3.5698      1.0636         0.7836      239.7213    0.6078      2.4330      1.0000      1.3125    
24        110       225       97        338       616           7.3508      0.9990         0.0921      128.6510    1.3051      5.2240      1.0000      1.1092    
24        111       102       275       335       401           5.5200      1.0910         0.3950      104.3861    0.9071      3.6052      1.0070      1.1646    
24        112       173       287       341       505           7.6539      1.0946         0.3250      78.3648     1.2365      4.9189      1.0061      1.1104    
24        113       129       232       350       537           7.4689      1.2100         0.6604      109.0958    1.0918      4.2236      1.0346      1.1250    
24        114       56        141       354       369           3.7991      1.0215         1.3157      271.3852    0.6274      2.5111      1.0000      1.3235    
24        115       62        161       362       366           4.6410      1.1116         0.2442      224.7237    0.7226      2.8660      1.0091      1.2211    
24        116       176       406       367       568           7.7889      1.0166         0.2959      85.1119     1.2338      4.9189      1.0039      1.1032    
24        117       77        167       367       396           5.7708      1.1914         1.1728      231.0485    0.8347      3.2155      1.0391      1.1680    
24        118       174       452       370       612           7.8466      1.1733         0.5437      100.3286    1.1690      4.5908      1.0192      1.1331    
24        119       121       102       378       492           5.5334      1.0113         1.6108      152.3046    0.9718      3.8899      1.0000      1.1758    
24        120       76        186       376       418           4.7943      1.0635         0.2696      156.6643    0.7629      3.0503      1.0011      1.2110    
24        121       45        169       381       398           4.0073      1.1354         0.8296      193.7927    0.5859      2.2499      1.0424      1.2000    
24        122       352       271       387       762           9.2905      1.0509         -0.0152     151.4608    1.6146      6.4457      1.0027      1.0789    
24        123       28        186       383       723           2.7823      1.0138         0.5993      282.7313    0.4584      1.8346      1.0000      1.5484    
24        124       263       373       391       710           9.0495      1.0712         0.1714      298.6070    1.4469      5.7766      1.0026      1.1002    
24        125       34        134       389       671           3.2999      1.0280         0.3799      230.1356    0.5505      2.1669      1.0169      1.4043    
24        126       129       33        394       518           7.0565      1.0714         3.0377      83.1363     1.0671      4.2564      1.0035      1.1179    
24        127       51        233       391       401           3.3882      1.0569         0.2944      210.3984    0.6147      2.4602      1.0000      1.3030    
24        128       135       92        395       531           6.7890      1.0745         4.8643      127.5147    1.0706      4.2564      1.0068      1.1480    
24        129       299       136       404       806           10.1444     1.0615         0.3583      332.9003    1.6189      6.3918      1.0138      1.0567    
24        130       175       185       402       536           7.7269      1.0249         5.1885      150.6891    1.2486      4.9596      1.0077      1.1083    
24        131       33        493       399       851           2.6803      1.0062         0.5087      133.8327    0.4683      1.8744      1.0000      1.5625    
24        132       116       165       404       473           6.1455      1.0349         6.2698      188.1568    0.9507      3.7948      1.0028      1.1657    
24        133       27        116       413       799           2.7518      1.0533         0.3525      231.5645    0.4358      1.7443      1.0000      1.5172    
24        134       33        480       422       364           2.7835      1.0171         0.5699      131.5977    0.4584      1.8346      1.0000      1.5484    
24        135       115       188       435       477           6.8582      1.1120         1.0370      86.3357     1.0125      3.9811      1.0180      1.1606    
24        136       128       200       453       516           6.5191      1.0795         0.3443      76.5638     1.0468      4.1547      1.0084      1.1193    
24        137       116       385       456       508           5.4929      1.0668         0.2466      170.2099    0.9604      3.8339      1.0027      1.1685    
24        138       278       249       463       692           9.2262      1.0753         0.5390      71.4900     1.5566      6.1937      1.0059      1.0818    
24        139       159       114       463       494           6.7057      1.0343         0.6914      130.7400    1.1161      4.4624      1.0011      1.1371    
24        140       125       156       464       523           7.0400      1.0800         4.5623      174.9250    1.0535      4.1723      1.0106      1.1336    
24        141       79        126       465       394           4.5733      1.0152         0.3817      148.2971    0.7674      3.0715      1.0000      1.2182    
24        142       106       45        468       470           6.0012      1.0139         1.3604      70.4899     0.9545      3.8145      1.0016      1.1705    
24        143       15        114       474       626           2.7740      1.2866         0.6896      235.2655    0.3642      1.3582      1.0733      1.6250    
24        144       125       300       478       457           6.8656      1.1657         0.3308      81.9514     1.0252      4.0172      1.0214      1.1633    
24        145       237       214       481       584           7.3940      1.0930         0.2678      117.7955    1.2864      5.1410      1.0016      1.1065    
24        146       39        289       479       782           3.4508      1.1187         0.5273      175.4365    0.5725      2.2499      1.0184      1.3333    
24        147       25        291       484       665           2.5433      1.0219         0.7152      176.3025    0.4358      1.7443      1.0000      1.5172    
24        148       53        65        487       395           3.5237      1.0162         0.3915      172.9020    0.6274      2.5111      1.0000      1.3235    
24        149       101       228       491       416           6.4253      1.1862         0.4339      85.0225     0.9628      3.7170      1.0368      1.1462    
24        150       146       467       492       432           6.5380      1.0580         0.2613      82.3027     1.0859      4.3208      1.0059      1.1478    
24        151       84        437       501       445           6.6352      1.2317         0.3042      92.5071     0.9229      3.4126      1.0825      1.1714    
24        152       57        492       501       366           3.6707      0.9932         0.4372      83.1531     0.6274      2.5111      1.0000      1.3235    
24        153       38        414       502       355           3.6693      1.0924         0.5079      115.3254    0.5531      2.1962      1.0081      1.3333    
24        154       42        184       502       366           5.9376      1.4563         0.5902      123.5316    0.7174      2.3743      1.2093      1.4286    
24        155       58        457       502       583           5.8252      1.3538         0.4484      104.3132    0.7639      2.7187      1.1247      1.3506    
24        156       24        467       501       507           2.8364      1.1401         0.6122      130.4941    0.4118      1.6021      1.0287      1.6364    
24        157       23        423       502       582           2.7651      1.0926         0.8036      150.9788    0.4195      1.6354      1.0267      1.6522    
25        0         241       199       17        640           8.4746      1.1145         0.3831      79.6192     1.4024      5.3758      1.0218      1.1302    
25        1         25        385       14        830           2.8145      1.0821         0.8772      115.1919    0.4433      1.6655      1.0425      1.4286    
25        2         49        422       14        366           4.6691      1.2704         1.0994      165.9812    0.6782      2.4602      1.0798      1.3871    
25        3         122       254       20        388           7.9422      1.2514         0.4018      73.8165     1.1190      4.1367      1.0595      1.0950    
25        4         105       266       19        414           5.2808      1.0450         0.4345      118.3994    0.9610      3.7366      1.0074      1.1579    
25        5         84        335       19        470           5.3828      1.0876         0.9550      94.4176     0.8722      3.3918      1.0072      1.1571    
25        6         22        349       19        783           3.2157      1.2671         0.7345      156.5781    0.4408      1.6021      1.0778      1.5000    
25        7         73        240       21        877           5.6138      1.2122         0.6126      77.7184     0.8217      3.0921      1.0408      1.2035    
25        8         65        247       26        806           4.4949      1.0658         1.3321      100.2500    0.7417      2.8894      1.0054      1.2041    
25        9         154       27        35        529           7.6810      1.1553         1.3653      144.0227    1.1783      4.5092      1.0235      1.1474    
25        10        15        173       35        787           2.4514      1.1138         0.9808      178.2131    0.3757      1.4209      1.0356      1.5556    
25        11        157       96        41        563           7.9953      1.0994         0.5703      67.0328     1.1966      4.6398      1.0102      1.1176    
25        12        268       268       59        806           7.8722      1.0284         0.3309      112.7564    1.4565      5.6788      1.0046      1.1041    
25        13        136       232       64        504           6.6305      0.9993         0.9050      59.1668     1.1093      4.3365      1.0020      1.1368    
25        14        137       152       68        531           7.1255      1.0905         0.4411      46.7058     1.0805      4.2067      1.0061      1.1416    
25        15        215       303       73        651           8.4386      1.1334         0.2267      114.2247    1.3726      5.2944      1.0155      1.0970    
25        16        133       119       74        472           7.7387      1.1504         0.3440      65.2979     1.1519      4.3208      1.0442      1.0732    
25        17        187       221       80        543           7.1029      1.0644         0.3226      86.7350     1.2660      4.9326      1.0053      1.1279    
25        18        116       123       83        411           5.9177      1.0173         0.7207      70.2394     0.9768      3.8145      1.0030      1.1573    
25        19        51        372       83        381           3.6000      1.0239         0.7024      141.3393    0.6281      2.4602      1.0000      1.3231    
25        20        138       396       87        505           6.8086      1.0461         0.4216      74.3763     1.1226      4.3821      1.0034      1.1240    
25        21        75        323       88        410           4.5941      1.0217         0.3328      125.9521    0.7894      3.0921      1.0000      1.2252    
25        22        131       85        94        545           6.7798      1.0938         0.3697      103.4931    1.0903      4.2401      1.0071      1.1339    
25        23        157       44        102       563           7.4939      1.1019         2.0524      263.5429    1.1997      4.6398      1.0128      1.1136    
25        24        126       153       105       522           6.4265      1.0911         0.4774      77.9495     1.0698      4.1547      1.0086      1.1455    
25        25        30        425       104       823           2.6850      1.0457         0.6269      196.5620    0.4684      1.8346      1.0000      1.5484    
25        26        174       221       114       572           7.1268      1.0635         0.4135      110.2410    1.2556      4.8910      1.0055      1.1046    
25        27        138       185       120       417           6.6130      1.1030         0.3595      79.8940     1.0767      4.1547      1.0151      1.1455    
25        28        137       27        131       477           6.5510      1.0368         1.2836      261.5083    1.1011      4.2888      1.0056      1.1354    
25        29        109       185       129       416           7.9480      1.3196         0.3470      88.8691     1.0813      3.8899      1.0888      1.1505    
25        30        195       280       133       573           7.6396      1.0343         0.3071      86.8401     1.3037      5.0847      1.0042      1.1125    
25        31        153       82        134       511           6.9327      1.0506         3.5428      248.4871    1.1240      4.3821      1.0047      1.1525    
25        32        132       103       134       436           6.3768      1.0412         0.6126      94.0127     1.0531      4.0873      1.0092      1.1456    
25        33        191       340       135       663           7.5526      1.1286         0.3426      96.2749     1.2489      4.8347      1.0118      1.1149    
25        34        40        36        134       775           3.9212      1.0472         3.0407      187.8911    0.6016      2.2745      1.0360      1.1935    
25        35        183       114       140       535           7.3455      1.0332         0.7309      98.1682     1.2698      4.9462      1.0056      1.1090    
25        36        233       238       141       672           8.5508      1.1126         0.0337      120.1608    1.4081      5.4772      1.0070      1.1013    
25        37        125       144       141       500           6.8440      1.1600         0.5365      80.3133     1.0559      4.0702      1.0161      1.1415    
25        38        136       455       150       478           6.5747      1.0558         0.3430      67.3600     1.0846      4.2236      1.0058      1.1250    
25        39        57        397       146       408           4.5174      1.1048         0.5728      93.4501     0.7061      2.7187      1.0173      1.2683    
25        40        96        424       151       478           6.2680      1.1326         0.4153      64.3074     0.9292      3.5857      1.0150      1.1742    
25        41        175       63        154       597           7.4923      1.0642         2.5659      222.7455    1.2480      4.8632      1.0052      1.0951    
25        42        57        144       152       851           4.6068      1.1870         0.5301      131.0484    0.7129      2.6911      1.0377      1.2439    
25        43        201       470       156       512           7.3852      1.0809         0.2365      122.3280    1.2754      4.9729      1.0046      1.1182    
25        44        15        376       154       789           1.7559      1.0919         0.7651      154.0403    0.2631      1.0303      1.0000      0.8000    
25        45        144       414       176       489           6.5821      1.0836         0.3650      99.9819     1.1105      4.3365      1.0031      1.1368    
25        46        217       335       184       636           7.6221      1.1136         0.2446      98.4103     1.2951      5.0568      1.0031      1.1138    
25        47        15        145       180       814           2.4946      1.1511         0.9423      187.8702    0.3677      1.3582      1.0603      1.5294    
25        48        67        24        186       413           5.8833      1.2520         0.0717      191.8820    0.8270      3.0284      1.0696      1.2500    
25        49        97        446       187       455           5.5070      1.0715         0.9325      107.6222    0.9340      3.6244      1.0094      1.1698    
25        50        145       402       191       433           6.3927      1.0387         0.7856      119.6168    1.1227      4.3821      1.0035      1.1333    
25        51        103       294       193       473           5.8375      1.0424         0.6115      79.3833     0.9563      3.7366      1.0024      1.1647    
25        52        115       81        195       507           6.7261      1.1832         0.3271      82.7858     1.0232      3.9079      1.0255      1.1551    
25        53        26        235       192       826           2.7859      1.1217         0.2459      330.7207    0.4331      1.6655      1.0186      1.6667    
25        54        47        422       194       728           3.8307      1.0895         0.9843      149.2602    0.6079      2.3428      1.0163      1.3684    
25        55        123       410       203       404           6.4204      1.1122         0.5926      130.9362    1.0560      4.0873      1.0120      1.1292    
25        56        225       173       209       605           8.7172      1.0914         0.8904      156.0384    1.4295      5.5276      1.0129      1.0693    
25        57        32        158       206       717           3.6195      1.2074         0.6147      232.6705    0.5372      2.0674      1.0178      1.4286    
25        58        159       465       213       554           7.2657      1.1123         1.4541      207.3585    1.2067      4.6398      1.0187      1.1301    
25        59        101       56        214       477           5.3816      1.0193         0.8185      105.3359    0.9425      3.6794      1.0033      1.1636    
25        60        60        131       214       452           5.6847      1.3054         0.5244      121.9189    0.7895      2.8660      1.0790      1.1959    
25        61        83        198       224       422           5.3863      1.0919         0.2071      163.9714    0.8682      3.3717      1.0086      1.2030    
25        62        36        91        226       351           3.5414      1.2756         0.6319      237.7862    0.5576      2.1358      1.0226      1.4222    
25        63        56        447       227       409           4.8453      1.2168         0.8399      157.4629    0.7047      2.6625      1.0367      1.2195    
25        64        223       232       232       642           9.0163      1.1137         4.5495      105.9295    1.3926      5.3889      1.0122      1.1022    
25        65        95        71        232       476           5.5732      1.1001         0.3666      84.3040     0.9016      3.4910      1.0115      1.1862    
25        66        233       392       238       739           9.0369      1.1890         -0.0865     237.7753    1.3621      5.2105      1.0240      1.0971    
25        67        75        37        239       415           4.3542      1.0200         0.3737      135.5124    0.7945      3.1121      1.0000      1.2321    
25        68        41        65        237       889           4.3840      1.3807         0.4700      235.2450    0.6331      2.1962      1.1290      1.2143    
25        69        65        246       244       374           6.0047      1.3193         0.4455      114.6779    0.8149      2.8894      1.1047      1.2688    
25        70        26        98        253       802           2.5283      0.9861         0.7953      163.2965    0.4574      1.7914      1.0000      1.5333    
25        71        61        462       255       408           4.7167      1.1342         2.9669      178.6730    0.7385      2.8419      1.0178      1.2391    
25        72        297       123       264       808           9.3744      1.0541         0.4128      75.7134     1.5959      6.2048      1.0074      1.0646    
25        73        190       184       261       599           7.4646      1.0720         0.6667      143.1738    1.2677      4.9189      1.0094      1.1325    
25        74        190       440       270       638           9.0824      1.2016         1.5651      190.2642    1.3469      5.0985      1.0347      1.0698    
25        75        160       380       269       562           7.4477      1.1108         3.0606      215.3158    1.2114      4.6868      1.0124      1.1191    
25        76        33        476       267       814           2.8331      1.0426         3.1630      194.3471    0.4684      1.8346      1.0000      1.5484    
25        77        66        45        271       400           4.5717      1.0995         0.4473      94.4129     0.7521      2.9119      1.0117      1.2371    
25        78        63        242       271       381           3.4394      1.0208         0.3899      163.5925    0.6411      2.5111      1.0000      1.3235    
25        79        24        28        279       691           2.6531      1.0294         0.7182      119.8576    0.4453      1.7443      1.0000      1.5172    
25        80        106       31        289       459           5.5889      1.0120         0.5645      66.7382     0.9616      3.7558      1.0028      1.1696    
25        81        56        132       288       359           4.8895      1.1882         1.0948      120.1157    0.7003      2.6625      1.0302      1.2346    
25        82        118       226       289       510           6.9645      1.1552         0.4106      71.4024     1.0282      3.9079      1.0306      1.1489    
25        83        310       412       296       756           9.6396      1.0513         0.5586      327.6713    1.6032      6.2592      1.0033      1.0841    
25        84        95        136       294       490           5.8293      1.2022         2.0815      185.4298    0.8930      3.4126      1.0249      1.1549    
25        85        135       201       297       510           6.4988      1.0669         0.3662      123.5140    1.1077      4.3208      1.0041      1.1379    
25        86        139       247       303       525           6.6996      1.0521         0.7978      81.9306     1.1168      4.3519      1.0051      1.1120    
25        87        45        43        302       379           3.7111      1.0890         0.6090      134.3070    0.6166      2.4044      1.0045      1.3016    
25        88        504       67        316       904           11.7165     1.0494         -0.3430     302.4922    2.1025      8.2065      1.0035      1.0554    
25        89        30        122       311       380           4.3671      1.2909         0.7015      118.6891    0.5725      1.9577      1.1454      1.1739    
25        90        32        472       313       815           3.5057      1.1910         0.4982      184.5538    0.5558      2.1027      1.0354      1.2917    
25        91        223       157       320       628           7.7421      1.0473         0.0261      178.9644    1.3243      5.1831      1.0007      1.1014    
25        92        45        464       319       351           3.6369      0.9890         2.8413      108.9443    0.6090      2.3428      1.0182      1.2381    
25        93        31        470       319       767           2.7993      1.0787         0.6518      212.4550    0.4684      1.8346      1.0000      1.5484    
25        94        15        286       322       792           1.7574      1.1010         0.8698      160.2516    0.2631      1.0303      1.0000      0.8000    
25        95        177       346       329       624           7.2639      1.0709         1.0571      127.0914    1.2332      4.8056      1.0052      1.1319    
25        96        33        379       327       361           3.6006      1.1594         0.2468      231.9117    0.5576      2.1358      1.0226      1.3333    
25        97        127       413       330       469           6.3328      1.0585         0.2688      133.2726    1.0770      4.1897      1.0069      1.1429    
25        98        162       186       337       560           7.9652      1.0815         3.3994      120.8048    1.2302      4.7757      1.0090      1.1065    
25        99        117       100       344       507           5.7434      1.0562         2.0385      183.7682    0.9747      3.8145      1.0009      1.1839    
25        100       53        426       341       799           4.7171      1.2087         0.4789      159.7767    0.7152      2.6911      1.0409      1.3247    
25        101       110       122       347       514           5.8504      1.0602         0.4113      117.9156    0.9651      3.7558      1.0065      1.1628    
25        102       170       258       348       632           7.1251      1.0714         0.3208      72.6498     1.2213      4.7468      1.0078      1.1042    
25        103       152       398       351       543           6.8854      1.0416         0.7828      119.9040    1.1512      4.5092      1.0000      1.1474    
25        104       70        85        349       407           4.7594      1.0750         0.3216      109.2788    0.7543      2.9337      1.0071      1.1961    
25        105       36        423       347       772           2.8207      1.0113         0.4841      140.4141    0.4684      1.8346      1.0000      1.5484    
25        106       61        478       351       410           3.6656      0.9963         4.9439      129.9605    0.6411      2.5111      1.0000      1.3235    
25        107       31        68        354       360           3.5755      1.2434         -0.1064     334.3242    0.5294      1.9950      1.0394      1.4000    
25        108       37        272       366       396           4.2164      1.2568         0.7716      99.9247     0.5747      2.1358      1.0540      1.3061    
25        109       44        37        369       387           3.8117      1.0825         0.5005      99.6324     0.6010      2.3428      1.0049      1.3000    
25        110       68        142       370       869           5.1352      1.1225         0.0209      220.8526    0.8046      3.0284      1.0406      1.2037    
25        111       177       151       376       608           7.8112      1.1338         0.7298      172.2048    1.1985      4.6074      1.0189      1.1194    
25        112       26        232       373       354           2.6296      1.0719         0.6263      218.8767    0.4522      1.7443      1.0154      1.5172    
25        113       59        190       383       431           4.8215      1.1300         0.1442      186.6268    0.7339      2.7953      1.0284      1.1458    
25        114       110       484       384       447           6.2812      1.0538         1.2809      57.7454     0.9804      3.8339      1.0016      1.1751    
25        115       126       285       389       492           6.0102      1.0100         0.3780      67.0680     0.9977      3.9079      1.0000      1.1803    
25        116       291       156       394       747           11.0451     1.2021         0.7392      167.8670    1.5971      5.9716      1.0476      1.0478    
25        117       276       255       395       662           9.1231      1.0195         0.2590      59.3272     1.5960      6.2268      1.0039      1.0724    
25        118       120       136       394       465           6.1497      1.0127         2.6725      143.9119    0.9852      3.8529      1.0015      1.1732    
25        119       87        463       395       404           5.0514      1.0302         0.5293      94.4168     0.7894      3.0921      1.0000      1.2252    
25        120       259       356       400       646           8.3152      1.0135         0.2890      137.8133    1.4879      5.8121      1.0027      1.0913    
25        121       82        439       400       450           4.4844      1.0180         0.9073      163.8724    0.7945      3.1121      1.0000      1.2321    
25        122       66        485       399       381           4.8103      1.0419         0.5935      69.2205     0.7597      2.9585      1.0057      1.2039    
25        123       47        160       405       667           3.6679      1.0119         0.2682      201.3271    0.6212      2.4330      1.0000      1.3125    
25        124       192       470       410       538           8.0475      1.1132         4.2106      107.3813    1.2773      4.9596      1.0087      1.0978    
25        125       216       120       414       632           8.5503      1.0657         0.7082      294.3480    1.4012      5.4649      1.0043      1.0821    
25        126       53        40        413       836           4.0050      1.1308         0.5272      152.6789    0.6204      2.4044      1.0106      1.3016    
25        127       83        41        423       365           4.8892      1.0873         0.3038      146.0985    0.7945      3.1121      1.0000      1.2321    
25        128       50        124       431       363           3.5716      1.0040         0.3108      187.2219    0.6348      2.4863      1.0000      1.3134    
25        129       32        42        431       770           2.6706      1.0777         0.1881      254.2856    0.4522      1.7443      1.0154      1.5172    
25        130       31        321       432       361           3.7488      1.1581         0.7350      107.7105    0.5430      1.9577      1.0864      1.2558    
25        131       200       56        449       627           8.8176      1.0894         3.8136      105.4367    1.3715      5.3083      1.0120      1.0845    
25        132       121       260       446       501           6.6108      1.1203         0.4742      88.7532     1.0543      4.0873      1.0103      1.1569    
25        133       251       230       468       673           8.2842      1.0223         0.3363      71.4085     1.4762      5.7766      1.0009      1.0951    
25        134       46        486       464       362           3.7323      1.0692         0.4190      111.2767    0.6166      2.4044      1.0045      1.3016    
25        135       162       330       473       552           7.3339      1.1323         0.6078      100.9209    1.2087      4.6713      1.0135      1.1365    
25        136       22        215       471       686           2.7437      1.0736         0.7283      163.4916    0.4393      1.6926      1.0167      1.5000    
25        137       17        59        473       785           2.5991      1.1462         0.6264      227.5316    0.3847      1.4753      1.0213      1.5000    
25        138       174       197       490       570           7.0718      1.0087         0.2943      72.6361     1.2594      4.9189      1.0028      1.1104    
25        139       72        448       487       414           4.9002      1.0446         0.4268      95.0405     0.7764      3.0284      1.0042      1.2037    
25        140       79        225       488       440           4.8514      1.0532         0.4823      81.1880     0.7754      3.0284      1.0029      1.2264    
25        141       67        129       493       447           4.8713      1.1268         0.4526      127.2264    0.7465      2.8894      1.0119      1.2165    
25        142       50        224       495       845           4.7555      1.1648         0.7503      97.2436     0.6950      2.6042      1.0453      1.2800    
26        0         130       339       9         471           7.5789      1.2968         0.3524      126.7303    1.2611      4.0529      1.0909      1.2083    
26        1         395       197       17        826           9.2828      1.0525         0.2285      256.1440    1.8603      6.5137      1.0012      1.0695    
26        2         114       478       13        535           6.9363      1.1327         0.3666      72.0108     1.1436      3.9444      1.0164      1.1399    
26        3         230       254       23        538           8.4629      1.1770         0.3969      108.7722    1.5332      5.2524      1.0233      1.0986    
26        4         135       265       19        415           7.4704      1.2053         0.3559      102.4755    1.2942      4.3049      1.0539      1.1149    
26        5         39        239       23        712           3.7741      1.1704         0.7193      126.6248    0.6541      2.2238      1.0312      1.3208    
26        6         36        450       25        848           2.6989      1.0002         0.5743      219.3869    0.5347      1.8744      1.0000      1.5625    
26        7         31        246       29        614           2.9091      1.0553         1.1946      128.2325    0.5160      1.7443      1.0370      1.4667    
26        8         201       24        38        627           7.3584      1.0266         1.3711      162.6349    1.4551      5.0847      1.0032      1.0958    
26        9         71        294       42        407           5.6231      1.2115         0.6552      145.5282    0.9273      3.0921      1.0513      1.2364    
26        10        176       269       61        566           7.2125      1.0205         0.4114      105.0604    1.4057      4.9050      1.0047      1.1003    
26        11        55        63        70        391           4.7286      1.1240         0.4959      120.4554    0.7870      2.7187      1.0148      1.2530    
26        12        156       26        79        537           6.9159      1.0067         4.6316      239.0049    1.2818      4.4938      1.0000      1.1440    
26        13        164       221       82        582           7.2922      1.0988         0.3794      79.0126     1.3593      4.7172      1.0102      1.0941    
26        14        49        495       85        421           3.6160      1.0264         0.3820      103.8645    0.6836      2.3743      1.0093      1.2903    
26        15        108       67        88        444           6.2018      1.0370         3.7455      143.2383    1.0953      3.8339      1.0016      1.1751    
26        16        156       83        96        516           6.6375      1.0215         0.1749      106.4175    1.2774      4.4782      1.0000      1.1406    
26        17        165       43        103       581           7.8932      1.1308         1.9350      320.1385    1.3638      4.7172      1.0135      1.1018    
26        18        181       150       106       592           7.1953      1.0547         0.4143      77.6920     1.4157      4.9326      1.0062      1.1097    
26        19        35        424       105       845           3.5548      1.1757         0.5652      182.2625    0.6161      2.1358      1.0112      1.4222    
26        20        114       17        113       444           6.7634      1.1483         1.0355      140.9942    1.1628      3.9990      1.0194      1.1649    
26        21        177       221       116       569           6.9294      1.0590         0.3902      130.8397    1.4138      4.9326      1.0048      1.1205    
26        22        121       118       121       445           6.7629      1.1121         0.2978      83.3873     1.1732      4.0529      1.0148      1.1373    
26        23        118       129       125       486           6.6640      1.1335         0.7015      81.3116     1.1376      3.9079      1.0205      1.1250    
26        24        166       164       126       552           7.6411      1.0458         0.3352      53.3515     1.3833      4.8202      1.0061      1.1119    
26        25        128       184       124       467           6.2443      1.0577         0.3352      87.4006     1.1948      4.1547      1.0082      1.1296    
26        26        153       416       126       567           7.8332      1.1726         0.5171      90.8343     1.3311      4.5580      1.0238      1.1136    
26        27        17        497       126       789           1.5745      0.9727         0.6535      191.4612    0.3061      1.0730      1.0000      0.9000    
26        28        199       27        133       623           8.8614      1.1347         0.5243      190.8299    1.5289      5.2524      1.0205      1.0924    
26        29        42        188       130       851           5.7958      1.4276         0.5327      122.0592    0.8241      2.4044      1.2016      1.2239    
26        30        122       103       135       392           6.5817      1.0800         0.6728      112.7588    1.1787      4.0873      1.0110      1.1080    
26        31        54        179       134       718           3.6517      1.0364         0.4906      121.0369    0.7047      2.4602      1.0042      1.3030    
26        32        42        274       134       368           3.6288      1.1520         0.3184      219.6257    0.6637      2.2745      1.0230      1.3455    
26        33        83        343       134       439           5.9194      1.1672         0.3709      99.2607     0.9863      3.3511      1.0319      1.2154    
26        34        52        78        138       417           3.7179      1.0346         2.6311      301.3364    0.7018      2.4602      1.0000      1.3231    
26        35        168       114       142       484           6.8307      1.0064         0.7692      114.5192    1.3860      4.8490      1.0020      1.0957    
26        36        108       236       141       451           6.2213      1.1629         0.3477      132.6504    1.1257      3.8529      1.0243      1.1475    
26        37        31        104       143       659           2.7072      1.0068         0.6025      183.5029    0.5110      1.7914      1.0000      1.5333    
26        38        204       455       152       541           7.5182      1.0453         0.3512      92.4294     1.4641      5.1266      1.0012      1.1039    
26        39        33        375       147       363           2.6396      1.0498         1.0275      269.9981    0.5233      1.8346      1.0000      1.5484    
26        40        37        230       148       791           3.7438      1.2008         0.5490      197.0045    0.6230      2.1358      1.0226      1.4222    
26        41        185       470       158       527           7.3751      1.0925         0.2855      109.6608    1.4056      4.8910      1.0075      1.1229    
26        42        48        319       167       381           3.7064      1.0523         0.5657      128.6179    0.6836      2.3743      1.0093      1.2903    
26        43        24        240       168       806           2.7192      1.0982         0.4144      257.6245    0.5052      1.7443      1.0154      1.5172    
26        44        154       413       179       529           6.4936      1.0769         0.2105      110.0325    1.2486      4.3671      1.0023      1.1441    
26        45        98        131       179       476           5.9328      1.1269         0.4359      92.1005     1.0225      3.5276      1.0162      1.1733    
26        46        40        58        179       372           3.6443      1.0126         0.5302      91.3452     0.6654      2.3095      1.0101      1.2881    
26        47        181       332       184       583           7.6806      1.1031         0.3085      80.4270     1.3868      4.8056      1.0117      1.1051    
26        48        158       19        187       564           6.6692      1.0331         0.0787      224.2305    1.2689      4.4464      1.0005      1.1336    
26        49        153       450       187       569           8.5718      1.1816         0.3320      69.7926     1.3624      4.6398      1.0294      1.1055    
26        50        39        351       191       365           3.8507      1.1707         0.5740      132.1985    0.6431      2.1962      1.0266      1.3077    
26        51        85        404       194       392           4.6375      1.0233         0.4756      113.7806    0.8877      3.1121      1.0000      1.2321    
26        52        63        81        197       405           4.4512      1.0755         0.4568      112.9105    0.8315      2.8894      1.0089      1.2292    
26        53        297       174       210       701           9.3526      1.0145         0.6766      138.9931    1.8181      6.3593      1.0023      1.0875    
26        54        37        492       207       355           3.2875      1.0623         0.4605      148.4936    0.6456      2.2238      1.0178      1.3462    
26        55        172       464       214       542           7.4300      1.1267         0.9068      194.3320    1.3823      4.7907      1.0116      1.1211    
26        56        91        54        215       459           5.8357      1.1121         0.5112      99.7669     1.0205      3.5276      1.0141      1.1355    
26        57        25        221       212       387           3.7783      1.2348         0.5471      184.3974    0.5830      1.7914      1.1410      1.2105    
26        58        19        239       215       785           1.6310      0.9752         0.5885      201.5041    0.3061      1.0730      1.0000      0.9000    
26        59        45        90        227       388           3.2816      1.0461         0.7338      168.6393    0.6858      2.4044      1.0000      1.3016    
26        60        26        401       227       768           4.0768      1.3591         0.3496      259.5416    0.5848      1.8346      1.1174      1.3714    
26        61        165       367       233       564           8.0330      1.1417         2.0512      118.5453    1.3529      4.6713      1.0153      1.1407    
26        62        58        235       234       392           3.6999      1.0187         0.5730      148.7056    0.7092      2.4863      1.0000      1.3134    
26        63        42        110       234       366           3.3773      1.1624         0.5848      236.3052    0.6501      2.2499      1.0129      1.3333    
26        64        110       391       239       490           6.9297      1.2161         0.3067      130.8301    1.1108      3.7558      1.0369      1.1696    
26        65        148       345       243       514           6.7594      1.0560         0.2945      87.4828     1.2486      4.3671      1.0023      1.1441    
26        66        74        226       251       436           4.6781      1.0384         0.3396      118.1584    0.8701      3.0503      1.0000      1.2110    
26        67        38        120       261       826           3.4963      1.0894         0.5464      138.0650    0.6262      2.1669      1.0131      1.3200    
26        68        101       181       264       450           5.8562      1.1002         0.9091      145.4268    1.0645      3.6970      1.0094      1.1758    
26        69        74        125       266       390           4.6365      1.0635         0.3974      110.7249    0.8573      2.9826      1.0077      1.2115    
26        70        161       438       271       557           7.8579      1.1562         0.4690      219.1592    1.3584      4.6868      1.0161      1.0993    
26        71        112       42        272       477           5.1151      1.0052         0.6241      164.7357    1.0903      3.8145      1.0020      1.1771    
26        72        151       207       272       532           7.8949      1.1333         4.0386      161.4663    1.3143      4.5092      1.0218      1.1383    
26        73        88        380       274       440           5.4159      1.0803         1.9120      214.0638    1.0137      3.5095      1.0126      1.2083    
26        74        18        116       275       666           1.7272      1.0362         0.7017      193.0900    0.3087      1.0303      1.0503      0.8000    
26        75        127       30        290       494           6.3075      1.0520         0.4384      70.5789     1.2066      4.2067      1.0055      1.1364    
26        76        36        138       286       358           2.7088      0.9902         0.4618      181.0600    0.5347      1.8744      1.0000      1.5625    
26        77        24        222       288       806           2.8423      1.1753         0.7122      163.3636    0.4642      1.5648      1.0400      1.6190    
26        78        472       410       297       1000          14.1570     1.2080         -0.2228     236.3349    2.2894      7.7431      1.0365      1.0534    
26        79        53        96        294       395           4.5162      1.1747         0.4607      118.6386    0.7744      2.6625      1.0197      1.2658    
26        80        74        42        304       418           4.9458      1.1709         0.2525      166.5642    0.9289      3.1908      1.0205      1.2000    
26        81        25        119       305       361           3.8230      1.3051         2.2953      277.5696    0.5840      1.8346      1.1160      1.4545    
26        82        382       66        318       812           10.3271     1.0256         -0.3997     146.2746    2.0332      7.1152      1.0018      1.0623    
26        83        64        471       318       428           4.7225      1.1537         0.3405      123.6548    0.8334      2.8894      1.0112      1.2041    
26        84        166       156       321       580           6.9287      1.0224         0.5874      159.3551    1.3812      4.8202      1.0045      1.0933    
26        85        37        274       324       372           4.2774      1.1738         0.7153      94.3976     0.6965      2.2499      1.0853      1.2203    
26        86        22        384       323       721           2.7483      1.1013         0.6163      251.9294    0.4839      1.6655      1.0186      1.6667    
26        87        159       346       331       590           6.5778      1.0556         0.6941      147.1265    1.2577      4.3968      1.0028      1.1417    
26        88        107       450       329       501           8.0011      1.3064         0.4203      86.8527     1.1886      3.8716      1.0763      1.1459    
26        89        57        380       331       396           4.0650      1.0379         0.2387      169.5044    0.8004      2.7953      1.0038      1.2360    
26        90        52        98        344       412           4.6998      1.2502         0.8574      224.3430    0.7522      2.5111      1.0501      1.3043    
26        91        148       256       349       604           7.1553      1.1450         0.3700      109.2009    1.3116      4.5092      1.0197      1.1034    
26        92        50        17        348       368           3.7420      1.2019         0.0644      278.1737    0.6748      2.3428      1.0097      1.3000    
26        93        55        66        350       417           7.0806      1.4632         -0.1438     264.3567    0.9638      2.7707      1.2195      1.1134    
26        94        192       425       353       582           7.4755      1.0629         0.2968      228.0988    1.4334      4.9990      1.0052      1.1028    
26        95        39        122       349       387           4.6132      1.3075         0.3906      344.9370    0.7157      2.2745      1.1031      1.2131    
26        96        53        410       350       753           3.6690      1.0280         0.3580      228.7816    0.7018      2.4602      1.0000      1.3231    
26        97        21        89        352       759           2.5988      1.0631         0.1184      397.1789    0.4835      1.6655      1.0178      1.4815    
26        98        49        369       354       377           4.6516      1.2185         1.3467      170.0927    0.7651      2.5745      1.0419      1.3056    
26        99        39        22        355       825           3.3546      1.1460         0.6878      231.4222    0.6663      2.2745      1.0270      1.3214    
26        100       42        406       357       774           3.8164      1.0971         0.3663      165.7334    0.6792      2.3428      1.0163      1.3684    
26        101       27        394       364       727           2.6374      1.0505         0.4119      314.8824    0.5110      1.7914      1.0000      1.5333    
26        102       144       39        370       534           6.4037      1.0603         0.5504      165.3113    1.2453      4.3519      1.0032      1.1261    
26        103       139       296       371       523           7.8783      1.1702         0.7999      80.0976     1.2961      4.4136      1.0295      1.1452    
26        104       54        349       367       388           4.6296      1.2154         0.0763      242.0615    0.7811      2.6625      1.0285      1.3158    
26        105       19        405       369       696           1.6274      0.9795         1.0870      296.3194    0.3061      1.0730      1.0000      0.9000    
26        106       125       248       374       571           6.8215      1.1540         0.4485      76.8330     1.1635      3.9990      1.0200      1.1244    
26        107       236       142       378       583           8.8169      1.0648         0.0813      262.5895    1.6171      5.6406      1.0051      1.0896    
26        108       42        70        380       394           3.8841      1.1725         0.9389      190.5036    0.6610      2.2499      1.0300      1.3091    
26        109       176       47        388       551           7.3640      1.0560         0.4522      120.4135    1.4109      4.9326      1.0027      1.1205    
26        110       18        132       387       595           1.6305      0.9688         0.3240      438.8611    0.3061      1.0730      1.0000      0.9000    
26        111       74        231       390       408           4.6986      1.1033         0.3653      126.1286    0.8493      2.9585      1.0064      1.2400    
26        112       142       154       394       549           6.8755      1.1151         0.5135      258.4891    1.1950      4.1367      1.0127      1.1204    
26        113       143       357       401       554           6.7439      1.0558         0.2371      102.5348    1.2412      4.3208      1.0070      1.1282    
26        114       157       470       412       625           7.2203      1.1197         2.0999      99.3613     1.3421      4.6398      1.0141      1.1055    
26        115       112       119       415       456           6.6367      1.1473         0.4408      163.1467    1.1493      3.9444      1.0215      1.1640    
26        116       128       411       416       518           6.5095      1.0731         0.3887      106.1026    1.1989      4.1897      1.0032      1.1376    
26        117       24        427       413       761           2.5573      1.0237         0.3226      274.2693    0.4909      1.6926      1.0167      1.5000    
26        118       65        40        423       377           4.7593      1.1339         0.9468      131.9317    0.8268      2.8660      1.0113      1.2747    
26        119       137       239       428       557           6.8858      1.1084         0.3684      97.6171     1.2102      4.2067      1.0085      1.1521    
26        120       57        328       432       427           5.7028      1.3393         0.5068      151.2985    0.8880      2.8190      1.1043      1.2043    
26        121       23        41        432       746           2.5658      1.0710         0.6163      279.7618    0.4909      1.6926      1.0167      1.5000    
26        122       82        141       438       402           5.4150      1.1015         0.5318      168.8668    0.9674      3.3299      1.0185      1.1818    
26        123       93        148       443       473           5.7284      1.0955         0.4967      149.3559    1.0213      3.5276      1.0150      1.1429    
26        124       153       259       448       511           6.1226      1.0307         0.2341      122.8106    1.2605      4.3968      1.0050      1.1561    
26        125       81        54        452       453           4.7884      0.9973         1.7989      106.5488    0.8877      3.1121      1.0000      1.2321    
26        126       168       203       464       573           7.4091      1.0327         0.5167      60.3881     1.3885      4.8056      1.0130      1.1280    
26        127       257       229       469       679           7.8460      0.9998         0.5171      119.6116    1.6709      5.8481      1.0016      1.1000    
26        128       137       318       474       459           6.6118      1.0530         0.4873      98.4697     1.2501      4.3519      1.0070      1.1308    
26        129       100       330       475       405           5.3736      1.0543         0.4697      127.2186    1.0382      3.6052      1.0095      1.1795    
26        130       79        57        477       428           4.5693      1.0446         0.3470      169.0494    0.8736      3.0503      1.0041      1.2110    
26        131       18        392       478       785           1.6182      0.9771         0.4676      296.3842    0.3061      1.0730      1.0000      0.9000    
26        132       177       30        488       600           8.1359      1.0839         0.6389      59.8450     1.3918      4.8347      1.0092      1.1186    
26        133       114       250       485       504           5.8027      1.0375         0.4482      84.1773     1.0880      3.7948      1.0051      1.1657    
26        134       194       115       489       600           8.3627      1.1211         5.8832      231.7577    1.4332      4.9860      1.0077      1.0966    
26        135       203       446       487       596           7.7545      1.0357         0.3386      85.7491     1.4556      5.0847      1.0036      1.1227    
26        136       114       170       493       396           5.4390      1.0129         0.5214      145.5906    1.0891      3.8145      1.0009      1.1705    
26        137       230       221       498       714           8.7560      1.1478         3.1244      68.3037     1.5245      5.2383      1.0203      1.0992    
26        138       171       159       499       471           7.6614      1.1387         0.4192      101.0762    1.3481      4.6557      1.0151      1.1292    
26        139       38        124       497       686           3.8688      1.1337         0.4888      172.0102    0.6494      2.1962      1.0366      1.3077    
26        140       55        177       499       701           4.5288      1.0997         0.9465      118.5525    0.7855      2.6042      1.0575      1.1163    
26        141       35        495       500       376           3.5358      1.0775         0.5254      99.1983     0.6338      2.1358      1.0403      1.1636    
27        0         55        39        9         655           4.8439      1.1993         0.9144      404.0240    0.7951      2.7187      1.0369      1.2381    
27        1         325       210       13        736           10.7417     1.1967         0.3847      96.0983     1.8473      6.4457      1.0161      1.0809    
27        2         89        354       8         375           6.0163      1.1709         0.4442      84.7177     0.9952      3.4126      1.0339      1.2239    
27        3         65        49        11        427           5.4864      1.1966         0.4764      369.2960    0.8722      2.9585      1.0453      1.1171    
27        4         36        272       9         508           2.7570      1.0104         0.9739      105.9763    0.5287      1.8744      1.0000      1.5625    
27        5         46        183       16        412           3.8000      1.0753         0.5516      109.1279    0.6781      2.4044      1.0000      1.3226    
27        6         219       269       21        629           8.2848      1.1464         0.3597      91.0150     1.5341      5.3220      1.0220      1.0899    
27        7         47        289       17        413           4.5173      1.1661         0.6579      107.2626    0.7368      2.4863      1.0508      1.1892    
27        8         75        398       18        415           6.3889      1.2614         0.4555      75.2270     0.9519      3.1391      1.0751      1.1570    
27        9         83        402       24        419           5.2117      1.0805         0.3939      107.4024    0.9469      3.3082      1.0148      1.1667    
27        10        115       305       40        507           6.3508      1.1048         1.2272      110.7328    1.1404      3.9811      1.0156      1.1371    
27        11        84        120       40        444           5.8536      1.1747         0.7777      117.8085    0.9717      3.3717      1.0218      1.1765    
27        12        180       342       50        625           7.2865      1.0461         1.3087      154.2987    1.3883      4.9050      1.0035      1.1148    
27        13        168       103       67        546           7.9273      1.0832         0.8545      83.6518     1.3672      4.8056      1.0087      1.1126    
27        14        192       248       80        607           7.2564      1.0205         0.3670      75.0654     1.4341      5.0708      1.0027      1.0931    
27        15        114       201       79        483           5.9622      1.0488         0.6414      48.6158     1.0753      3.7948      1.0046      1.1657    
27        16        45        49        85        365           3.6052      1.0304         0.4631      208.6337    0.6939      2.4602      1.0000      1.3231    
27        17        30        386       86        858           2.7217      1.0273         0.9090      182.4773    0.5174      1.8346      1.0000      1.5484    
27        18        197       109       104       639           7.9898      1.1040         2.5510      231.2214    1.4078      4.9596      1.0064      1.1083    
27        19        78        163       104       431           4.7150      1.0393         0.5585      64.6244     0.8551      3.0284      1.0012      1.2264    
27        20        184       491       107       652           7.6637      1.1534         0.9523      186.3052    1.3826      4.8347      1.0139      1.1037    
27        21        41        13        110       781           2.8146      1.0430         0.0501      242.0063    0.5287      1.8744      1.0000      1.5625    
27        22        313       132       119       691           8.8644      1.0319         0.8186      194.5840    1.8085      6.4025      1.0015      1.0721    
27        23        52        196       123       377           3.6904      1.0238         0.5989      100.0388    0.7012      2.4863      1.0000      1.3134    
27        24        100       18        127       498           6.1164      1.1293         3.0003      183.5678    1.0223      3.5657      1.0165      1.1765    
27        25        130       37        131       568           6.2702      1.0270         0.6221      134.0590    1.1874      4.1723      1.0091      1.1081    
27        26        177       64        134       522           8.1001      1.0948         4.1377      371.0397    1.3984      4.9189      1.0080      1.0962    
27        27        296       104       137       710           9.4807      1.0670         2.5783      181.2462    1.7835      6.2933      1.0048      1.0707    
27        28        42        115       132       594           3.8852      1.1100         0.4405      151.5486    0.6683      2.3428      1.0115      1.3000    
27        29        109       463       137       401           6.8094      1.1275         0.3616      58.7293     1.1069      3.8529      1.0186      1.1602    
27        30        311       468       151       610           9.4090      1.0800         -0.0844     149.6181    1.7930      6.3375      1.0031      1.0860    
27        31        94        65        146       383           5.7016      1.0976         0.5656      157.1462    0.9881      3.4721      1.0090      1.1888    
27        32        148       311       149       608           7.1172      1.0405         0.3564      66.1640     1.2320      4.3519      1.0038      1.1453    
27        33        140       83        149       486           6.8663      1.1102         2.0386      198.6504    1.2196      4.2888      1.0083      1.1354    
27        34        107       151       154       535           6.5633      1.1815         0.5568      82.2153     1.0800      3.7170      1.0302      1.1395    
27        35        164       377       161       577           7.9742      1.1043         2.4326      78.0885     1.3457      4.7321      1.0083      1.1326    
27        36        59        31        166       389           3.7621      1.0348         0.0007      176.4360    0.7012      2.4863      1.0000      1.3134    
27        37        36        252       166       759           3.5172      1.1247         0.4787      179.7200    0.6281      2.1962      1.0140      1.3333    
27        38        171       263       177       511           7.8902      1.1255         0.5521      91.9410     1.3708      4.8202      1.0083      1.1081    
27        39        59        147       175       455           5.7707      1.2809         0.4860      97.4744     0.8909      2.8660      1.1022      1.1717    
27        40        120       394       178       498           6.9785      1.1269         0.9746      78.4480     1.1673      4.0702      1.0169      1.1304    
27        41        131       15        188       515           7.2100      1.1146         6.7709      110.0605    1.1890      4.1723      1.0104      1.1442    
27        42        91        188       194       459           5.9581      1.1561         0.4245      140.9576    1.0061      3.4721      1.0273      1.1644    
27        43        39        222       195       784           2.8542      1.0094         0.3903      181.8896    0.5287      1.8744      1.0000      1.5625    
27        44        152       340       199       566           7.6635      1.1932         0.3872      88.5986     1.2959      4.4624      1.0296      1.1146    
27        45        147       234       208       531           6.8499      1.0955         0.2291      139.9083    1.2244      4.3208      1.0047      1.1379    
27        46        56        16        211       440           4.9720      1.2184         1.5264      156.4862    0.7862      2.6911      1.0358      1.2289    
27        47        32        458       210       854           2.6693      1.0056         0.4750      166.7968    0.5053      1.7914      1.0000      1.5333    
27        48        76        271       221       440           5.4278      1.2677         0.5949      298.1873    0.9146      3.0715      1.0557      1.2407    
27        49        133       89        235       508           6.7436      1.0960         0.4278      59.1708     1.1909      4.1897      1.0078      1.1535    
27        50        272       359       240       728           8.1441      1.0424         1.0838      335.1941    1.6364      5.7886      1.0023      1.0998    
27        51        174       243       243       540           7.1046      1.0025         0.6555      118.5963    1.3987      4.9050      1.0110      1.0828    
27        52        58        287       246       386           4.6798      1.1676         0.5896      110.3518    0.7861      2.7452      1.0152      1.2619    
27        53        16        13        245       732           1.6424      0.9792         1.0254      127.8077    0.3026      1.0730      1.0000      0.9000    
27        54        30        58        254       825           2.8935      1.1587         0.4263      180.0100    0.4933      1.6926      1.0333      1.5556    
27        55        132       54        266       563           6.0619      1.0986         0.3527      200.8252    1.1542      4.0352      1.0141      1.1058    
27        56        30        326       267       855           2.6774      0.9940         2.3333      171.2520    0.5125      1.7914      1.0144      1.4839    
27        57        59        246       273       406           4.5935      1.1296         0.6984      123.1645    0.7956      2.7953      1.0092      1.2644    
27        58        57        395       273       413           3.6529      1.0551         1.7582      202.1490    0.6939      2.4602      1.0000      1.3231    
27        59        102       451       276       476           5.6807      1.0098         4.1525      230.6131    1.0623      3.7558      1.0028      1.1696    
27        60        132       423       280       429           7.1400      1.1024         4.8961      198.7413    1.1894      4.1723      1.0107      1.1336    
27        61        45        203       278       769           3.6652      1.0888         0.3795      175.6809    0.6538      2.3095      1.0037      1.3571    
27        62        98        170       283       472           6.8818      1.2140         0.3703      94.4839     1.0733      3.6614      1.0394      1.1656    
27        63        62        497       284       426           4.8013      1.1959         0.6976      108.0992    0.8000      2.7452      1.0333      1.2045    
27        64        140       210       289       538           7.6771      1.1881         0.4843      106.4605    1.2489      4.2888      1.0325      1.1207    
27        65        301       423       295       601           9.8067      1.0495         -0.0119     181.0589    1.8095      6.3918      1.0038      1.0664    
27        66        187       53        304       611           7.6609      1.1251         0.6623      98.8969     1.3901      4.8772      1.0105      1.1126    
27        67        31        496       307       410           5.2234      1.3119         0.6620      87.2641     0.7435      1.9950      1.3214      0.9655    
27        68        160       18        310       513           6.5628      1.0095         1.0922      81.3689     1.2606      4.4624      1.0016      1.1371    
27        69        179       182       312       593           7.7060      1.0869         2.9441      230.7900    1.3932      4.9050      1.0071      1.0863    
27        70        37        437       308       729           3.5595      1.0855         0.5320      216.4501    0.6428      2.2499      1.0129      1.3585    
27        71        150       370       313       520           6.5074      1.0312         0.9723      167.8837    1.2644      4.4782      1.0011      1.1452    
27        72        94        289       318       478           5.8351      1.1344         0.6795      82.3614     0.9987      3.4910      1.0143      1.1862    
27        73        59        16        322       773           4.1185      1.1047         0.8573      216.0001    0.8097      2.8419      1.0102      1.2809    
27        74        67        85        328       421           4.4253      1.0986         -0.2503     315.8220    0.8309      2.9119      1.0117      1.2371    
27        75        92        39        329       434           6.1298      1.1351         0.4055      52.6042     1.0043      3.5095      1.0146      1.2083    
27        76        42        15        336       360           4.7422      1.3234         1.0452      137.6973    0.7225      2.3743      1.0788      1.3559    
27        77        121       266       343       561           5.8150      1.2592         0.3397      211.8567    1.0148      3.5095      1.0252      1.1600    
27        78        71        306       351       459           5.5054      1.2037         0.5550      107.5861    0.9124      3.0921      1.0462      1.1826    
27        79        24        65        363       760           3.2970      1.2361         0.6181      242.9236    0.5264      1.7443      1.0701      1.5172    
27        80        114       53        366       461           5.4994      1.0151         0.4031      93.2248     1.0725      3.7948      1.0021      1.1792    
27        81        67        362       366       443           4.5309      1.1168         0.1602      180.6576    0.8247      2.8894      1.0119      1.2292    
27        82        218       187       373       604           8.4355      1.0651         2.0094      199.3037    1.5634      5.4893      1.0098      1.0812    
27        83        133       84        379       513           7.0372      1.1107         0.8691      119.5935    1.1965      4.2067      1.0084      1.1574    
27        84        80        319       381       427           4.6775      1.0174         0.4080      88.3067     0.8663      3.0715      1.0000      1.2182    
27        85        95        415       384       498           5.5805      1.1334         0.5870      152.2254    1.0013      3.4329      1.0342      1.1690    
27        86        171       257       385       575           7.3359      1.0734         2.0138      115.2216    1.3716      4.8347      1.0058      1.1000    
27        87        144       59        385       526           6.4412      1.0328         0.5652      105.4915    1.2423      4.3968      1.0018      1.1276    
27        88        223       138       394       584           9.0779      1.1251         -0.5168     204.9754    1.5488      5.4147      1.0141      1.1099    
27        89        64        117       398       406           5.8182      1.3363         -0.1948     271.3056    0.8632      2.7953      1.0949      1.2500    
27        90        56        92        403       416           4.3069      1.0850         0.2328      235.3221    0.7973      2.7953      1.0114      1.2088    
27        91        84        488       405       448           4.7683      1.0035         0.4394      74.7365     0.8678      3.0715      1.0017      1.2182    
27        92        42        12        408       360           4.7875      1.2699         0.9661      72.8493     0.7267      2.4044      1.0716      1.3898    
27        93        231       178       416       589           8.5646      1.0426         1.0402      317.3001    1.5841      5.5891      1.0049      1.1106    
27        94        39        314       414       868           3.5553      1.1966         0.5571      190.1627    0.6331      2.1962      1.0222      1.4468    
27        95        123       426       424       515           6.7753      1.1701         1.2790      149.6602    1.1548      3.9990      1.0239      1.1531    
27        96        93        40        426       410           4.9276      1.0164         0.8292      73.0083     0.8777      3.1121      1.0000      1.2321    
27        97        66        32        430       373           4.6861      1.0686         1.2778      98.4347     0.8363      2.9337      1.0107      1.1845    
27        98        58        60        432       412           4.3952      1.0627         2.2279      227.9049    0.7965      2.7953      1.0103      1.2360    
27        99        37        493       431       373           3.7564      1.1529         0.5018      116.3213    0.6282      2.1669      1.0278      1.2222    
27        100       34        473       431       780           3.6793      1.1109         0.6389      94.7527     0.6107      2.1358      1.0137      1.3913    
27        101       154       157       437       602           7.9660      1.2203         0.6897      136.8918    1.2750      4.3671      1.0351      1.1345    
27        102       61        466       441       757           5.0219      1.1112         0.4925      61.7361     0.8278      2.8419      1.0327      1.1400    
27        103       105       459       446       773           7.0984      1.1815         0.3245      62.7234     1.0943      3.7746      1.0279      1.1477    
27        104       134       452       453       351           8.3834      1.1871         0.3410      61.0812     1.2635      4.2724      1.0485      1.0795    
27        105       312       437       454       623           9.8302      1.1135         0.0722      185.5732    1.7688      6.2048      1.0107      1.0794    
27        106       141       172       456       575           7.6349      1.1748         0.8135      160.8433    1.2745      4.3821      1.0312      1.1193    
27        107       101       477       456       487           6.2935      1.0939         0.4717      51.1257     1.0414      3.6614      1.0084      1.1656    
27        108       141       125       458       498           7.0848      1.1009         2.6959      155.2208    1.2042      4.2401      1.0069      1.1651    
27        109       337       243       465       753           8.7102      1.0123         -0.4131     176.5940    1.8242      6.4572      1.0017      1.0688    
27        110       47        495       465       363           3.4580      1.0066         0.5000      119.2048    0.7083      2.5111      1.0000      1.3235    
27        111       141       63        472       521           6.5983      1.1019         1.2561      218.1111    1.2020      4.2236      1.0091      1.1667    
27        112       25        237       475       589           2.6937      1.0331         0.7673      146.5236    0.4965      1.6926      1.0400      1.5000    
27        113       75        380       479       378           4.5878      1.0798         0.7186      171.8162    0.8524      3.0058      1.0055      1.2190    
27        114       337       100       485       841           10.8756     1.1133         0.9412      335.0719    1.9087      6.6568      1.0166      1.0451    
27        115       146       458       482       539           6.6364      1.1194         0.1998      121.4874    1.1965      4.2067      1.0085      1.1521    
27        116       100       263       482       468           6.6736      1.1844         0.4128      83.0656     1.0762      3.6794      1.0370      1.1566    
27        117       42        402       481       869           3.4614      0.9945         0.4845      137.6984    0.6781      2.4044      1.0000      1.3226    
27        118       82        182       489       366           5.8345      1.1957         0.5454      114.6778    0.9635      3.3082      1.0326      1.2126    
27        119       115       370       490       458           5.8494      1.0455         0.3379      81.1995     1.0755      3.7948      1.0049      1.1657    
27        120       179       235       493       605           7.6741      1.1351         0.7711      69.9920     1.3493      4.7021      1.0175      1.1264    
27        121       31        24        492       845           3.4194      1.2432         0.0344      301.9994    0.5953      1.9577      1.0781      1.5429    
27        122       104       170       495       418           5.5375      1.0663         0.4074      109.4619    1.0358      3.6431      1.0081      1.1677    
27        123       54        270       495       371           3.7559      1.0357         0.5524      122.9109    0.7012      2.4863      1.0000      1.3134    
27        124       15        311       497       763           1.6641      1.0017         1.0778      179.3629    0.3026      1.0730      1.0000      0.9000    
27        125       27        92        503       560           2.8068      1.1055         0.1020      325.0112    0.4996      1.7443      1.0154      1.5172    
27        126       22        160       503       571           2.4814      1.0268         0.8722      167.3016    0.4519      1.6021      1.0000      1.4400    
28        0         43        33        11        623           3.8709      1.0480         1.2747      68.9954     0.7632      2.3428      1.0163      1.3684    
28        1         194       46        13        506           7.8493      1.1117         0.3054      74.7424     1.5887      4.8910      1.0134      1.1267    
28        2         27        329       9         719           3.7878      1.3015         0.8611      124.9866    0.6452      1.8346      1.0973      1.5000    
28        3         42        432       10        636           4.9157      1.2976         1.4149      92.2984     0.8238      2.3743      1.0825      1.3793    
28        4         23        450       10        629           2.4671      1.0862         0.8505      163.3726    0.5338      1.6655      1.0000      1.4815    
28        5         63        431       19        352           4.2637      1.1693         0.4285      147.2327    0.9079      2.7953      1.0133      1.2644    
28        6         48        445       20        359           3.9442      1.1400         0.5321      101.9983    0.7646      2.3743      1.0047      1.3115    
28        7         191       484       32        606           7.9327      1.0986         3.6069      91.8095     1.5920      4.9189      1.0098      1.0962    
28        8         65        72        30        462           5.8080      1.2614         0.5484      118.8119    1.0208      2.9337      1.0856      1.1845    
28        9         85        307       40        464           6.2092      1.2817         0.4746      124.5269    1.0950      3.2860      1.0396      1.1969    
28        10        35        436       44        379           3.7088      1.0963         0.6640      106.0811    0.7186      2.1962      1.0208      1.2364    
28        11        129       176       47        518           6.8034      1.0395         0.9039      47.7731     1.3480      4.1897      1.0038      1.1376    
28        12        25        491       49        736           2.8275      1.0652         0.7085      81.7171     0.5516      1.6926      1.0167      1.5000    
28        13        38        357       55        354           3.5020      1.0569         0.6290      114.0261    0.7239      2.2238      1.0156      1.3208    
28        14        29        491       60        357           3.2313      1.0450         0.6687      88.1163     0.6540      1.9950      1.0228      1.3333    
28        15        38        21        64        354           3.4883      1.0503         0.5254      108.6417    0.7264      2.2238      1.0192      1.3208    
28        16        144       49        67        555           6.4721      1.0261         3.0847      219.4030    1.4162      4.4136      1.0011      1.1311    
28        17        45        407       74        394           3.8111      1.0823         0.6352      108.1750    0.7730      2.3743      1.0157      1.2903    
28        18        183       426       78        643           8.5756      1.0987         4.9073      126.1222    1.6567      5.0708      1.0193      1.0866    
28        19        132       202       78        510           6.7013      1.0911         0.7390      40.1157     1.3400      4.1547      1.0063      1.1564    
28        20        32        314       75        352           3.6723      1.2485         0.5156      197.1516    0.6803      1.9950      1.0639      1.3659    
28        21        155       97        79        553           7.5223      1.1969         0.5289      115.2126    1.4644      4.4464      1.0275      1.1382    
28        22        39        449       78        352           3.3881      1.0389         0.5904      130.0682    0.7477      2.3095      1.0101      1.2881    
28        23        76        251       85        406           4.7139      1.0648         0.7020      69.4125     0.9619      2.9826      1.0062      1.2475    
28        24        68        139       88        436           5.7728      1.2616         0.5318      89.2322     1.0253      3.0284      1.0562      1.1712    
28        25        36        389       89        811           2.7308      0.9901         0.6956      120.5889    0.6008      1.8744      1.0000      1.5625    
28        26        135       317       99        556           6.4836      1.0922         1.3041      113.5591    1.3372      4.1367      1.0085      1.1524    
28        27        208       109       105       590           7.5007      1.0564         2.7357      240.1959    1.6422      5.1121      1.0022      1.1012    
28        28        92        359       104       484           5.9995      1.1901         1.9467      91.2547     1.1306      3.4329      1.0276      1.1857    
28        29        34        380       102       813           3.3374      1.1913         0.5232      200.8632    0.6773      2.1027      1.0050      1.4091    
28        30        22        491       104       775           2.6488      1.1013         0.6986      96.0077     0.5177      1.6021      1.0082      1.6364    
28        31        72        476       110       439           4.7600      1.0624         0.5037      63.5031     0.9408      2.9119      1.0080      1.2500    
28        32        388       131       118       847           10.3249     1.0853         -0.2101     133.1332    2.2166      6.8840      1.0046      1.0772    
28        33        147       442       122       521           6.7309      1.0873         1.6360      86.9067     1.3948      4.3365      1.0035      1.1368    
28        34        37        283       124       845           3.4041      1.0894         0.6104      158.1031    0.7305      2.2499      1.0129      1.3585    
28        35        102       213       127       468           5.7258      1.0661         1.0704      78.7236     1.1925      3.6794      1.0112      1.1852    
28        36        35        197       125       824           3.6802      1.1652         0.8765      95.4245     0.6923      2.1358      1.0112      1.4222    
28        37        44        156       136       411           5.5400      1.3818         0.7527      86.8832     0.9071      2.4044      1.1770      1.1549    
28        38        323       65        145       704           10.9061     1.1047         0.7950      130.7156    2.1581      6.6568      1.0115      1.0701    
28        39        58        386       140       392           3.5725      1.0064         0.6339      96.6988     0.8049      2.5111      1.0000      1.3235    
28        40        65        107       141       398           4.4997      1.1355         1.5817      151.5811    0.9290      2.8660      1.0113      1.2747    
28        41        32        490       146       785           2.4457      0.9980         0.6074      155.6278    0.5880      1.8346      1.0000      1.5484    
28        42        190       472       153       610           7.7514      1.0634         0.2571      49.2948     1.6182      5.0282      1.0041      1.0982    
28        43        151       153       155       571           7.5434      1.1053         0.5324      58.6577     1.4956      4.5745      1.0200      1.1128    
28        44        75        339       170       406           5.7029      1.1876         0.5749      83.9988     1.0725      3.2397      1.0329      1.2033    
28        45        143       90        177       525           6.6010      1.0238         4.1119      114.4945    1.4020      4.3519      1.0051      1.1308    
28        46        66        195       180       416           5.6560      1.2447         0.3443      132.4567    1.0025      3.0058      1.0406      1.2308    
28        47        163       311       188       580           7.3622      1.1014         0.5645      70.1931     1.5049      4.6398      1.0120      1.1055    
28        48        139       341       194       535           6.8032      1.0628         0.4520      57.6477     1.4030      4.3671      1.0023      1.1441    
28        49        16        379       193       789           2.1224      1.0163         1.1179      137.4017    0.4672      1.3582      1.0733      1.6250    
28        50        81        455       205       386           4.8448      1.0191         0.4244      79.2294     0.9975      3.1121      1.0000      1.2321    
28        51        84        69        211       475           6.0863      1.3076         0.3361      154.4076    1.0984      3.2155      1.0658      1.1774    
28        52        73        460       212       369           4.3240      1.0210         0.3867      115.8130    0.9788      3.0503      1.0011      1.2110    
28        53        67        443       215       392           3.8470      0.9923         2.2168      89.6891     0.8049      2.5111      1.0000      1.3235    
28        54        46        71        225       376           4.7012      1.2180         0.4923      103.7726    0.8311      2.4863      1.0430      1.2055    
28        55        227       362       242       623           8.0660      1.0438         0.2738      88.0032     1.8025      5.5891      1.0062      1.0807    
28        56        266       243       242       658           9.8622      1.1512         0.0112      128.8468    1.9260      5.8860      1.0209      1.0987    
28        57        198       285       243       611           7.6235      1.0805         1.6786      124.9125    1.5814      4.8910      1.0088      1.1155    
28        58        123       160       256       520           6.2573      1.0828         3.3593      165.8844    1.3251      4.1040      1.0073      1.1333    
28        59        73        445       260       438           4.8011      1.0586         0.4869      103.9854    0.9669      3.0058      1.0036      1.1963    
28        60        25        32        260       773           2.5341      1.0596         0.5220      203.1484    0.5677      1.7443      1.0154      1.5172    
28        61        35        146       271       362           2.7344      1.0334         0.6946      150.0144    0.5880      1.8346      1.0000      1.5484    
28        62        123       367       276       582           6.2181      1.0964         0.5983      110.3362    1.3207      4.0702      1.0123      1.0986    
28        63        30        20        272       803           2.6610      1.0264         0.6023      131.5761    0.5880      1.8346      1.0000      1.5484    
28        64        129       478       276       518           6.5651      1.0809         0.5666      81.4186     1.3668      4.2401      1.0057      1.1140    
28        65        98        404       279       454           5.8904      1.1278         1.0158      132.6598    1.1713      3.6052      1.0136      1.1871    
28        66        140       299       285       528           6.7446      1.0580         0.5646      55.1899     1.3936      4.3049      1.0100      1.1342    
28        67        239       215       289       689           9.0692      1.1764         0.3722      126.6534    1.7414      5.3357      1.0182      1.0894    
28        68        66        121       290       420           4.6650      1.1238         0.5814      86.9499     0.9297      2.8419      1.0207      1.2128    
28        69        104       179       290       476           7.4727      1.3381         1.3937      151.0658    1.3061      3.6970      1.1022      1.1617    
28        70        57        72        297       415           4.6409      1.1798         0.6055      123.8161    0.9012      2.7452      1.0243      1.2326    
28        71        197       432       302       695           8.9867      1.1747         1.2652      170.3998    1.6982      5.1552      1.0278      1.0930    
28        72        57        177       299       847           4.0317      1.0902         3.2367      118.8622    0.7798      2.4330      1.0000      1.3125    
28        73        133       55        304       514           6.1782      1.0047         0.3668      51.3206     1.3616      4.2236      1.0058      1.1560    
28        74        283       373       312       745           9.5717      1.1327         -0.1550     153.4289    1.9378      5.9596      1.0145      1.0726    
28        75        92        21        310       428           5.8979      1.1724         1.0409      82.0766     1.1132      3.3511      1.0364      1.2154    
28        76        69        160       307       441           5.3691      1.2228         2.8692      203.3970    1.0271      3.0715      1.0433      1.1964    
28        77        33        27        308       773           2.8007      1.0513         0.6385      102.4295    0.5880      1.8346      1.0000      1.5484    
28        78        86        91        310       838           4.6169      0.9910         0.4732      88.8388     0.9975      3.1121      1.0000      1.2321    
28        79        48        339       308       383           3.7671      1.0314         1.0410      100.6268    0.7886      2.4602      1.0000      1.3231    
28        80        60        83        315       780           3.7888      1.0239         0.5852      107.2701    0.7969      2.4863      1.0000      1.3134    
28        81        144       91        321       447           6.6999      1.0314         0.9752      90.2237     1.4030      4.3671      1.0023      1.1345    
28        82        106       319       320       399           5.6956      1.0867         0.6750      88.3291     1.1806      3.6431      1.0111      1.1605    
28        83        176       278       326       592           7.4329      1.1152         0.4843      65.3098     1.5417      4.7468      1.0133      1.1197    
28        84        146       311       327       491           6.6034      1.0237         0.9127      65.7571     1.4160      4.3968      1.0048      1.1369    
28        85        58        179       325       388           4.6307      1.1357         2.4157      253.0336    0.9116      2.7953      1.0175      1.2644    
28        86        19        123       327       782           1.6432      0.9874         0.6944      162.0950    0.3439      1.0730      1.0000      0.9000    
28        87        63        56        333       405           4.3226      1.1143         0.6983      125.9243    0.9188      2.8419      1.0087      1.2258    
28        88        74        393       332       432           5.3395      1.1899         0.3063      137.1121    1.0441      3.1653      1.0291      1.1933    
28        89        54        98        341       372           3.5691      1.0144         -0.0818     293.5734    0.8049      2.5111      1.0000      1.3235    
28        90        66        424       342       466           6.3056      1.4028         0.3415      133.7178    1.0506      2.9337      1.1173      1.1961    
28        91        103       115       349       391           5.6628      1.0549         0.3295      119.4050    1.2168      3.7746      1.0057      1.1676    
28        92        17        292       351       787           2.6137      1.2092         0.9404      182.7915    0.5043      1.4753      1.0665      1.5000    
28        93        124       119       359       456           7.9150      1.2722         -0.3143     192.7403    1.3755      3.9990      1.0731      1.0971    
28        94        106       127       370       445           6.4895      1.1589         0.8616      261.6656    1.2412      3.7948      1.0204      1.1271    
28        95        108       171       382       491           5.7574      1.0638         0.4323      125.9401    1.1907      3.6794      1.0096      1.1852    
28        96        37        115       398       357           2.8517      1.0421         0.9340      165.5462    0.5880      1.8346      1.0000      1.5484    
28        97        44        387       397       364           3.5188      1.1060         0.2775      198.1589    0.7430      2.3095      1.0037      1.3571    
28        98        34        191       399       836           2.7637      1.0124         0.3340      234.8172    0.5880      1.8346      1.0000      1.5484    
28        99        57        94        407       452           5.0148      1.0387         1.4066      110.5399    0.9697      2.7707      1.0919      0.9730    
28        100       185       411       413       591           7.7865      1.0224         5.1753      76.3289     1.6227      5.0568      1.0012      1.1070    
28        101       32        175       410       845           2.8125      1.0207         0.4191      227.3234    0.5880      1.8346      1.0000      1.5484    
28        102       202       65        415       594           7.3398      1.0513         1.6143      169.0734    1.6233      5.0426      1.0044      1.1180    
28        103       144       108       419       510           7.2097      1.0684         6.4061      143.8779    1.4078      4.3821      1.0023      1.1381    
28        104       135       462       426       483           6.7276      1.1247         0.8844      91.4713     1.3518      4.1897      1.0066      1.1376    
28        105       254       375       432       673           8.8032      1.0947         0.4077      115.6137    1.8313      5.6788      1.0061      1.0831    
28        106       25        385       428       675           2.8709      1.1324         0.7809      138.7466    0.5382      1.6354      1.0267      1.5200    
28        107       158       467       443       490           6.8201      1.0883         0.6155      88.3249     1.4283      4.4464      1.0022      1.1336    
28        108       62        483       448       400           4.2681      1.2433         0.0173      233.9876    0.8832      2.6911      1.0240      1.2289    
28        109       35        368       455       357           2.7531      1.0396         0.3992      206.7811    0.6008      1.8744      1.0000      1.5625    
28        110       199       245       463       629           7.3758      1.0164         0.3146      60.0886     1.6361      5.0985      1.0012      1.1018    
28        111       104       380       470       447           5.5546      1.1039         0.7848      130.5171    1.1797      3.6431      1.0102      1.1824    
28        112       64        391       472       866           4.9781      1.1337         0.5221      87.0103     0.9215      2.8419      1.0116      1.2667    
28        113       348       104       485       746           10.3636     1.0244         0.1455      208.8436    2.2315      6.9440      1.0026      1.0723    
28        114       62        347       496       382           3.6713      0.9977         0.6354      80.4288     0.8049      2.5111      1.0000      1.3235    
28        115       137       440       499       500           6.7284      1.0854         0.3697      63.5688     1.3659      4.1897      1.0172      1.1698    
28        116       32        292       498       357           3.6377      1.2045         0.7899      116.6734    0.6701      2.0296      1.0301      1.3810    
28        117       47        22        501       379           3.5341      1.0950         0.5049      166.3803    0.7632      2.3428      1.0163      1.3684    
28        118       88        210       501       470           5.4802      1.2768         0.5501      124.1335    1.0480      3.0058      1.0878      1.3061    
28        119       21        240       500       719           2.8499      1.1266         1.1746      110.4870    0.5382      1.6354      1.0267      1.4615    
29        0         42        404       10        365           3.8075      1.1205         0.8288      85.1555     0.6415      2.2499      1.0280      1.3333    
29        1         57        420       11        381           4.3328      1.0939         0.6925      102.2478    0.7715      2.7452      1.0134      1.2326    
29        2         31        431       10        696           3.4303      1.0634         0.9169      83.0765     0.5993      2.0674      1.0452      1.2000    
29        3         48        475       18        363           3.8597      1.0690         0.6982      89.8520     0.6748      2.4330      1.0000      1.3125    
29        4         33        464       19        833           3.8699      1.2413         0.6417      114.0341    0.6039      2.1027      1.0356      1.3478    
29        5         119       21        28        529           5.7867      1.0422         0.4837      66.1811     1.0742      3.8716      1.0004      1.1713    
29        6         35        161       25        834           2.8243      1.0431         0.7026      113.7724    0.5088      1.8346      1.0000      1.5484    
29        7         46        164       34        363           5.1209      1.3053         0.6944      104.7539    0.7392      2.3743      1.1226      1.1594    
29        8         175       463       47        573           7.3172      1.0655         2.3853      80.7532     1.3616      4.8910      1.0038      1.1229    
29        9         26        157       46        630           2.8585      1.0857         0.9575      117.1851    0.4968      1.7914      1.0000      1.5333    
29        10        79        285       55        495           6.7391      1.3694         0.3683      142.5992    1.0098      3.3082      1.1006      1.1493    
29        11        63        162       57        387           5.9783      1.2105         0.6644      63.8493     0.8953      2.9119      1.1086      1.0084    
29        12        178       153       61        571           8.1178      1.0812         0.5262      39.2182     1.3580      4.8490      1.0097      1.0957    
29        13        183       27        82        589           7.4906      1.0545         2.8118      201.3588    1.3792      4.9462      1.0054      1.1161    
29        14        72        450       84        437           4.6654      1.0742         0.5549      86.0738     0.8334      2.9826      1.0074      1.1887    
29        15        89        387       89        467           5.5516      1.0925         0.4872      83.5200     0.9780      3.4910      1.0101      1.1622    
29        16        83        294       88        412           5.4701      1.1783         0.4246      120.9292    0.9337      3.2860      1.0245      1.2160    
29        17        80        406       91        465           7.1140      1.3608         2.3851      101.8472    1.0249      3.3299      1.1098      1.1471    
29        18        136       75        93        584           6.6952      1.1268         0.6075      106.6571    1.1621      4.1367      1.0129      1.1152    
29        19        58        266       91        383           4.2057      1.0792         0.6259      158.9650    0.7826      2.7953      1.0095      1.2360    
29        20        221       334       98        686           7.4164      1.0356         0.4405      102.1158    1.4119      5.0847      1.0012      1.1159    
29        21        86        279       96        375           4.9327      1.0011         1.4584      76.4046     0.8576      3.0921      1.0000      1.2252    
29        22        29        296       98        655           2.7179      1.0423         0.6384      251.6418    0.5088      1.8346      1.0000      1.5484    
29        23        79        230       101       453           5.0975      1.0873         1.3126      90.6426     0.9191      3.2860      1.0085      1.1875    
29        24        77        17        107       429           5.0705      1.0901         0.4235      78.6765     0.8313      2.9826      1.0049      1.2000    
29        25        39        207       106       373           3.4201      1.1403         1.2807      112.3255    0.6277      2.2238      1.0178      1.3208    
29        26        101       447       109       479           6.2194      1.0923         0.4377      52.3512     1.0376      3.6970      1.0120      1.1758    
29        27        180       297       114       575           7.5918      1.0881         0.9081      101.2090    1.3624      4.8772      1.0072      1.1089    
29        28        62        153       118       456           4.5172      1.0274         0.9316      39.0496     0.7976      2.8660      1.0035      1.1959    
29        29        104       86        120       417           5.9805      1.1285         2.8752      182.5985    1.0213      3.6431      1.0108      1.1605    
29        30        31        291       120       718           3.6657      1.1951         0.5248      179.7923    0.5975      2.0674      1.0420      1.3636    
29        31        127       94        128       897           6.4932      1.0083         1.7657      81.0672     1.1569      4.1367      1.0084      1.1152    
29        32        38        229       123       356           3.4017      1.1008         0.9528      130.7938    0.6321      2.2499      1.0129      1.3585    
29        33        291       109       134       588           9.3321      1.0816         0.6910      89.2692     1.7251      6.1825      1.0061      1.0693    
29        34        137       421       137       533           6.9114      1.1330         0.9525      70.9317     1.1793      4.2067      1.0108      1.1312    
29        35        61        97        137       636           4.9251      1.0922         0.5057      75.4001     0.7976      2.8419      1.0119      1.2258    
29        36        134       377       138       540           7.2938      1.1337         0.4513      48.9539     1.1719      4.1723      1.0128      1.1284    
29        37        60        498       139       351           3.7735      1.0110         0.6273      58.1763     0.6965      2.5111      1.0000      1.3235    
29        38        53        489       142       372           3.3569      1.1531         0.4119      173.6199    0.6277      2.2238      1.0178      1.3208    
29        39        82        457       149       452           4.8236      0.9951         0.5342      43.2281     0.8631      3.1121      1.0000      1.2321    
29        40        259       43        160       716           11.0255     1.2060         0.8798      271.2962    1.7271      5.9836      1.0407      1.0498    
29        41        47        85        156       359           3.6406      1.1016         0.8995      143.4567    0.6604      2.3428      1.0163      1.3684    
29        42        27        64        159       351           2.7018      1.0014         2.3734      152.4495    0.4968      1.7914      1.0000      1.5333    
29        43        176       245       164       575           7.4414      1.0327         0.3628      72.4195     1.3412      4.7757      1.0126      1.0805    
29        44        58        129       164       377           3.7394      1.0015         0.8361      67.5421     0.6823      2.4602      1.0000      1.3030    
29        45        40        500       171       370           3.8707      1.1446         0.7212      64.1215     0.6299      2.2238      1.0213      1.3462    
29        46        44        128       172       842           3.6819      1.0901         0.8511      87.2713     0.6514      2.3095      1.0170      1.3571    
29        47        105       42        178       412           6.0686      1.1086         0.6720      100.8255    1.0225      3.6244      1.0172      1.1847    
29        48        35        227       177       794           3.9176      1.2210         0.6261      145.1667    0.6033      2.0296      1.0718      1.2889    
29        49        119       238       180       487           8.7943      1.3837         0.3751      80.0527     1.2599      3.9811      1.1411      1.1089    
29        50        195       320       184       594           7.7891      1.1041         0.5224      65.2241     1.3753      4.9326      1.0053      1.1205    
29        51        64        27        186       725           5.7680      1.2045         0.5921      88.2431     0.8518      2.9585      1.0381      1.1698    
29        52        108       197       188       504           7.0643      1.1940         0.4168      83.0739     1.0882      3.7948      1.0340      1.1792    
29        53        66        23        192       857           5.3685      1.1208         0.9082      92.2647     0.8725      3.0284      1.0388      1.1504    
29        54        139       33        196       449           7.1132      1.0544         3.9487      88.0638     1.1915      4.2724      1.0056      1.1266    
29        55        55        429       196       393           4.3669      1.1419         0.6701      109.9641    0.7658      2.7187      1.0157      1.2683    
29        56        209       289       203       609           7.3212      1.0784         0.3839      88.8362     1.3946      4.9990      1.0059      1.1167    
29        57        81        473       204       441           6.0365      1.2160         0.9222      64.5308     0.9360      3.2631      1.0343      1.2000    
29        58        175       321       209       568           7.8968      1.1108         0.3891      52.9544     1.3511      4.8347      1.0076      1.1301    
29        59        105       124       222       467           5.7138      1.0682         0.5690      63.3316     1.0358      3.6970      1.0102      1.1758    
29        60        48        30        227       419           5.1307      1.2564         0.7680      84.8795     0.7324      2.4602      1.0733      1.1622    
29        61        102       497       232       500           7.3980      1.2641         0.5747      45.3423     1.0782      3.7170      1.0459      1.1598    
29        62        146       346       242       534           6.7318      1.0374         0.6975      64.4875     1.2196      4.3821      1.0035      1.1240    
29        63        219       221       257       635           8.7867      1.0993         0.8684      192.3712    1.5311      5.4525      1.0125      1.0881    
29        64        199       113       257       697           8.5792      1.1358         3.5855      60.2411     1.4454      5.0568      1.0306      1.1384    
29        65        29        342       255       360           3.7458      1.2412         0.7091      114.8538    0.5687      1.8744      1.0940      1.2500    
29        66        134       428       260       538           6.9448      1.0816         0.4446      67.0328     1.1812      4.2401      1.0044      1.1043    
29        67        135       264       260       506           6.6699      1.0848         0.8869      76.2540     1.1835      4.2401      1.0064      1.1545    
29        68        91        30        264       394           5.9815      1.0490         0.4230      55.6658     0.9999      3.5657      1.0111      1.1392    
29        69        169       43        265       489           7.1099      1.0467         0.4885      75.9346     1.3446      4.8056      1.0088      1.1164    
29        70        141       183       266       523           6.9170      1.0979         0.6534      178.9912    1.1894      4.2564      1.0076      1.1584    
29        71        66        73        272       435           5.6345      1.2732         0.7837      64.4848     0.8598      2.9337      1.0567      1.2079    
29        72        46        139       274       410           3.5706      1.0141         1.8452      139.3872    0.6748      2.4330      1.0000      1.3125    
29        73        46        345       284       825           3.4066      1.0003         0.6092      134.2204    0.6668      2.4044      1.0000      1.3226    
29        74        48        123       287       362           3.6358      1.0369         0.6415      104.3349    0.6823      2.4602      1.0000      1.3231    
29        75        97        456       289       503           5.9744      1.1819         0.3199      100.4491    0.9970      3.5095      1.0243      1.1757    
29        76        159       385       293       534           6.7957      1.0308         0.6914      127.7808    1.2390      4.4624      1.0011      1.1417    
29        77        111       346       292       471           5.4971      1.0697         0.3678      123.0174    1.0358      3.6970      1.0102      1.1829    
29        78        157       14        298       529           7.6398      1.1035         0.4262      38.2546     1.3056      4.6398      1.0146      1.1429    
29        79        161       278       301       528           6.6871      1.0068         0.4878      46.7142     1.2548      4.5244      1.0000      1.1508    
29        80        157       193       303       629           9.0099      1.2898         0.9145      114.3558    1.3503      4.5908      1.0605      1.1078    
29        81        26        49        306       832           2.7339      1.0777         0.9219      137.6121    0.5040      1.7914      1.0144      1.5333    
29        82        55        97        308       395           3.6508      1.0281         0.6259      92.5769     0.6965      2.5111      1.0000      1.3235    
29        83        112       257       312       485           6.6980      1.1700         0.6013      60.1891     1.1143      3.9255      1.0235      1.1596    
29        84        245       411       317       631           8.8735      1.0449         0.4807      180.2237    1.5944      5.7282      1.0036      1.1021    
29        85        212       350       328       704           8.4601      1.0796         0.5159      85.8932     1.5032      5.3492      1.0133      1.0521    
29        86        222       165       332       662           8.7314      1.0979         0.5332      120.5795    1.5336      5.4772      1.0096      1.0844    
29        87        122       469       330       466           5.8179      1.0246         1.1213      93.6114     1.0838      3.9079      1.0000      1.1803    
29        88        197       67        335       655           8.6094      1.1709         0.7807      74.7046     1.4522      5.0708      1.0326      1.0997    
29        89        42        373       331       822           3.7309      1.0298         0.5728      109.2594    0.6658      2.3743      1.0110      1.2903    
29        90        55        485       332       387           4.8857      1.1471         1.5106      84.5213     0.7663      2.7452      1.0065      1.2619    
29        91        152       100       340       562           7.4883      1.1564         0.3338      85.7559     1.2803      4.5244      1.0203      1.1197    
29        92        70        47        339       411           4.7159      1.1373         0.4266      142.8797    0.8240      2.9337      1.0127      1.2323    
29        93        143       257       340       488           6.6033      1.0620         0.7350      53.7681     1.2005      4.3049      1.0054      1.1491    
29        94        156       290       342       568           6.4157      1.0128         0.8003      67.8380     1.2428      4.4782      1.0006      1.1406    
29        95        174       197       347       518           7.8419      1.0984         0.6975      94.5899     1.3532      4.8056      1.0153      1.0940    
29        96        102       206       344       354           6.7198      1.1512         0.4544      73.6176     1.0764      3.7746      1.0282      1.1477    
29        97        57        373       346       415           4.7624      1.1898         0.3671      153.9503    0.7730      2.7452      1.0152      1.2326    
29        98        82        241       348       445           6.8009      1.3496         0.6075      81.5069     1.0001      3.2631      1.1051      1.1364    
29        99        56        34        349       380           3.4371      1.0676         0.5113      154.7324    0.6965      2.5111      1.0000      1.3235    
29        100       59        448       354       411           4.3965      1.0659         0.7808      108.3583    0.7933      2.8419      1.0065      1.2258    
29        101       75        246       357       364           4.5141      1.0696         0.6272      87.5803     0.8424      3.0284      1.0029      1.2264    
29        102       66        76        357       401           3.6481      1.0097         0.2841      148.9918    0.6965      2.5111      1.0000      1.3235    
29        103       101       104       384       545           7.0097      1.2128         -0.4625     212.0783    1.0829      3.6970      1.0561      1.1412    
29        104       100       318       389       498           5.6120      1.0476         0.5973      90.4597     1.0149      3.6244      1.0096      1.1772    
29        105       36        50        393       798           3.4590      1.0791         1.1076      152.6225    0.6216      2.2238      1.0078      1.3725    
29        106       88        51        400       442           5.3745      1.0804         0.2844      112.5150    0.9693      3.4528      1.0123      1.1429    
29        107       81        111       405       423           5.5835      1.1436         0.4133      135.4329    0.9511      3.3511      1.0234      1.2344    
29        108       50        364       403       783           4.4177      1.2081         1.3372      164.1843    0.7439      2.5745      1.0419      1.3056    
29        109       30        65        408       763           3.4557      1.0863         0.6183      118.6260    0.5750      2.0296      1.0215      1.3488    
29        110       143       366       413       487           6.4958      1.0697         0.3710      90.2254     1.1993      4.3049      1.0044      1.1491    
29        111       36        226       412       358           3.4979      1.1164         0.8580      141.3578    0.6177      2.1962      1.0140      1.3333    
29        112       113       473       415       465           5.8524      1.1044         0.3763      87.1382     1.0477      3.7558      1.0058      1.1765    
29        113       52        60        425       802           3.6377      1.0004         0.9383      278.4580    0.6965      2.5111      1.0000      1.3235    
29        114       223       43        430       579           7.6517      1.0184         0.8389      131.6388    1.4488      5.2240      1.0000      1.1092    
29        115       64        388       427       428           4.7089      1.0875         1.1239      99.4672     0.8194      2.9119      1.0146      1.1765    
29        116       59        480       429       396           5.0010      1.1279         0.5618      56.1749     0.7915      2.7707      1.0300      1.1489    
29        117       30        89        433       858           2.8422      1.0753         2.1644      175.6482    0.4968      1.7914      1.0000      1.5333    
29        118       69        241       441       435           5.3052      1.2502         1.0462      162.8656    0.8866      3.0284      1.0556      1.1607    
29        119       113       467       442       487           8.0455      1.2841         0.4167      53.5443     1.1732      3.9444      1.0725      1.1518    
29        120       152       354       446       570           6.5457      1.0328         0.7368      100.6635    1.2262      4.4136      1.0018      1.1311    
29        121       31        491       445       800           2.7421      1.0303         0.7683      88.5687     0.5088      1.8346      1.0000      1.5484    
29        122       165       445       458       579           7.5710      1.1547         0.2538      87.9695     1.3350      4.7613      1.0109      1.1073    
29        123       17        52        457       787           2.3544      1.0578         0.5042      248.3138    0.4264      1.5228      1.0097      1.6000    
29        124       167       240       463       569           6.6406      1.0643         0.4762      81.2280     1.2162      4.3671      1.0041      1.1489    
29        125       38        462       462       797           3.2791      1.0963         1.2374      185.9508    0.6321      2.2499      1.0129      1.3585    
29        126       252       346       471       541           8.6707      1.0927         0.5026      142.1642    1.5807      5.6662      1.0059      1.1127    
29        127       80        476       481       431           5.7642      1.2933         0.5089      92.4364     0.9081      3.0921      1.0589      1.2364    
29        128       184       359       486       524           7.9797      1.1625         0.3417      86.0639     1.3413      4.7613      1.0157      1.1228    
29        129       24        372       486       713           2.6768      1.0634         0.5980      219.3330    0.4773      1.6926      1.0167      1.5000    
29        130       82        486       493       411           5.5971      1.1813         0.6766      80.3504     0.9571      3.3918      1.0174      1.1912    
29        131       112       194       494       468           6.3551      1.1508         0.7065      62.6350     1.0939      3.8716      1.0188      1.1459    
29        132       153       81        499       546           7.7895      1.1446         0.9672      216.5815    1.2769      4.4938      1.0245      1.1532    
29        133       27        446       496       815           2.5900      1.0581         1.0680      168.0349    0.4838      1.7443      1.0000      1.5172    
29        134       52        285       500       396           3.7949      1.0293         0.8019      66.5942     0.6823      2.4602      1.0000      1.3030    
29        135       73        338       500       428           5.9136      1.2237         0.7685      69.7295     0.9099      3.1391      1.0452      1.2500    
29        136       82        254       501       524           8.7396      1.5006         0.6712      59.6165     1.1507      3.2860      1.2626      1.2258    
29        137       77        466       501       489           8.0673      1.4384         0.5137      49.9472     1.0526      3.1908      1.1895      1.2414    
29        138       52        191       501       686           6.0608      1.4022         0.8687      67.9843     0.8509      2.6327      1.1654      1.3243    
29        139       15        70        501       533           1.6296      0.9788         1.3583      221.7775    0.2976      1.0730      1.0000      0.9000    
30        0         93        136       15        510           5.5784      1.0058         0.5146      50.5579     1.0186      3.5452      1.0101      1.1266    
30        1         119       479       13        510           7.1163      1.1129         0.4117      37.1418     1.1563      4.0172      1.0119      1.1400    
30        2         68        424       14        447           4.6838      1.1209         2.3173      99.6997     0.8241      2.8660      1.0109      1.2473    
30        3         163       376       18        580           7.7687      1.1675         1.3089      59.4106     1.3476      4.6237      1.0246      1.1185    
30        4         17        474       20        708           2.4580      1.0476         1.2456      65.3493     0.4286      1.4753      1.0213      1.5789    
30        5         160       355       34        581           7.0801      1.0911         1.1791      70.0200     1.3437      4.6557      1.0147      1.1168    
30        6         213       472       41        643           7.5525      1.0572         0.6418      85.8761     1.4542      5.0985      1.0028      1.1018    
30        7         52        424       45        393           4.9549      1.1736         0.7635      57.9394     0.7789      2.6625      1.0285      1.2346    
30        8         119       30        60        505           6.2601      1.0883         2.0209      74.3214     1.0855      3.7948      1.0056      1.1724    
30        9         120       61        59        525           7.3723      1.1694         0.4867      60.7941     1.1567      4.0172      1.0123      1.1400    
30        10        82        282       65        450           5.3122      1.1202         0.5939      135.0516    0.9560      3.3299      1.0093      1.1908    
30        11        45        396       66        384           3.5404      1.0496         0.7633      105.3067    0.6817      2.3743      1.0093      1.2903    
30        12        79        246       74        453           5.4875      1.1676         0.7455      62.3442     0.9604      3.3082      1.0206      1.1846    
30        13        69        30        76        444           6.9699      1.3362         1.0917      96.9682     0.9987      3.0921      1.1355      1.1240    
30        14        94        14        80        434           5.9068      1.1330         0.4531      90.5192     1.0192      3.4721      1.0320      1.2230    
30        15        72        108       81        414           4.4289      1.0657         0.6161      82.4520     0.8547      2.9826      1.0074      1.2475    
30        16        62        305       84        399           4.5184      1.1208         0.4984      120.7374    0.8244      2.8660      1.0113      1.2747    
30        17        51        275       87        401           3.5955      1.0316         0.6462      134.4781    0.7072      2.4863      1.0000      1.3134    
30        18        151       413       91        573           7.6077      1.1684         0.7131      76.6108     1.3290      4.5580      1.0251      1.1053    
30        19        20        319       92        763           2.7098      1.2390         0.6771      212.0425    0.4286      1.4753      1.0213      1.8750    
30        20        31        20        95        354           3.6280      1.1012         0.2988      222.3730    0.6449      2.0296      1.1170      1.1837    
30        21        20        379       101       770           1.6185      0.9847         1.1185      140.8023    0.3052      1.0730      1.0000      0.9000    
30        22        35        218       102       780           3.6193      1.1521         1.3175      69.4278     0.6268      2.1669      1.0169      1.4348    
30        23        134       121       108       538           6.7232      1.0719         0.4234      50.9324     1.2124      4.2401      1.0053      1.1441    
30        24        113       319       113       470           6.8477      1.2022         0.4850      89.4353     1.1356      3.9079      1.0216      1.1551    
30        25        169       361       115       549           7.6535      1.0789         0.5385      53.4316     1.3985      4.8772      1.0081      1.1053    
30        26        99        220       115       486           6.9684      1.2324         0.7048      41.3290     1.0848      3.6431      1.0468      1.1824    
30        27        80        301       116       442           5.2594      1.0942         0.7217      114.9855    0.9591      3.3299      1.0126      1.2000    
30        28        30        456       114       828           2.6951      1.0309         0.6716      154.0468    0.5218      1.8346      1.0000      1.5484    
30        29        52        96        122       352           3.6903      1.0535         1.8114      133.9366    0.6998      2.4602      1.0000      1.3231    
30        30        80        395       129       471           5.8803      1.2186         0.5590      59.7307     0.9454      3.1908      1.0417      1.2101    
30        31        59        104       127       879           4.6597      1.1373         1.7530      103.1857    0.8129      2.8190      1.0137      1.2727    
30        32        28        161       148       830           2.6687      1.0461         1.1680      88.3927     0.5038      1.7443      1.0154      1.5172    
30        33        27        94        152       799           2.7498      1.0787         0.8922      158.8522    0.5096      1.7914      1.0000      1.5333    
30        34        36        43        154       357           2.8379      0.9960         1.3105      155.8022    0.5332      1.8744      1.0000      1.5625    
30        35        18        480       154       785           1.5809      0.9743         1.1402      101.4724    0.3052      1.0730      1.0000      0.9000    
30        36        169       166       187       580           6.5286      1.0010         0.3924      60.3235     1.2826      4.5092      1.0000      1.1474    
30        37        63        301       198       427           4.6930      1.1128         0.7124      66.6568     0.8186      2.8419      1.0126      1.2128    
30        38        163       221       202       566           7.9966      1.1833         0.3190      73.9155     1.3201      4.5092      1.0292      1.1339    
30        39        191       254       208       641           7.2639      1.0299         0.3736      68.4744     1.4235      4.9860      1.0037      1.1000    
30        40        58        493       210       412           4.4708      1.0640         0.7159      45.9900     0.8099      2.8190      1.0100      1.2174    
30        41        75        84        214       436           4.6904      1.0032         0.6677      45.9352     0.8737      3.0715      1.0000      1.2182    
30        42        69        133       216       419           4.5395      1.0293         0.6562      61.6581     0.8550      3.0058      1.0000      1.1963    
30        43        153       354       223       517           7.3613      1.1591         0.4073      65.5591     1.3165      4.5092      1.0264      1.1034    
30        44        257       39        241       644           8.8306      1.0980         0.8394      125.5780    1.6068      5.5891      1.0107      1.0941    
30        45        169       356       237       491           7.5123      1.1227         1.6987      98.5070     1.3672      4.7468      1.0126      1.1398    
30        46        148       384       239       628           6.6482      1.0796         0.4490      61.4615     1.2043      4.2067      1.0064      1.1211    
30        47        118       306       240       429           5.9115      1.0204         0.5954      39.7513     1.0976      3.8529      1.0015      1.1798    
30        48        183       123       254       620           7.7623      1.0880         0.6652      52.6939     1.4080      4.9189      1.0063      1.1068    
30        49        95        308       252       450           6.6744      1.2398         0.6875      49.4617     1.0700      3.5857      1.0491      1.1742    
30        50        169       49        259       456           7.4478      1.1045         0.3851      57.3297     1.3896      4.8056      1.0166      1.1051    
30        51        243       193       260       757           9.0486      1.1359         0.0065      178.0932    1.5533      5.3889      1.0133      1.1081    
30        52        25        232       264       801           2.6965      1.0791         0.5901      195.7745    0.4975      1.6926      1.0333      1.5000    
30        53        43        79        267       369           3.6107      1.0800         1.0853      70.7618     0.6870      2.4044      1.0045      1.3016    
30        54        80        55        271       364           5.7988      1.1102         0.6452      37.9443     0.9692      3.3511      1.0168      1.1618    
30        55        16        353       268       792           2.5510      1.2057         0.8855      258.0448    0.4353      1.4753      1.0374      1.6667    
30        56        28        277       272       827           2.6454      1.0424         0.9914      123.2656    0.5096      1.7914      1.0000      1.5333    
30        57        36        132       283       357           2.7203      1.0142         0.9761      122.0781    0.5332      1.8744      1.0000      1.5625    
30        58        260       394       288       646           8.6060      1.0140         -0.0546     267.1580    1.6574      5.8121      1.0025      1.0913    
30        59        201       22        290       625           8.7476      1.1548         0.8550      49.4621     1.5368      5.2803      1.0232      1.0884    
30        60        48        59        300       382           3.8934      1.1138         0.7606      68.0734     0.6839      2.4044      1.0000      1.3226    
30        61        76        498       302       440           7.1672      1.3541         1.4494      62.8641     1.0209      3.2155      1.1161      1.1967    
30        62        94        266       307       509           5.8559      1.1217         0.6871      52.0474     1.0316      3.5657      1.0172      1.1465    
30        63        80        80        314       456           4.5941      1.0223         0.5691      58.4605     0.8691      3.0503      1.0017      1.2110    
30        64        196       139       317       656           8.9431      1.1242         3.2345      51.6678     1.4824      5.1121      1.0194      1.0947    
30        65        325       175       326       691           10.9597     1.1220         0.0487      110.8824    1.8947      6.5803      1.0123      1.0756    
30        66        93        477       324       458           5.5432      1.0806         0.8793      77.5967     1.0387      3.6052      1.0129      1.1358    
30        67        263       106       333       707           8.9612      1.1153         0.2453      108.9474    1.5981      5.5770      1.0074      1.0918    
30        68        115       158       335       427           6.7249      1.1397         0.3516      84.1972     1.1580      3.9990      1.0180      1.1300    
30        69        99        50        334       434           5.3617      1.1980         0.4722      108.9848    0.9937      3.3918      1.0300      1.2180    
30        70        226       206       341       691           8.6872      1.0975         0.8934      74.4923     1.5752      5.5022      1.0065      1.0808    
30        71        42        382       341       869           2.7484      0.9949         0.5378      133.4539    0.5332      1.8744      1.0000      1.5625    
30        72        67        43        344       369           4.1756      1.1294         0.6069      130.2350    0.8154      2.8419      1.0087      1.2391    
30        73        40        280       347       870           3.6286      1.1061         1.0340      83.7691     0.6584      2.2745      1.0177      1.3455    
30        74        81        84        354       428           4.3791      1.0394         0.4472      96.7671     0.8751      3.0715      1.0017      1.2182    
30        75        88        255       354       456           4.2831      1.1136         0.5656      124.4128    0.8547      2.9826      1.0074      1.2475    
30        76        108       16        359       423           5.8503      1.0770         0.6976      35.6975     1.0543      3.6794      1.0074      1.1566    
30        77        117       24        365       442           6.9390      1.1017         1.1464      30.4255     1.1552      3.9990      1.0156      1.1133    
30        78        25        230       362       352           2.7226      1.0444         1.0589      99.6103     0.4961      1.7443      1.0000      1.5172    
30        79        38        193       363       354           3.4844      1.1445         0.4978      180.3283    0.6438      2.2238      1.0178      1.3462    
30        80        103       113       369       412           5.9373      1.0725         0.5406      95.0387     1.0678      3.7366      1.0047      1.1647    
30        81        76        394       370       519           6.8653      1.2423         0.4410      78.7145     1.0527      3.2397      1.1424      0.9308    
30        82        110       350       370       482           6.5170      1.1550         0.8662      96.9440     1.1313      3.8716      1.0272      1.1522    
30        83        76        477       372       417           6.0024      1.1958         0.5319      54.7794     0.9492      3.2155      1.0378      1.1967    
30        84        66        447       377       386           4.6613      1.1503         0.9589      110.5802    0.8203      2.8419      1.0148      1.2258    
30        85        90        114       379       405           5.7563      1.1337         0.3321      104.5994    0.9932      3.4528      1.0113      1.1915    
30        86        99        320       386       536           7.7149      1.3540         0.4414      83.6702     1.1511      3.6052      1.1225      1.0824    
30        87        61        470       386       785           3.8861      1.0050         0.5350      51.7138     0.7101      2.4863      1.0041      1.2941    
30        88        135       457       390       460           6.6241      1.0383         0.5099      56.7833     1.2400      4.3519      1.0017      1.1261    
30        89        179       100       401       548           7.3103      1.0163         3.2609      167.6679    1.4293      5.0137      1.0023      1.0988    
30        90        220       178       401       629           9.0639      1.1223         1.2055      109.3873    1.5603      5.4274      1.0107      1.1093    
30        91        89        119       399       451           6.6829      1.3246         0.2581      237.8057    1.0013      3.2631      1.0788      1.2097    
30        92        154       483       412       492           6.6167      1.0235         0.3543      48.9533     1.2655      4.4464      1.0006      1.1336    
30        93        196       307       422       600           7.2981      1.0278         0.3332      63.9016     1.4627      5.1266      1.0031      1.0909    
30        94        156       53        424       562           6.9405      1.0510         0.3793      72.9816     1.3457      4.6557      1.0162      1.1127    
30        95        73        485       421       815           6.7774      1.2851         0.5115      57.8489     0.9967      3.1908      1.0982      1.0909    
30        96        72        496       425       361           5.7777      1.1264         0.6050      35.7078     0.9280      3.1653      1.0307      1.1270    
30        97        89        446       430       465           5.7808      1.1348         1.1092      85.2380     1.0138      3.5095      1.0155      1.1600    
30        98        191       364       434       661           9.0321      1.1691         0.3072      58.7011     1.4748      5.0282      1.0312      1.0915    
30        99        24        498       431       721           3.7401      1.1533         1.0737      46.7649     0.5834      1.7914      1.1449      1.2105    
30        100       44        43        442       375           4.8866      1.3295         0.7398      134.5636    0.7231      2.3743      1.0706      1.3559    
30        101       94        215       445       504           7.1971      1.2218         0.6333      44.7960     1.0918      3.6244      1.0590      1.0941    
30        102       32        496       450       818           3.8785      1.1715         1.0901      42.8557     0.6371      2.0674      1.0834      1.2245    
30        103       70        456       453       436           5.0892      1.1900         0.6073      87.5428     0.9152      3.0921      1.0406      1.1826    
30        104       49        237       454       817           3.7764      1.1313         0.6386      128.3814    0.6785      2.3428      1.0182      1.2787    
30        105       46        290       454       756           3.4259      1.1362         0.7304      154.6951    0.6740      2.3428      1.0115      1.2787    
30        106       160       248       458       535           7.4717      1.1704         0.4551      68.0382     1.3146      4.5092      1.0250      1.1429    
30        107       42        15        456       866           3.8004      1.0999         0.7784      69.2251     0.6681      2.3095      1.0170      1.3571    
30        108       57        493       460       424           4.9478      1.0630         0.7000      36.8241     0.8371      2.8190      1.0440      1.0980    
30        109       204       297       463       524           8.1769      1.1040         0.5124      56.8586     1.5291      5.2803      1.0181      1.0765    
30        110       296       355       465       719           9.5317      1.0843         -0.0349     112.2195    1.7846      6.2268      1.0076      1.0724    
30        111       150       404       467       602           7.5441      1.1186         1.0652      64.2552     1.3187      4.5413      1.0209      1.0977    
30        112       64        309       470       790           5.5795      1.3320         0.8114      94.3829     0.8974      2.8894      1.0919      1.2826    
30        113       84        132       471       438           5.9477      1.2185         1.4253      118.5237    0.9643      3.2631      1.0389      1.2097    
30        114       48        464       471       840           4.5667      1.0883         0.8298      41.8425     0.7625      2.5745      1.0412      1.1059    
30        115       104       485       476       434           6.1513      1.2077         0.5117      81.0597     1.0193      3.5276      1.0159      1.1892    
30        116       97        469       478       408           6.2836      1.1196         0.5026      37.5247     1.0282      3.5452      1.0196      1.1634    
30        117       35        438       480       846           3.6913      1.1394         0.8455      113.1354    0.6390      2.1669      1.0367      1.2453    
30        118       33        449       482       755           4.6242      1.3975         0.7563      105.6118    0.6656      1.9950      1.1730      1.4000    
30        119       38        493       487       740           3.3804      1.2027         0.3211      235.3358    0.6213      2.1358      1.0226      1.4222    
30        120       27        454       490       702           2.6349      1.0508         0.7936      123.6960    0.4961      1.7443      1.0000      1.5172    
30        121       52        93        494       781           4.7143      1.1895         0.8281      137.4088    0.7644      2.6042      1.0319      1.2800    
30        122       121       37        498       470           5.6866      0.9991         2.3163      79.1199     1.1116      3.9079      1.0000      1.1803    
30        123       81        103       497       414           4.6841      1.0390         0.7072      105.1277    0.8701      3.0503      1.0029      1.2222    
30        124       47        128       497       382           3.7350      1.0778         0.8149      126.3839    0.6828      2.3743      1.0110      1.2903    
30        125       91        173       500       456           5.4883      1.0824         0.6030      76.6831     1.0113      3.4910      1.0184      1.2028    
30        126       86        81        500       413           6.5195      1.2331         0.8046      99.7289     1.0453      3.4329      1.0704      1.2117    
30        127       40        456       500       356           3.5824      1.0230         0.7527      62.9120     0.6603      2.3095      1.0051      1.3103    
30        128       61        274       501       395           5.5578      1.2650         0.8569      57.7182     0.8772      2.8660      1.0760      1.2889    
30        129       56        494       501       398           6.1538      1.3371         0.7239      37.5945     0.8775      2.7707      1.1135      1.2857    
30        130       26        222       501       682           2.8288      1.0209         1.3834      67.6727     0.5218      1.8346      1.0000      1.5484    
30        131       16        254       501       644           1.6354      0.9759         1.5624      83.8605     0.3052      1.0730      1.0000      0.9000    
30        132       39        294       502       355           4.9363      1.3732         1.1190      65.3838     0.7278      2.2238      1.1506      1.4894    
38        0         54        25        8         704           4.0622      1.0477         0.6355      108.0610    0.7960      2.7452      1.0125      1.2326    
38        1         18        208       7         582           1.6194      0.9702         1.4091      105.8749    0.3073      1.0730      1.0000      0.9000    
38        2         47        260       7         667           4.7319      1.3001         1.3884      69.4037     0.7550      2.4602      1.0716      1.3871    
38        3         86        322       9         409           5.9864      1.1783         0.6020      52.5617     0.9843      3.3082      1.0389      1.1493    
38        4         59        432       7         605           4.7945      1.1555         0.6674      61.3067     0.8001      2.7187      1.0276      1.2530    
38        5         103       429       15        432           6.7960      1.2710         0.5916      89.6984     1.1091      3.6970      1.0476      1.1687    
38        6         88        344       16        444           4.5339      0.9945         0.6327      56.8920     0.8913      3.1121      1.0000      1.2321    
38        7         158       454       22        531           6.4863      1.0389         0.4487      77.9654     1.2794      4.4624      1.0011      1.1417    
38        8         32        464       17        710           2.5294      1.0262         0.8795      142.5453    0.5254      1.8346      1.0000      1.5484    
38        9         123       300       32        526           7.6762      1.2969         0.5689      83.8895     1.2286      4.0352      1.0631      1.1500    
38        10        213       474       42        641           8.3162      1.1382         0.3087      79.0643     1.5588      5.3758      1.0125      1.1087    
38        11        171       138       52        547           7.1321      1.0541         0.3856      79.7155     1.4153      4.9050      1.0075      1.1075    
38        12        47        111       50        384           3.5522      1.0352         0.4889      147.2020    0.6886      2.4044      1.0000      1.3226    
38        13        19        257       51        833           2.3663      1.0895         0.9887      158.6011    0.4574      1.4753      1.0826      1.5000    
38        14        42        162       58        366           3.5846      1.1576         0.8222      122.1623    0.6597      2.2499      1.0239      1.3333    
38        15        87        467       63        435           6.2681      1.1906         0.5088      72.7156     0.9985      3.4126      1.0216      1.1549    
38        16        96        286       66        393           6.6762      1.2995         0.6990      199.2661    1.0893      3.5452      1.0728      1.1788    
38        17        217       276       74        554           7.7412      1.0965         0.2005      84.4961     1.4430      5.0137      1.0050      1.0920    
38        18        126       460       79        478           6.6407      1.0579         2.8680      68.4375     1.2063      4.1897      1.0053      1.1589    
38        19        47        499       91        370           4.7298      1.2591         0.5366      65.7955     0.7550      2.4602      1.0716      1.3871    
38        20        93        414       93        510           7.0773      1.2803         0.5198      66.5213     1.1017      3.6052      1.0671      1.1429    
38        21        28        391       91        829           2.6677      0.9997         1.0038      109.3599    0.5130      1.7914      1.0000      1.5333    
38        22        144       153       103       541           7.5176      1.1782         0.6308      37.9305     1.2889      4.3671      1.0306      1.1441    
38        23        106       456       106       492           5.6935      1.1171         0.4729      90.1390     1.0596      3.6614      1.0105      1.1585    
38        24        95        59        107       483           6.5231      1.2024         1.5090      106.5241    1.0384      3.5452      1.0227      1.1634    
38        25        162       363       115       562           7.1155      1.0646         0.4209      65.8220     1.3719      4.7613      1.0061      1.1111    
38        26        82        322       115       427           4.5121      1.0180         0.6341      102.5519    0.8855      3.0921      1.0000      1.2252    
38        27        40        498       124       372           3.4032      1.0837         0.7898      90.6219     0.6617      2.2745      1.0158      1.2542    
38        28        130       120       127       534           7.1407      1.1151         0.6906      57.4535     1.1981      4.1367      1.0113      1.1524    
38        29        145       399       129       555           6.7650      1.0958         0.4230      58.5045     1.2468      4.3365      1.0039      1.1416    
38        30        181       281       133       560           7.4944      1.0963         0.1926      91.2704     1.3980      4.8490      1.0067      1.1216    
38        31        55        107       147       860           3.5937      0.9957         0.6161      89.6489     0.7192      2.5111      1.0000      1.3235    
38        32        72        401       150       385           4.0550      1.0177         0.6827      117.2088    0.8855      3.0921      1.0000      1.2252    
38        33        131       43        153       516           7.3799      1.1259         2.6096      80.1082     1.2057      4.1723      1.0091      1.1495    
38        34        38        98        155       819           3.5961      1.1370         0.6692      137.1274    0.6542      2.2499      1.0153      1.3585    
38        35        81        14        161       415           4.8785      1.0068         0.3455      59.2111     0.8855      3.0921      1.0000      1.2252    
38        36        51        408       161       363           4.5682      1.1476         0.7873      64.9981     0.7698      2.6327      1.0210      1.2405    
38        37        47        17        168       858           3.6927      1.0542         0.3742      115.5851    0.6959      2.4044      1.0106      1.3016    
38        38        78        83        179       432           4.5983      1.0056         0.6878      71.3612     0.8913      3.1121      1.0000      1.2321    
38        39        291       169       190       735           9.7046      1.1210         0.2117      69.2339     1.7705      6.1135      1.0113      1.0581    
38        40        156       358       190       590           7.7779      1.1792         0.5037      61.6076     1.3594      4.5908      1.0340      1.1078    
38        41        72        66        193       418           4.9593      1.0711         1.2991      72.3893     0.8634      3.0058      1.0030      1.2190    
38        42        106       261       194       463           5.8680      1.1297         0.5487      95.8801     1.0620      3.6614      1.0128      1.1585    
38        43        56        184       196       819           4.8250      1.1577         1.1648      110.7894    0.7956      2.7187      1.0218      1.1954    
38        44        293       224       203       738           9.3755      1.0339         0.3361      105.2596    1.7996      6.2485      1.0056      1.0760    
38        45        291       255       211       733           9.6876      1.0896         -0.0806     115.7867    1.7799      6.1598      1.0090      1.0572    
38        46        47        14        211       383           3.9093      1.0397         0.5174      64.5624     0.7046      2.4602      1.0000      1.3030    
38        47        151       132       214       596           7.9366      1.2256         0.4830      54.3361     1.3162      4.3821      1.0488      1.1148    
38        48        112       85        214       514           5.8891      1.0376         0.5266      41.0047     1.0954      3.8145      1.0027      1.1638    
38        49        90        282       212       459           6.0197      1.1369         0.6054      50.7455     1.0015      3.4329      1.0187      1.1773    
38        50        116       315       218       531           6.4050      1.1119         0.6019      50.7816     1.1668      4.0172      1.0142      1.1457    
38        51        154       357       224       564           7.6699      1.1668         0.4107      60.1747     1.3370      4.5580      1.0242      1.1094    
38        52        66        423       222       435           4.4985      1.1851         0.0188      162.0897    0.7960      2.7452      1.0124      1.2471    
38        53        61        135       224       813           3.7210      1.0106         1.1929      79.0239     0.7192      2.5111      1.0000      1.3235    
38        54        35        158       225       369           4.5770      1.3519         0.2601      224.2369    0.6917      2.1669      1.1146      1.3200    
38        55        115       22        230       478           6.1391      1.0545         0.4118      54.7775     1.0906      3.7948      1.0035      1.1657    
38        56        37        140       229       794           3.5701      1.0941         1.0317      74.6899     0.6161      2.1358      1.0073      1.3617    
38        57        246       40        241       636           8.3547      1.0356         0.2940      109.4176    1.6442      5.7282      1.0023      1.0918    
38        58        171       385       240       577           7.3615      1.0759         0.3200      77.1561     1.4003      4.8632      1.0054      1.1171    
38        59        31        489       236       824           2.5596      1.0335         0.5488      161.9053    0.5368      1.8744      1.0000      1.5625    
38        60        160       88        243       476           6.9781      1.0163         0.6967      32.1714     1.2914      4.5092      1.0000      1.1474    
38        61        61        444       240       433           5.0541      1.2228         0.5537      92.8679     0.8121      2.7452      1.0329      1.2326    
38        62        82        91        253       364           5.5393      1.0884         0.9003      37.5350     0.9680      3.3299      1.0151      1.1556    
38        63        62        207       254       384           3.7278      1.0082         0.5722      128.9355    0.7192      2.5111      1.0000      1.3235    
38        64        66        359       261       466           6.4017      1.3874         0.4265      111.5998    0.9331      2.9585      1.1013      1.1810    
38        65        108       487       266       351           5.9987      1.0896         2.2286      96.6177     1.0764      3.7366      1.0059      1.1647    
38        66        159       478       273       468           6.7739      1.0750         0.3356      80.1026     1.2639      4.3968      1.0037      1.1369    
38        67        90        116       271       488           5.8869      1.1350         0.5788      50.3448     1.0059      3.4528      1.0172      1.1507    
38        68        91        305       274       488           5.5295      1.0698         0.8381      68.2429     1.0333      3.5657      1.0119      1.1392    
38        69        104       282       275       466           6.2225      1.1179         0.5280      50.4690     1.0443      3.5857      1.0170      1.1592    
38        70        166       396       288       556           6.7737      1.0421         0.6973      126.9848    1.2800      4.4624      1.0016      1.1371    
38        71        33        132       287       827           2.7626      0.9986         0.8742      93.8306     0.5368      1.8744      1.0000      1.5625    
38        72        63        497       288       406           4.0276      1.0282         0.5627      58.1436     0.7192      2.5111      1.0000      1.3235    
38        73        104       20        294       483           6.9375      1.2139         0.4005      40.4884     1.1092      3.7170      1.0420      1.1529    
38        74        39        62        300       351           3.5420      1.1464         0.9358      100.2488    0.6562      2.2499      1.0184      1.3585    
38        75        119       226       302       525           6.8943      1.1117         0.4603      60.7519     1.1618      3.9990      1.0144      1.1357    
38        76        65        196       303       404           3.7652      1.0018         0.4860      89.5248     0.7192      2.5111      1.0000      1.3235    
38        77        57        325       311       374           4.7468      1.1622         0.6021      76.7491     0.7974      2.7187      1.0241      1.2530    
38        78        150       341       313       535           6.6947      1.0188         0.3866      58.9511     1.2742      4.4464      1.0006      1.1336    
38        79        65        84        316       429           3.6365      0.9926         0.6598      63.8614     0.7192      2.5111      1.0000      1.3235    
38        80        166       402       321       568           7.9037      1.1511         1.1912      78.4752     1.3484      4.6398      1.0148      1.1301    
38        81        322       176       328       918           11.0021     1.1463         1.1682      128.7801    1.9167      6.5137      1.0275      1.0508    
38        82        107       230       323       509           7.2227      1.2746         0.7268      84.3969     1.1240      3.7170      1.0559      1.1329    
38        83        265       108       333       668           8.9257      1.1343         0.8484      113.2584    1.6108      5.5770      1.0086      1.0973    
38        84        126       311       329       522           6.1852      1.0868         0.4793      75.3450     1.1935      4.1367      1.0074      1.1415    
38        85        20        204       328       800           3.0660      1.2386         1.8246      147.5703    0.4819      1.5648      1.0754      1.4167    
38        86        117       135       332       427           5.6769      1.0332         0.4425      70.0185     1.0941      3.8145      1.0016      1.1705    
38        87        29        345       334       826           3.0753      1.0866         0.7597      113.4471    0.5254      1.8346      1.0000      1.5484    
38        88        66        205       339       430           4.4947      1.1308         0.6094      120.8040    0.8303      2.8660      1.0116      1.2211    
38        89        155       129       344       478           6.5007      1.0683         0.2486      86.4278     1.2350      4.2888      1.0055      1.1454    
38        90        73        45        346       413           4.1913      1.1077         0.7030      95.4974     0.8467      2.9337      1.0078      1.2449    
38        91        51        385       345       378           3.6257      1.0575         0.4166      149.3681    0.7046      2.4602      1.0000      1.3030    
38        92        145       408       350       465           6.5463      1.0817         0.5681      83.8479     1.2357      4.2888      1.0061      1.1454    
38        93        27        144       348       692           2.7969      1.0582         0.7666      192.3820    0.5254      1.8346      1.0000      1.5484    
38        94        21        175       348       751           2.6878      1.0603         0.5806      215.8390    0.4888      1.6655      1.0249      1.4286    
38        95        59        263       353       406           4.6763      1.1416         0.8495      63.8762     0.8049      2.7707      1.0144      1.2414    
38        96        120       423       358       522           6.6293      1.1002         0.2216      93.1647     1.1802      4.0352      1.0212      1.1058    
38        97        58        90        360       413           3.8907      1.1285         0.6517      157.1701    0.6998      2.4330      1.0043      1.3125    
38        98        72        482       361       439           4.6841      1.0317         0.5461      58.0124     0.8634      3.0058      1.0030      1.2075    
38        99        136       138       369       534           6.6039      1.1124         0.6447      91.8712     1.2206      4.2236      1.0092      1.1200    
38        100       36        499       369       351           3.9923      1.1776         0.7627      50.4216     0.6378      2.1669      1.0278      1.4348    
38        101       15        169       371       813           2.9030      1.2641         1.1741      99.4757     0.4547      1.3582      1.1690      1.5294    
38        102       59        389       373       406           4.4321      1.1653         0.5738      121.2001    0.7965      2.7187      1.0231      1.2840    
38        103       30        115       376       836           3.2910      1.1021         0.3395      215.8159    0.5997      2.0296      1.0317      1.2889    
38        104       51        104       377       388           4.6154      1.1617         0.5694      88.9504     0.7637      2.5435      1.0484      1.1795    
38        105       43        195       380       363           3.8318      1.1759         0.6332      125.1034    0.6624      2.2499      1.0280      1.3333    
38        106       73        480       383       436           5.0849      1.0510         0.5465      40.6982     0.8645      2.9826      1.0121      1.2115    
38        107       70        122       399       418           4.5474      1.0859         0.7407      194.8412    0.8661      3.0058      1.0061      1.2549    
38        108       137       102       402       495           6.3917      1.0513         0.5853      99.5149     1.2394      4.3049      1.0053      1.1342    
38        109       109       467       410       485           7.3723      1.2012         0.4122      48.3755     1.1349      3.8529      1.0285      1.1413    
38        110       16        63        408       793           1.6491      0.9836         1.0775      121.2795    0.3073      1.0730      1.0000      0.9000    
38        111       35        94        411       743           3.4146      1.1177         0.6025      151.9490    0.6378      2.1962      1.0140      1.3333    
38        112       127       19        421       522           6.9292      1.1127         0.4689      34.6229     1.2228      4.2067      1.0150      1.1312    
38        113       51        491       420       379           3.6521      1.0067         0.5836      69.7366     0.7192      2.5111      1.0000      1.3235    
38        114       160       443       449       533           6.6028      1.0120         0.3435      84.1721     1.2882      4.4938      1.0010      1.1394    
38        115       45        349       449       365           3.6603      1.0398         0.6781      104.1502    0.7046      2.4602      1.0000      1.3030    
38        116       32        415       453       849           3.5491      1.1959         0.5404      171.4884    0.6157      2.0674      1.0398      1.3953    
38        117       88        16        458       496           5.7808      1.1329         0.5641      53.2317     1.0116      3.4910      1.0118      1.1622    
38        118       211       300       464       579           7.1680      1.0444         0.3941      80.0821     1.4624      5.0847      1.0042      1.1193    
38        119       89        78        469       468           4.7693      0.9949         0.3413      71.0645     0.8913      3.1121      1.0000      1.2321    
38        120       129       138       473       520           6.1835      1.0069         3.8421      214.4932    1.2142      4.2236      1.0039      1.1403    
38        121       95        394       473       477           5.6481      1.1418         0.5173      96.8112     1.0119      3.4910      1.0121      1.1862    
38        122       83        238       477       475           5.5651      1.1093         0.5641      65.0621     0.9780      3.3717      1.0128      1.1511    
38        123       89        452       481       443           5.5592      1.0987         0.5539      62.3661     1.0162      3.5095      1.0111      1.1918    
38        124       46        218       481       386           3.6126      1.0740         0.9911      78.1086     0.6959      2.4044      1.0106      1.3016    
38        125       42        306       482       823           3.5109      1.1894         0.9513      132.5082    0.6540      2.2238      1.0270      1.4583    
38        126       75        65        489       413           4.8160      1.0007         0.5358      66.3413     0.8913      3.1121      1.0000      1.2321    
38        127       48        417       490       383           3.8295      1.1344         0.5380      131.2623    0.6886      2.4044      1.0000      1.3226    
38        128       33        106       497       820           2.8079      1.0250         0.5871      145.9650    0.5254      1.8346      1.0000      1.5484    
38        129       170       176       501       474           7.2208      1.0730         0.4496      62.2246     1.3937      4.8056      1.0127      1.1399    
38        130       31        263       504       667           4.7494      1.3551         1.1394      56.3565     0.7084      1.9177      1.2899      1.1064    
38        131       17        295       500       705           1.6272      0.9802         1.5443      98.2168     0.3073      1.0730      1.0000      0.9000    
38        132       56        278       503       352           4.6897      1.1681         0.9732      62.6626     0.7879      2.6911      1.0223      1.2439    
38        133       26        83        503       653           2.5647      1.0331         0.7261      141.3619    0.4928      1.6926      1.0167      1.5000    
