site       ROI        LHI2            LHI3           
--------------------------------------------------
2          0          0.024145        0.057216       
2          1          0.021514        0.055234       
2          2          0.27936         0.35673        
2          3          0.068731        0.14424        
2          4          0.11605         0.20051        
2          5          0.054303        0.11629        
2          6          0.15152         0.095372       
2          7          0.06386         0.12996        
2          8          0.058025        0.12779        
2          9          0.18721         0.29658        
2          10         0.23685         0.39868        
2          11         0.024172        0.071607       
2          12         0.44566         0.34557        
2          13         0.2574          0.33699        
2          14         0.33979         0.47873        
2          15         0.29297         0.44989        
2          16         0.068426        0.14754        
2          17         0.42251         0.21796        
2          18         0.42628         0.50104        
2          19         0.13062         0.24172        
2          20         0.21496         0.37375        
2          21         0.46145         0.63136        
2          22         0.14397         0.11474        
2          23         0.31026         0.53772        
2          24         0.21287         0.39682        
2          25         0.38005         0.61178        
2          26         0.19968         0.21564        
2          27         0.51288         0.77488        
2          28         0.83125         0.80598        
2          29         0.32643         0.35724        
2          30         0.38742         0.30822        
2          31         0.18561         0.19426        
2          32         0.29112         0.5702         
2          33         0.40984         0.42686        
2          34         0.22251         0.47493        
2          35         0.26861         0.59948        
2          36         0.81523         0.65123        
2          37         0.46132         0.42693        
2          38         0.23645         0.52914        
2          39         0.35508         0.64443        
2          40         0.23407         0.52059        
2          41         0.12329         0.17945        
2          42         0.42994         0.62227        
2          43         0.3786          0.31851        
2          44         0.2396          0.49497        
2          45         0.25112         0.52245        
2          46         0.58281         0.59015        
2          47         0.69053         0.64245        
2          48         0.88197         0.49671        
2          49         0.36964         0.43519        
2          50         0.31747         0.25708        
2          51         0.22543         0.41156        
2          52         0.31901         0.25076        
2          53         0.20473         0.39783        
2          54         0.24945         0.2098         
2          55         0.0568          0.15225        
2          56         0.48256         0.30151        
2          57         0.067529        0.19697        
2          58         0.62456         0.37493        
2          59         0.15407         0.29353        
2          60         0.18326         0.16705        
2          61         0.062476        0.1777         
2          62         0.4862          0.41161        
2          63         0.44022         0.43516        
2          64         0.09579         0.12924        
2          65         0.01468         0.051704       
2          66         0.4012          0.41125        
2          67         0.073288        0.12556        
2          68         0.025505        0.055552       
2          69         0.20349         0.24582        
2          70         0.33208         0.3852         
2          71         0.12574         0.172          
2          72         0.039416        0.058175       
2          73         0.25156         0.32649        
2          74         0.53042         0.39247        
2          75         0.032899        0.049649       
2          76         0.039177        0.061155       
2          77         0.12251         0.11661        
2          78         0.025756        0.040778       
2          79         0.20876         0.26271        
2          80         0.088035        0.10019        
2          81         0.20596         0.15682        
2          82         0.083352        0.081528       
2          83         0.28186         0.26212        
2          84         0.16074         0.20882        
2          85         0.68179         0.34622        
2          86         0.040497        0.065171       
2          87         0.021137        0.041494       
2          88         0.10206         0.11312        
2          89         0.10013         0.14805        
2          90         0.29597         0.17999        
2          91         0.065577        0.15456        
2          92         0.46509         0.44978        
2          93         0.18411         0.18462        
2          94         0.053266        0.077958       
2          95         0.30275         0.18574        
2          96         0.086868        0.13995        
2          97         0.22349         0.18629        
2          98         0.14092         0.13297        
2          99         0.67857         0.79955        
2          100        0.0659          0.10082        
2          101        0.10655         0.37865        
2          102        0.38972         0.45951        
2          103        0.068224        0.097531       
2          104        0.08405         0.23947        
2          105        0.43255         0.36103        
2          106        0.049449        0.10487        
2          107        0.18505         0.23886        
2          108        0.15421         0.27143        
2          109        0.10164         0.14025        
2          110        0.094604        0.11805        
2          111        0.12495         0.19699        
2          112        0.1254          0.26886        
2          113        0.45596         0.43589        
2          114        0.13241         0.25562        
2          115        0.051766        0.099785       
2          116        0.063725        0.1711         
2          117        0.52042         0.49094        
2          118        0.14925         0.23397        
2          119        0.021224        0.14002        
2          120        0.1063          0.24633        
2          121        0.019541        0.11983        
2          122        0.54463         0.51969        
2          123        0.16098         0.38583        
2          124        0.1706          0.25099        
2          125        0.44623         0.44868        
2          126        0.15432         0.35239        
2          127        0.38011         0.6934         
2          128        0.096215        0.15968        
2          129        0.38972         0.37524        
2          130        0.0047056       0.085323       
2          131        0.22868         0.19863        
2          132        0.22109         0.28652        
2          133        0.0033279       0.052832       
2          134        0.22934         0.20499        
2          135        0.81652         0.6127         
2          136        0.45323         0.64691        
2          137        0.81742         0.63757        
2          138        0.0037049       0.066285       
2          139        0.27386         0.69677        
2          140        0.012693        0.079749       
2          141        0.21117         0.26518        
2          142        0.3799          0.31411        
2          143        0.0036935       0.050963       
2          144        0.28083         0.34543        
2          145        0.75875         0.61475        
2          146        0.61881         0.4612         
3          0          0.035357        0.093621       
3          1          0.29984         0.28623        
3          2          0.0092157       0.056905       
3          3          0.25673         0.21598        
3          4          0.0092638       0.065759       
3          5          0.25635         0.28295        
3          6          0.041122        0.089867       
3          7          0.19647         0.33073        
3          8          0.067106        0.17796        
3          9          0.058714        0.079674       
3          10         0.60738         0.46102        
3          11         0.39211         0.47911        
3          12         0.038187        0.17885        
3          13         0.14087         0.22897        
3          14         0.50267         0.40884        
3          15         0.1242          0.28011        
3          16         0.21847         0.4145         
3          17         0.3555          0.53091        
3          18         0.35162         0.55188        
3          19         0.43612         0.61597        
3          20         0.21376         0.43517        
3          21         0.69006         0.8596         
3          22         0.089461        0.21209        
3          23         0.36879         0.69637        
3          24         0.30593         0.6406         
3          25         0.3124          0.60446        
3          26         0.54835         0.87172        
3          27         0.50267         0.64585        
3          28         0.25425         0.36844        
3          29         0.90555         0.78929        
3          30         0.095511        0.13787        
3          31         0.27276         0.55242        
3          32         0.35817         0.56933        
3          33         0.6831          0.73215        
3          34         0.40588         0.59349        
3          35         0.10577         0.31149        
3          36         0.08226         0.14891        
3          37         0.36819         0.5577         
3          38         0.29322         0.39538        
3          39         0.492           0.58536        
3          40         0.31224         0.4913         
3          41         0.63625         0.56272        
3          42         0.51285         0.51848        
3          43         0.22151         0.40995        
3          44         0.041749        0.084162       
3          45         0.47148         0.30173        
3          46         0.06118         0.15542        
3          47         0.37615         0.3758         
3          48         0.37361         0.34149        
3          49         0.53926         0.41327        
3          50         0.082269        0.15212        
3          51         0.019883        0.041313       
3          52         0.2685          0.1344         
3          53         0.37146         0.40864        
3          54         0.049636        0.099548       
3          55         0.69617         0.42127        
3          56         0.048023        0.12742        
3          57         0.029997        0.048201       
3          58         0.037676        0.13062        
3          59         0.62282         0.39424        
3          60         0.044434        0.061998       
3          61         0.43644         0.36211        
3          62         0.031965        0.053828       
3          63         0.01628         0.064692       
3          64         0.01572         0.049291       
3          65         0.10146         0.11727        
3          66         0.45584         0.34382        
3          67         0.068535        0.10963        
3          68         0.046265        0.083298       
3          69         0.025734        0.071011       
3          70         0.028288        0.08179        
3          71         0.40626         0.25548        
3          72         0.030678        0.064849       
3          73         0.079783        0.10546        
3          74         0.036031        0.070393       
3          75         0.13475         0.17427        
3          76         0.29834         0.20553        
3          77         0.055897        0.084366       
3          78         0.49522         0.37691        
3          79         0.062454        0.11628        
3          80         0.16358         0.12457        
3          81         0.46619         0.86467        
3          82         0.07608         0.10563        
3          83         0.1284          0.10993        
3          84         0.13998         0.11504        
3          85         0.11533         0.34491        
3          86         0.10573         0.23751        
3          87         0.090525        0.18206        
3          88         0.087386        0.12568        
3          89         0.094961        0.10123        
3          90         0.11731         0.33496        
3          91         0.10438         0.21403        
3          92         0.068083        0.098435       
3          93         0.21826         0.50991        
3          94         0.21971         0.23263        
3          95         0.11569         0.14295        
3          96         0.14578         0.17289        
3          97         0.06327         0.12282        
3          98         0.18137         0.28195        
3          99         0.053726        0.09856        
3          100        0.15834         0.43606        
3          101        0.12278         0.1183         
3          102        0.39949         0.58037        
3          103        0.16263         0.10865        
3          104        0.36814         0.19167        
3          105        0.37255         0.40667        
3          106        0.056523        0.1676         
3          107        0.21882         0.22297        
3          108        0.47171         0.21095        
3          109        0.11684         0.19007        
3          110        0.18187         0.067012       
3          111        0.14065         0.62718        
3          112        0.48589         0.20803        
3          113        0.33733         0.27577        
3          114        0.33216         0.3027         
3          115        0.096267        0.21705        
3          116        0.68336         0.61514        
3          117        0.69422         0.82999        
3          118        0.74915         0.69308        
3          119        0.30972         0.10236        
3          120        0.58948         0.66609        
3          121        0.063621        0.26533        
3          122        0.69242         0.85314        
3          123        0.60258         0.7209         
3          124        0.20495         0.28233        
3          125        0.077422        0.45081        
3          126        0.53829         0.601          
3          127        0.3181          0.27813        
3          128        0.77417         0.96476        
3          129        0.057286        0.29726        
4          0          0.069392        0.16983        
4          1          0.18819         0.28478        
4          2          0.060612        0.15562        
4          3          0.26056         0.27126        
4          4          0.048144        0.12372        
4          5          0.29505         0.29743        
4          6          0.3632          0.22037        
4          7          0.078715        0.18626        
4          8          0.085142        0.099866       
4          9          0.062771        0.15183        
4          10         0.17049         0.22282        
4          11         0.40735         0.40486        
4          12         0.45785         0.45549        
4          13         0.23033         0.35131        
4          14         0.34714         0.32436        
4          15         0.065189        0.08567        
4          16         0.14693         0.28137        
4          17         0.53115         0.47705        
4          18         0.54831         0.43692        
4          19         0.086053        0.1348         
4          20         0.090561        0.10698        
4          21         0.14498         0.22642        
4          22         0.48652         0.50909        
4          23         0.53044         0.48152        
4          24         0.36356         0.47987        
4          25         0.56774         0.52969        
4          26         0.28037         0.42476        
4          27         0.50583         0.44781        
4          28         0.2366          0.35044        
4          29         0.21443         0.301          
4          30         0.73095         0.62988        
4          31         0.44178         0.42439        
4          32         0.8834          0.83633        
4          33         0.34556         0.34451        
4          34         0.69718         0.67313        
4          35         0.56087         0.47381        
4          36         0.75541         0.62969        
4          37         0.91991         0.64945        
4          38         0.34108         0.26164        
4          39         0.75946         0.53222        
4          40         0.36083         0.24022        
4          41         0.67511         0.55144        
4          42         0.7929          0.53433        
4          43         0.74172         0.50659        
4          44         0.60038         0.60729        
4          45         0.78649         0.5727         
4          46         0.90935         0.71068        
4          47         0.75357         0.47044        
4          48         0.75612         0.46304        
4          49         0.55925         0.52632        
4          50         0.33228         0.36656        
4          51         0.095834        0.27423        
4          52         0.15163         0.15222        
4          53         0.17418         0.17551        
4          54         0.61615         0.43102        
4          55         0.22281         0.25907        
4          56         0.63839         0.39258        
4          57         0.24145         0.28951        
4          58         0.11757         0.12761        
4          59         0.6021          0.43698        
4          60         0.59406         0.43135        
4          61         0.3972          0.35746        
4          62         0.3237          0.33434        
4          63         0.14649         0.17923        
4          64         0.075847        0.13909        
4          65         0.11939         0.13894        
4          66         0.60087         0.35351        
4          67         0.046135        0.044843       
4          68         0.6             0.40953        
4          69         0.073657        0.075213       
4          70         0.060171        0.059693       
4          71         0.11753         0.11757        
4          72         0.070183        0.071204       
4          73         0.085622        0.090854       
4          74         0.59512         0.40702        
4          75         0.16055         0.13769        
4          76         0.041192        0.039057       
4          77         0.58759         0.38804        
4          78         0.30906         0.33767        
4          79         0.5577          0.37224        
4          80         0.31164         0.1394         
4          81         0.37851         0.27731        
4          82         0.068078        0.081551       
4          83         0.40577         0.29473        
4          84         0.36488         0.35473        
4          85         0.062007        0.072107       
4          86         0.092107        0.096863       
4          87         0.22852         0.1409         
4          88         0.099058        0.12412        
4          89         0.10905         0.04562        
4          90         0.11539         0.16065        
4          91         0.2945          0.30539        
4          92         0.15263         0.18451        
4          93         0.34373         0.24983        
4          94         0.097734        0.079161       
4          95         0.13103         0.17683        
4          96         0.13586         0.18856        
4          97         0.12933         0.15659        
4          98         0.1241          0.10068        
4          99         0.11799         0.18874        
4          100        0.085997        0.092951       
4          101        0.22075         0.18812        
4          102        0.076058        0.11256        
4          103        0.13274         0.19679        
4          104        0.20969         0.27819        
4          105        0.22025         0.31338        
4          106        0.14609         0.15618        
4          107        0.21991         0.18174        
4          108        0.20221         0.19764        
4          109        0.1588          0.20747        
4          110        0.018527        0.086366       
4          111        0.1354          0.15577        
4          112        0.12126         0.17451        
4          113        0.12974         0.12847        
4          114        0.11918         0.14879        
4          115        0.28554         0.34607        
4          116        0.12526         0.18719        
4          117        0.09585         0.16034        
4          118        0.2196          0.25058        
4          119        0.18827         0.20467        
4          120        0.050157        0.12033        
4          121        0.017165        0.11652        
4          122        0.011094        0.11053        
4          123        0.40435         0.46604        
4          124        0.022645        0.1158         
4          125        0.034423        0.09737        
4          126        0.024053        0.15017        
4          127        0.31669         0.46796        
4          128        0.044921        0.25853        
4          129        0.031084        0.13182        
4          130        0.14076         0.17091        
4          131        0.08343         0.25145        
4          132        0.035755        0.34647        
4          133        0.39781         0.51855        
4          134        0.054789        0.17654        
4          135        0.033548        0.098286       
4          136        0.036404        0.39052        
4          137        0.080166        0.13575        
4          138        0.090237        0.13512        
4          139        0.068893        0.13165        
4          140        0.037429        0.13259        
4          141        0.043943        0.06452        
4          142        0.038866        0.059794       
4          143        0.12252         0.48648        
4          144        0.026678        0.097397       
4          145        0.52111         0.66799        
4          146        0.032377        0.061709       
4          147        0.070389        0.09563        
4          148        0.027906        0.072164       
4          149        0.052646        0.062904       
4          150        0.031026        0.061152       
4          151        0.23309         0.21593        
4          152        0.085922        0.58916        
4          153        0.039616        0.048701       
4          154        0.064068        0.24716        
4          155        0.049063        0.047072       
4          156        0.11979         0.13813        
4          157        0.059457        0.068702       
4          158        0.016125        0.12354        
4          159        0.031493        0.062043       
5          0          0.14576         0.16865        
5          1          0.26198         0.21907        
5          2          0.1391          0.15299        
5          3          0.27933         0.27293        
5          4          0.20831         0.23252        
5          5          0.34066         0.28205        
5          6          0.15434         0.19019        
5          7          0.63892         0.3722         
5          8          0.28663         0.239          
5          9          0.37985         0.3391         
5          10         0.3254          0.34379        
5          11         0.39472         0.31437        
5          12         0.27078         0.30131        
5          13         0.33644         0.40166        
5          14         0.17742         0.12987        
5          15         0.69229         0.44818        
5          16         0.5955          0.5279         
5          17         0.12279         0.12035        
5          18         0.43884         0.48461        
5          19         0.54925         0.44622        
5          20         0.48354         0.50257        
5          21         0.38563         0.33536        
5          22         0.63216         0.43145        
5          23         0.6997          0.56558        
5          24         0.72972         0.74641        
5          25         0.56537         0.42177        
5          26         0.66193         0.53808        
5          27         0.53702         0.65474        
5          28         0.2374          0.28028        
5          29         0.4504          0.48081        
5          30         0.13331         0.21333        
5          31         0.22894         0.26232        
5          32         0.39749         0.42343        
5          33         0.45014         0.43048        
5          34         0.17923         0.21684        
5          35         0.58215         0.51061        
5          36         0.36683         0.53268        
5          37         0.22244         0.31073        
5          38         0.091068        0.14789        
5          39         0.50475         0.46029        
5          40         0.60608         0.51672        
5          41         0.64181         0.6028         
5          42         0.6002          0.49955        
5          43         0.54015         0.41827        
5          44         0.39588         0.41663        
5          45         0.51799         0.51361        
5          46         0.31994         0.47459        
5          47         0.53664         0.42771        
5          48         0.40628         0.34124        
5          49         0.37457         0.34493        
5          50         0.25531         0.29223        
5          51         0.40262         0.38882        
5          52         0.29101         0.38984        
5          53         0.40685         0.38092        
5          54         0.40423         0.3771         
5          55         0.3333          0.34968        
5          56         0.1028          0.14152        
5          57         0.48336         0.35708        
5          58         0.12271         0.14239        
5          59         0.4827          0.33972        
5          60         0.05871         0.038064       
5          61         0.085684        0.14013        
5          62         0.09253         0.11848        
5          63         0.071514        0.092625       
5          64         0.075299        0.084779       
5          65         0.23091         0.34659        
5          66         0.36362         0.30784        
5          67         0.24722         0.26604        
5          68         0.085643        0.071925       
5          69         0.050809        0.076189       
5          70         0.24445         0.14693        
5          71         0.20939         0.28034        
5          72         0.071953        0.08671        
5          73         0.067783        0.081275       
5          74         0.061416        0.10151        
5          75         0.17746         0.14646        
5          76         0.16567         0.22721        
5          77         0.053135        0.054253       
5          78         0.20732         0.26222        
5          79         0.10094         0.16209        
5          80         0.12625         0.1896         
5          81         0.10796         0.1627         
5          82         0.13137         0.20729        
5          83         0.10012         0.16201        
5          84         0.10817         0.21469        
5          85         0.18108         0.31482        
5          86         0.069305        0.16875        
5          87         0.17263         0.28131        
5          88         0.14835         0.20314        
5          89         0.1472          0.24044        
5          90         0.12857         0.0879         
5          91         0.33529         0.51517        
5          92         0.24938         0.34417        
5          93         0.16156         0.18948        
5          94         0.13564         0.11166        
5          95         0.14039         0.11243        
5          96         0.071739        0.10475        
5          97         0.14789         0.11446        
5          98         0.16684         0.12018        
5          99         0.12781         0.10192        
5          100        0.15812         0.12203        
5          101        0.19799         0.14977        
5          102        0.23193         0.20639        
5          103        0.14868         0.12428        
5          104        0.24952         0.19557        
5          105        0.20526         0.16527        
5          106        0.36184         0.23453        
5          107        0.2754          0.19814        
5          108        0.3716          0.43347        
5          109        0.17829         0.15687        
5          110        0.28058         0.22969        
5          111        0.13867         0.087409       
5          112        0.49863         0.36335        
5          113        0.34981         0.46592        
5          114        0.17323         0.15708        
5          115        0.32674         0.26686        
5          116        0.69069         0.4727         
5          117        0.1739          0.095209       
5          118        0.24802         0.12382        
5          119        0.74982         0.44185        
5          120        0.13345         0.18637        
5          121        0.098634        0.1188         
5          122        0.075581        0.094304       
5          123        0.8016          0.58196        
5          124        0.09016         0.11773        
5          125        0.26151         0.13359        
5          126        0.5263          0.23668        
5          127        0.057892        0.14888        
5          128        0.83342         0.65353        
5          129        0.046204        0.055248       
5          130        0.45051         0.53685        
5          131        0.32552         0.15663        
5          132        0.33577         0.15928        
5          133        0.28933         0.27089        
5          134        0.049091        0.073329       
5          135        0.039846        0.046478       
5          136        0.047765        0.073214       
5          137        0.13454         0.15315        
5          138        0.55947         0.49522        
5          139        0.036838        0.049768       
5          140        0.34545         0.38153        
5          141        0.045271        0.058299       
5          142        0.34873         0.17826        
5          143        0.37823         0.50384        
5          144        0.042981        0.051202       
5          145        0.3497          0.24028        
5          146        0.33822         0.34793        
5          147        0.44089         0.40821        
5          148        0.054925        0.077029       
6          0          0.083284        0.11118        
6          1          0.16649         0.40534        
6          2          0.21046         0.33201        
6          3          0.29969         0.3163         
6          4          0.085684        0.11437        
6          5          0.085238        0.12229        
6          6          0.37356         0.52321        
6          7          0.1148          0.32392        
6          8          0.57495         0.39405        
6          9          0.36431         0.44146        
6          10         0.51457         0.31905        
6          11         0.12892         0.39643        
6          12         0.12922         0.3266         
6          13         0.59669         0.46273        
6          14         0.5218          0.35552        
6          15         0.1444          0.41885        
6          16         0.6042          0.56225        
6          17         0.092397        0.15349        
6          18         0.60676         0.73627        
6          19         0.1782          0.48293        
6          20         0.46767         0.42232        
6          21         0.60118         0.55199        
6          22         0.20577         0.53772        
6          23         0.57764         0.67716        
6          24         0.14646         0.2588         
6          25         0.2002          0.43727        
6          26         0.20193         0.43184        
6          27         0.48874         0.52549        
6          28         0.080581        0.12106        
6          29         0.11667         0.20387        
6          30         0.32277         0.44567        
6          31         0.38946         0.61628        
6          32         0.090622        0.14552        
6          33         0.41701         0.58119        
6          34         0.14118         0.23189        
6          35         0.08052         0.12702        
6          36         0.19839         0.38486        
6          37         0.153           0.48751        
6          38         0.25687         0.59742        
6          39         0.23221         0.39599        
6          40         0.21005         0.38757        
6          41         0.10524         0.33781        
6          42         0.21834         0.36487        
6          43         0.19827         0.32378        
6          44         0.14589         0.31497        
6          45         0.15611         0.35372        
6          46         0.09813         0.12804        
6          47         0.042115        0.15832        
6          48         0.087933        0.3306         
6          49         0.14223         0.34435        
6          50         0.13643         0.32826        
6          51         0.019604        0.035782       
6          52         0.097048        0.10091        
6          53         0.089161        0.3158         
6          54         0.015904        0.037437       
6          55         0.14566         0.20082        
6          56         0.078697        0.31653        
6          57         0.15712         0.29462        
6          58         0.060962        0.069544       
6          59         0.19594         0.19335        
6          60         0.068637        0.27402        
6          61         0.069681        0.069702       
6          62         0.042174        0.097801       
6          63         0.08065         0.14468        
6          64         0.027792        0.087463       
6          65         0.03203         0.054845       
6          66         0.13261         0.25846        
6          67         0.061878        0.079078       
6          68         0.048918        0.065331       
6          69         0.082573        0.15309        
6          70         0.025228        0.097654       
6          71         0.13391         0.18781        
6          72         0.15247         0.21537        
6          73         0.059219        0.16328        
6          74         0.096735        0.19238        
6          75         0.092649        0.19762        
6          76         0.071425        0.18195        
6          77         0.077852        0.18605        
6          78         0.097358        0.11054        
6          79         0.070735        0.1112         
6          80         0.075762        0.18109        
6          81         0.080086        0.17282        
6          82         0.15569         0.28125        
6          83         0.077186        0.10107        
6          84         0.063056        0.16613        
6          85         0.11915         0.20248        
6          86         0.07151         0.10676        
6          87         0.21073         0.29546        
6          88         0.087209        0.13789        
6          89         0.25615         0.35445        
6          90         0.081806        0.10306        
6          91         0.07177         0.20584        
6          92         0.13004         0.12739        
6          93         0.092357        0.2186         
6          94         0.075759        0.10134        
6          95         0.31654         0.43354        
6          96         0.13557         0.16258        
6          97         0.25686         0.36795        
6          98         0.05859         0.083191       
6          99         0.11979         0.20432        
6          100        0.097284        0.11651        
6          101        0.17298         0.20079        
6          102        0.24955         0.34854        
6          103        0.28574         0.40576        
6          104        0.27117         0.38149        
6          105        0.12922         0.24131        
6          106        0.18006         0.25723        
6          107        0.092219        0.19168        
6          108        0.27077         0.37303        
6          109        0.11461         0.15807        
6          110        0.15341         0.29319        
6          111        0.34594         0.40809        
6          112        0.063138        0.094084       
6          113        0.096206        0.16855        
6          114        0.2197          0.36212        
6          115        0.3023          0.38825        
6          116        0.45954         0.44451        
6          117        0.1107          0.19593        
6          118        0.42856         0.57688        
6          119        0.31524         0.4007         
6          120        0.081432        0.11223        
6          121        0.45232         0.38688        
6          122        0.15472         0.15214        
6          123        0.2866          0.23077        
6          124        0.1613          0.23409        
6          125        0.42788         0.34135        
6          126        0.16889         0.27389        
6          127        0.44774         0.61221        
6          128        0.1091          0.17741        
6          129        0.029488        0.046984       
6          130        0.043424        0.06122        
6          131        0.43869         0.49529        
6          132        0.16767         0.24755        
6          133        0.11408         0.15464        
6          134        0.089841        0.14815        
6          135        0.62239         0.46847        
6          136        0.2254          0.40724        
6          137        0.17396         0.3217         
6          138        0.027428        0.049695       
6          139        0.097948        0.17488        
6          140        0.12422         0.23306        
6          141        0.069057        0.12504        
6          142        0.028547        0.053295       
6          143        0.3051          0.36054        
6          144        0.63507         0.44968        
6          145        0.58887         0.37514        
6          146        0.014548        0.035041       
6          147        0.030748        0.069072       
6          148        0.014495        0.034438       
6          149        0.62048         0.7503         
6          150        0.10177         0.1889         
6          151        0.030455        0.075273       
7          0          0.15907         0.17001        
7          1          0.06919         0.087518       
7          2          0.19124         0.30654        
7          3          0.093753        0.11248        
7          4          0.21719         0.32247        
7          5          0.27432         0.36394        
7          6          0.39731         0.4256         
7          7          0.16478         0.29598        
7          8          0.10805         0.11748        
7          9          0.25136         0.26861        
7          10         0.10747         0.18158        
7          11         0.42913         0.39614        
7          12         0.40446         0.45579        
7          13         0.25684         0.4297         
7          14         0.39586         0.50604        
7          15         0.14117         0.30436        
7          16         0.61991         0.52301        
7          17         0.14872         0.30279        
7          18         0.34072         0.36578        
7          19         0.39008         0.57396        
7          20         0.12609         0.15361        
7          21         0.54086         0.72969        
7          22         0.69075         0.67507        
7          23         0.32402         0.52267        
7          24         0.39322         0.413          
7          25         0.796           0.67794        
7          26         0.10398         0.1356         
7          27         0.083339        0.25014        
7          28         0.22903         0.26265        
7          29         0.16559         0.42004        
7          30         0.168           0.4298         
7          31         0.30482         0.46409        
7          32         0.34655         0.52311        
7          33         0.089786        0.12049        
7          34         0.16678         0.20248        
7          35         0.68085         0.62976        
7          36         0.15417         0.38238        
7          37         0.11176         0.1394         
7          38         0.18525         0.21773        
7          39         0.099723        0.12295        
7          40         0.20664         0.46774        
7          41         0.23273         0.34622        
7          42         0.095398        0.33829        
7          43         0.085524        0.29242        
7          44         0.10353         0.35392        
7          45         0.14879         0.32511        
7          46         0.29496         0.31984        
7          47         0.10038         0.26157        
7          48         0.096092        0.11182        
7          49         0.073977        0.3157         
7          50         0.17804         0.41863        
7          51         0.09948         0.1232         
7          52         0.077712        0.15426        
7          53         0.105           0.35607        
7          54         0.11853         0.34236        
7          55         0.062799        0.2867         
7          56         0.065858        0.084628       
7          57         0.095376        0.12255        
7          58         0.057677        0.28377        
7          59         0.031308        0.041542       
7          60         0.049234        0.064829       
7          61         0.023577        0.035728       
7          62         0.044947        0.19118        
7          63         0.060506        0.097882       
7          64         0.10803         0.27667        
7          65         0.11823         0.21179        
7          66         0.053159        0.10957        
7          67         0.042317        0.27838        
7          68         0.065463        0.28637        
7          69         0.023388        0.06496        
7          70         0.097406        0.28342        
7          71         0.10851         0.19711        
7          72         0.037342        0.2446         
7          73         0.038597        0.070127       
7          74         0.026626        0.055465       
7          75         0.028887        0.057463       
7          76         0.089396        0.10464        
7          77         0.067803        0.095217       
7          78         0.028115        0.13777        
7          79         0.060582        0.095444       
7          80         0.020187        0.054514       
7          81         0.057176        0.082909       
7          82         0.058602        0.22627        
7          83         0.032436        0.14476        
7          84         0.088151        0.21271        
7          85         0.17046         0.20954        
7          86         0.030076        0.067869       
7          87         0.022505        0.12501        
7          88         0.053051        0.18388        
7          89         0.066661        0.19442        
7          90         0.029569        0.076507       
7          91         0.13276         0.17113        
7          92         0.073224        0.19048        
7          93         0.33825         0.3663         
7          94         0.34759         0.30563        
7          95         0.11206         0.11616        
7          96         0.37479         0.36991        
7          97         0.062997        0.17653        
7          98         0.026055        0.12416        
7          99         0.188           0.21284        
7          100        0.34437         0.29993        
7          101        0.53434         0.52837        
7          102        0.037034        0.11301        
7          103        0.02713         0.10321        
7          104        0.70981         0.76332        
7          105        0.042149        0.14059        
7          106        0.11211         0.24743        
7          107        0.05846         0.13552        
7          108        0.83562         0.93567        
7          109        0.059847        0.10037        
7          110        0.067642        0.17848        
7          111        0.46794         0.44215        
7          112        0.35446         0.36496        
7          113        0.068404        0.16984        
7          114        0.049372        0.17347        
7          115        0.079024        0.19365        
7          116        0.0392          0.082834       
7          117        0.12149         0.20742        
7          118        0.076845        0.18999        
7          119        0.075124        0.11935        
7          120        0.13398         0.2099         
7          121        0.32878         0.38962        
7          122        0.37231         0.42134        
7          123        0.21624         0.2607         
7          124        0.062172        0.19775        
7          125        0.41611         0.4706         
7          126        0.098688        0.16045        
7          127        0.20018         0.30778        
7          128        0.45377         0.45763        
7          129        0.047955        0.091695       
7          130        0.087195        0.14922        
7          131        0.090036        0.17578        
7          132        0.056183        0.10431        
7          133        0.25313         0.39135        
7          134        0.40108         0.43249        
7          135        0.14453         0.20231        
7          136        0.49381         0.47585        
7          137        0.58472         0.59832        
7          138        0.056254        0.1162         
7          139        0.10481         0.11933        
7          140        0.27484         0.36609        
7          141        0.065314        0.14633        
7          142        0.11885         0.21769        
7          143        0.20602         0.22287        
7          144        0.19228         0.32023        
7          145        0.048756        0.12704        
7          146        0.1319          0.28813        
7          147        0.52352         0.65481        
7          148        0.045055        0.13557        
7          149        0.028125        0.046927       
7          150        0.18636         0.15961        
7          151        0.025478        0.047993       
7          152        0.19311         0.23772        
7          153        0.43515         0.47062        
7          154        0.067876        0.081312       
7          155        0.041492        0.14579        
7          156        0.10764         0.14298        
7          157        0.1592          0.43075        
7          158        0.31062         0.42365        
7          159        0.023193        0.046668       
7          160        0.045155        0.17031        
7          161        0.14563         0.13744        
7          162        0.093367        0.23233        
7          163        0.021608        0.052697       
7          164        0.13291         0.47617        
7          165        0.24027         0.34111        
7          166        0.0095062       0.031911       
7          167        0.10737         0.42535        
7          168        0.096635        0.36227        
7          169        0.023693        0.06953        
7          170        0.11724         0.20595        
7          171        0.051277        0.20302        
7          172        0.0040108       0.032493       
7          173        0.044825        0.18767        
7          174        0.011936        0.061218       
7          175        0.3848          0.68411        
7          176        0.31513         0.63313        
7          177        0.0031293       0.027452       
7          178        0.16701         0.33694        
7          179        0.068118        0.26857        
7          180        0.25218         0.54903        
7          181        0.14339         0.28312        
8          0          0.079204        0.16948        
8          1          0.36988         0.26068        
8          2          0.061856        0.11759        
8          3          0.06148         0.10925        
8          4          0.24743         0.17137        
8          5          0.10072         0.14129        
8          6          0.16408         0.2695         
8          7          0.53343         0.35058        
8          8          0.2841          0.2651         
8          9          0.22918         0.4038         
8          10         0.44454         0.27001        
8          11         0.47375         0.36955        
8          12         0.21193         0.28149        
8          13         0.68652         0.49596        
8          14         0.1134          0.144          
8          15         0.37246         0.57036        
8          16         0.10999         0.12784        
8          17         0.73029         0.53352        
8          18         0.68735         0.45395        
8          19         0.3675          0.6003         
8          20         0.52947         0.50768        
8          21         0.71566         0.63665        
8          22         0.80246         0.42331        
8          23         0.13049         0.13364        
8          24         0.26198         0.40112        
8          25         0.79123         0.52217        
8          26         0.13464         0.16384        
8          27         0.63655         0.59776        
8          28         0.58907         0.65283        
8          29         0.49099         0.50388        
8          30         0.44197         0.36871        
8          31         0.57861         0.49434        
8          32         0.78098         0.58772        
8          33         0.44586         0.34004        
8          34         0.12321         0.13249        
8          35         0.92435         0.44961        
8          36         0.40343         0.29033        
8          37         0.14152         0.19958        
8          38         0.11954         0.11793        
8          39         0.51813         0.67449        
8          40         0.39423         0.30885        
8          41         0.32704         0.24472        
8          42         0.29492         0.23132        
8          43         0.33685         0.29544        
8          44         0.081999        0.098913       
8          45         0.061405        0.061072       
8          46         0.26402         0.21606        
8          47         0.2543          0.35265        
8          48         0.28699         0.32495        
8          49         0.27662         0.37436        
8          50         0.21327         0.1647         
8          51         0.25784         0.29413        
8          52         0.12545         0.11394        
8          53         0.14162         0.11946        
8          54         0.28909         0.27652        
8          55         0.31241         0.23432        
8          56         0.054233        0.073612       
8          57         0.040148        0.038652       
8          58         0.20383         0.14584        
8          59         0.098839        0.092539       
8          60         0.27771         0.1938         
8          61         0.3593          0.24711        
8          62         0.30423         0.23865        
8          63         0.091292        0.16859        
8          64         0.35625         0.23766        
8          65         0.32501         0.28524        
8          66         0.10655         0.21545        
8          67         0.098311        0.079383       
8          68         0.18306         0.28636        
8          69         0.32838         0.21572        
8          70         0.30247         0.17684        
8          71         0.14201         0.062185       
8          72         0.089852        0.058422       
8          73         0.22677         0.11275        
8          74         0.070073        0.21975        
8          75         0.10482         0.062054       
8          76         0.25934         0.16229        
8          77         0.15232         0.086193       
8          78         0.28188         0.12446        
8          79         0.22824         0.1417         
8          80         0.18782         0.12871        
8          81         0.20324         0.12883        
8          82         0.097077        0.22791        
8          83         0.33618         0.17905        
8          84         0.15792         0.1142         
8          85         0.34939         0.3016         
8          86         0.076801        0.066627       
8          87         0.28548         0.30289        
8          88         0.09452         0.10483        
8          89         0.34934         0.30219        
8          90         0.077138        0.083316       
8          91         0.14514         0.16624        
8          92         0.37556         0.549          
8          93         0.18683         0.20739        
8          94         0.12265         0.10035        
8          95         0.15137         0.11407        
8          96         0.21423         0.33908        
8          97         0.21467         0.22034        
8          98         0.27357         0.29384        
8          99         0.44151         0.74347        
8          100        0.18239         0.2071         
8          101        0.21296         0.15316        
8          102        0.40362         0.40265        
8          103        0.34685         0.16337        
8          104        0.66557         0.71708        
8          105        0.18577         0.20779        
8          106        0.41609         0.20913        
8          107        0.24238         0.18095        
8          108        0.42744         0.46168        
8          109        0.4491          0.3437         
8          110        0.43263         0.51288        
8          111        0.064476        0.093716       
8          112        0.29103         0.35535        
8          113        0.10421         0.16037        
8          114        0.082751        0.12377        
8          115        0.050109        0.21019        
8          116        0.14899         0.20968        
8          117        0.33176         0.47793        
8          118        0.13926         0.18545        
8          119        0.11175         0.11691        
8          120        0.3519          0.5943         
8          121        0.19037         0.19145        
8          122        0.061749        0.29118        
8          123        0.23047         0.29516        
8          124        0.061208        0.068825       
8          125        0.075724        0.14572        
8          126        0.33788         0.40412        
8          127        0.0635          0.15151        
8          128        0.042987        0.052286       
8          129        0.030643        0.039284       
8          130        0.063844        0.11752        
8          131        0.87061         0.88065        
8          132        0.12003         0.23225        
8          133        0.050115        0.11491        
8          134        0.057453        0.11278        
8          135        0.052029        0.22745        
8          136        0.096622        0.40134        
8          137        0.15603         0.18524        
8          138        0.064816        0.099735       
8          139        0.025744        0.042033       
8          140        0.058293        0.069287       
8          141        0.013301        0.029668       
8          142        0.20138         0.27796        
8          143        0.4581          0.55275        
8          144        0.098543        0.40431        
8          145        0.068993        0.24429        
8          146        0.46979         0.53963        
8          147        0.047999        0.091051       
8          148        0.073756        0.32299        
8          149        0.067469        0.094558       
8          150        0.17867         0.26769        
9          0          0.23129         0.14078        
9          1          0.054392        0.092976       
9          2          0.13807         0.21475        
9          3          0.07405         0.09079        
9          4          0.073994        0.099993       
9          5          0.41251         0.28092        
9          6          0.32473         0.28764        
9          7          0.098163        0.12559        
9          8          0.069298        0.092178       
9          9          0.071857        0.097368       
9          10         0.17223         0.25372        
9          11         0.29904         0.30257        
9          12         0.49748         0.40303        
9          13         0.31122         0.32033        
9          14         0.36184         0.26456        
9          15         0.23527         0.30679        
9          16         0.45787         0.43569        
9          17         0.2203          0.23629        
9          18         0.37856         0.38351        
9          19         0.47167         0.48144        
9          20         0.14913         0.20937        
9          21         0.55495         0.55799        
9          22         0.1308          0.13602        
9          23         0.55219         0.62269        
9          24         0.55635         0.57472        
9          25         0.37189         0.41324        
9          26         0.47828         0.4862         
9          27         0.42231         0.32605        
9          28         0.75559         0.60361        
9          29         0.52515         0.50949        
9          30         0.54085         0.47897        
9          31         0.57171         0.53882        
9          32         0.71763         0.59706        
9          33         0.45466         0.40885        
9          34         0.36699         0.3144         
9          35         0.57242         0.51052        
9          36         0.45841         0.40225        
9          37         0.58556         0.52662        
9          38         0.55129         0.6162         
9          39         0.63024         0.55222        
9          40         0.12771         0.13437        
9          41         0.17241         0.16834        
9          42         0.2237          0.20751        
9          43         0.37731         0.34705        
9          44         0.69697         0.5986         
9          45         0.64766         0.47363        
9          46         0.35541         0.41275        
9          47         0.21964         0.27921        
9          48         0.26568         0.31484        
9          49         0.34449         0.41272        
9          50         0.62483         0.536          
9          51         0.18261         0.2515         
9          52         0.85834         0.64691        
9          53         0.86913         0.61629        
9          54         0.21011         0.19309        
9          55         0.26812         0.30939        
9          56         0.617           0.46927        
9          57         0.49832         0.43013        
9          58         0.11995         0.11283        
9          59         0.21066         0.26616        
9          60         0.15568         0.22012        
9          61         0.15375         0.21003        
9          62         0.13762         0.20636        
9          63         0.7935          0.55113        
9          64         0.43468         0.3565         
9          65         0.11357         0.1742         
9          66         0.12932         0.17993        
9          67         0.14774         0.21117        
9          68         0.57351         0.44313        
9          69         0.2003          0.18808        
9          70         0.08645         0.089014       
9          71         0.21416         0.25918        
9          72         0.047906        0.057986       
9          73         0.13842         0.16803        
9          74         0.086774        0.093775       
9          75         0.36828         0.30537        
9          76         0.50274         0.41944        
9          77         0.4296          0.33501        
9          78         0.1527          0.15092        
9          79         0.55931         0.38054        
9          80         0.15218         0.15235        
9          81         0.32877         0.27203        
9          82         0.2841          0.23104        
9          83         0.28026         0.32776        
9          84         0.23126         0.19066        
9          85         0.071226        0.096123       
9          86         0.11813         0.1263         
9          87         0.13725         0.11459        
9          88         0.13824         0.15563        
9          89         0.014934        0.036889       
9          90         0.084106        0.096527       
9          91         0.074182        0.08842        
9          92         0.040487        0.063462       
9          93         0.2789          0.19933        
9          94         0.16568         0.16019        
9          95         0.27022         0.21239        
9          96         0.3574          0.26687        
9          97         0.062474        0.061561       
9          98         0.021552        0.067668       
9          99         0.28678         0.187          
9          100        0.049655        0.062781       
9          101        0.020781        0.071569       
9          102        0.23812         0.1257         
9          103        0.23645         0.15815        
9          104        0.2077          0.16587        
9          105        0.34016         0.21506        
9          106        0.40805         0.23931        
9          107        0.053296        0.13253        
9          108        0.068273        0.059418       
9          109        0.34442         0.22654        
9          110        0.13741         0.14613        
9          111        0.11785         0.058069       
9          112        0.070068        0.1505         
9          113        0.12706         0.19948        
9          114        0.3557          0.33785        
9          115        0.39519         0.4011         
9          116        0.17226         0.11914        
9          117        0.34041         0.31703        
9          118        0.29994         0.17192        
9          119        0.50199         0.54744        
9          120        0.047819        0.10806        
9          121        0.39721         0.23047        
9          122        0.13929         0.17891        
9          123        0.12042         0.11688        
9          124        0.22958         0.14032        
9          125        0.12253         0.1077         
9          126        0.31295         0.16206        
9          127        0.50084         0.30349        
9          128        0.35843         0.39571        
9          129        0.77433         0.92208        
9          130        0.73486         0.88381        
9          131        0.20136         0.1747         
9          132        0.53526         0.31862        
9          133        0.84813         0.58233        
9          134        0.5337          0.66398        
9          135        0.39989         0.47306        
9          136        0.66088         0.67853        
9          137        0.095708        0.13218        
9          138        0.20292         0.17651        
9          139        0.11194         0.098103       
9          140        0.51548         0.54831        
9          141        0.70732         0.37413        
9          142        0.34052         0.31037        
9          143        0.21277         0.16564        
9          144        0.47313         0.28902        
9          145        0.41471         0.24736        
9          146        0.51352         0.33799        
9          147        0.26467         0.16077        
9          148        0.60321         0.53951        
9          149        0.58386         0.42425        
9          150        0.54218         0.52053        
9          151        0.084989        0.15224        
9          152        0.257           0.19603        
9          153        0.12594         0.11386        
9          154        0.18357         0.19474        
9          155        0.07007         0.12498        
9          156        0.46786         0.37212        
9          157        0.38777         0.36631        
9          158        0.40424         0.28789        
9          159        0.18106         0.19907        
9          160        0.10197         0.10559        
9          161        0.30473         0.33375        
9          162        0.19854         0.23217        
9          163        0.39654         0.37362        
9          164        0.50918         0.50755        
9          165        0.32502         0.41313        
9          166        0.073084        0.074415       
9          167        0.27096         0.35778        
9          168        0.10355         0.11408        
9          169        0.056603        0.1709         
9          170        0.11905         0.13139        
9          171        0.26962         0.37901        
9          172        0.17344         0.24015        
9          173        0.23516         0.48278        
9          174        0.41893         0.384          
9          175        0.05834         0.16193        
9          176        0.11547         0.12938        
9          177        0.055892        0.046372       
9          178        0.13856         0.091653       
9          179        0.04781         0.23137        
9          180        0.10281         0.11542        
9          181        0.4362          0.35131        
9          182        0.7828          0.65617        
9          183        0.2349          0.40571        
9          184        0.26435         0.4349         
9          185        0.2363          0.16926        
9          186        0.042311        0.049078       
9          187        0.18587         0.36036        
9          188        0.073777        0.07775        
9          189        0.068631        0.073757       
9          190        0.12368         0.30081        
9          191        0.10143         0.062833       
9          192        0.261           0.1632         
9          193        0.36748         0.23856        
9          194        0.037789        0.050588       
9          195        0.088507        0.098321       
9          196        0.065687        0.086712       
9          197        0.52244         0.6727         
9          198        0.075218        0.079899       
9          199        0.027728        0.039675       
9          200        0.11699         0.66185        
9          201        0.038398        0.36488        
9          202        0.17728         0.46976        
9          203        0.089915        0.09786        
9          204        0.082435        0.094896       
9          205        0.057004        0.080229       
9          206        0.049801        0.063101       
9          207        0.18657         0.51176        
10         0          0.1971          0.29385        
10         1          0.18121         0.22778        
10         2          0.22222         0.20437        
10         3          0.073888        0.10715        
10         4          0.22322         0.29661        
10         5          0.085189        0.20677        
10         6          0.1154          0.15974        
10         7          0.11772         0.10415        
10         8          0.079651        0.12819        
10         9          0.16623         0.2685         
10         10         0.32321         0.2295         
10         11         0.088805        0.11946        
10         12         0.080492        0.16871        
10         13         0.46491         0.4903         
10         14         0.20044         0.16515        
10         15         0.18488         0.29374        
10         16         0.32754         0.47339        
10         17         0.11006         0.20729        
10         18         0.10513         0.13407        
10         19         0.63424         0.64692        
10         20         0.11652         0.15415        
10         21         0.12684         0.16798        
10         22         0.81259         0.77308        
10         23         0.14434         0.1922         
10         24         0.4073          0.43645        
10         25         0.3286          0.27154        
10         26         0.37786         0.41077        
10         27         0.17179         0.22262        
10         28         0.40207         0.4391         
10         29         0.22252         0.26924        
10         30         0.28977         0.32864        
10         31         0.40134         0.32552        
10         32         0.3041          0.38106        
10         33         0.40971         0.43442        
10         34         0.13373         0.13065        
10         35         0.55611         0.46536        
10         36         0.37663         0.42554        
10         37         0.23752         0.256          
10         38         0.55038         0.63115        
10         39         0.27829         0.39852        
10         40         0.27083         0.29841        
10         41         0.13158         0.12123        
10         42         0.28815         0.41411        
10         43         0.18714         0.27978        
10         44         0.22018         0.27579        
10         45         0.40866         0.49917        
10         46         0.20539         0.31688        
10         47         0.24501         0.36038        
10         48         0.23609         0.3031         
10         49         0.31645         0.39636        
10         50         0.22724         0.31843        
10         51         0.14988         0.18655        
10         52         0.69604         0.55694        
10         53         0.53584         0.41742        
10         54         0.12257         0.15144        
10         55         0.10692         0.17581        
10         56         0.084407        0.081842       
10         57         0.11672         0.1904         
10         58         0.21579         0.20548        
10         59         0.18198         0.24939        
10         60         0.10509         0.16998        
10         61         0.10034         0.1632         
10         62         0.64563         0.48818        
10         63         0.059573        0.074132       
10         64         0.36279         0.32118        
10         65         0.30393         0.33426        
10         66         0.27153         0.27884        
10         67         0.066814        0.12395        
10         68         0.14674         0.19442        
10         69         0.17992         0.21605        
10         70         0.042277        0.050444       
10         71         0.060934        0.087317       
10         72         0.25553         0.21855        
10         73         0.24974         0.23836        
10         74         0.035594        0.052298       
10         75         0.045468        0.08606        
10         76         0.064817        0.081461       
10         77         0.062322        0.072331       
10         78         0.047027        0.11738        
10         79         0.30606         0.25834        
10         80         0.094539        0.11021        
10         81         0.65018         0.35872        
10         82         0.21591         0.20833        
10         83         0.08723         0.099481       
10         84         0.086346        0.091907       
10         85         0.069479        0.084914       
10         86         0.07777         0.078578       
10         87         0.54971         0.30147        
10         88         0.28135         0.17765        
10         89         0.49328         0.30107        
10         90         0.083959        0.15241        
10         91         0.15437         0.17377        
10         92         0.047766        0.04951        
10         93         0.05772         0.080048       
10         94         0.044827        0.13014        
10         95         0.061644        0.085032       
10         96         0.035094        0.041113       
10         97         0.047084        0.047773       
10         98         0.17594         0.17499        
10         99         0.4797          0.28081        
10         100        0.020089        0.080282       
10         101        0.059165        0.067302       
10         102        0.26536         0.20507        
10         103        0.11553         0.13985        
10         104        0.020936        0.038423       
10         105        0.13355         0.16249        
10         106        0.053595        0.11636        
10         107        0.042176        0.062408       
10         108        0.019424        0.060644       
10         109        0.031835        0.051653       
10         110        0.28588         0.21605        
10         111        0.10901         0.15506        
10         112        0.15948         0.18293        
10         113        0.17033         0.13442        
10         114        0.14456         0.1941         
10         115        0.039955        0.1037         
10         116        0.029145        0.082276       
10         117        0.024071        0.051808       
10         118        0.028542        0.04673        
10         119        0.19453         0.24091        
10         120        0.096456        0.13895        
10         121        0.086181        0.13352        
10         122        0.13312         0.18109        
10         123        0.19668         0.14427        
10         124        0.15841         0.22089        
10         125        0.043996        0.058969       
10         126        0.088191        0.14552        
10         127        0.20822         0.28119        
10         128        0.41723         0.49614        
10         129        0.1705          0.1193         
10         130        0.27514         0.35237        
10         131        0.16599         0.17443        
10         132        0.12608         0.11688        
10         133        0.11839         0.15578        
10         134        0.1101          0.14727        
10         135        0.18427         0.19975        
10         136        0.14078         0.20845        
10         137        0.067139        0.12763        
10         138        0.2571          0.39226        
10         139        0.22237         0.29494        
10         140        0.07022         0.14099        
10         141        0.17136         0.15976        
10         142        0.17335         0.27664        
10         143        0.081396        0.1366         
10         144        0.16359         0.24749        
10         145        0.3705          0.53085        
10         146        0.20559         0.29463        
10         147        0.088522        0.15662        
10         148        0.11141         0.14831        
10         149        0.19564         0.31158        
10         150        0.74957         0.69924        
10         151        0.26129         0.36857        
10         152        0.12128         0.19066        
10         153        0.18285         0.28572        
10         154        0.10352         0.12372        
10         155        0.62277         0.66148        
10         156        0.11812         0.16941        
10         157        0.12717         0.1831         
10         158        0.42388         0.5367         
10         159        0.12851         0.17373        
10         160        0.20231         0.31175        
10         161        0.11841         0.18904        
10         162        0.16859         0.36445        
10         163        0.11813         0.18065        
10         164        0.18245         0.26388        
10         165        0.11487         0.16316        
10         166        0.10881         0.15479        
10         167        0.14093         0.21316        
10         168        0.19317         0.28245        
10         169        0.12672         0.20435        
10         170        0.10472         0.13981        
10         171        0.19528         0.355          
10         172        0.20167         0.33876        
10         173        0.22427         0.26441        
10         174        0.38325         0.44662        
10         175        0.12738         0.19586        
10         176        0.56339         0.60466        
10         177        0.14609         0.15929        
10         178        0.24263         0.31708        
10         179        0.076131        0.11561        
10         180        0.067437        0.10467        
10         181        0.085326        0.14869        
10         182        0.11059         0.15764        
10         183        0.33082         0.31827        
10         184        0.10092         0.14407        
10         185        0.049493        0.084519       
10         186        0.10564         0.14973        
10         187        0.042101        0.0754         
10         188        0.7071          0.57589        
10         189        0.39282         0.40075        
10         190        0.31351         0.22205        
10         191        0.41704         0.42179        
10         192        0.17301         0.25994        
10         193        0.032946        0.075389       
10         194        0.13076         0.2106         
10         195        0.065943        0.099424       
10         196        0.016849        0.045292       
10         197        0.41041         0.62841        
10         198        0.665           0.74487        
10         199        0.069581        0.12854        
10         200        0.46061         0.472          
10         201        0.037469        0.062623       
10         202        0.58777         0.86902        
10         203        0.46378         0.43976        
10         204        0.066196        0.093768       
10         205        0.076311        0.10471        
10         206        0.45767         0.40125        
10         207        0.075615        0.097627       
10         208        0.055932        0.070705       
10         209        0.027841        0.047761       
10         210        0.01583         0.041591       
10         211        0.592           0.60093        
10         212        0.51377         0.83712        
10         213        0.036936        0.065729       
10         214        0.3043          0.4765         
10         215        0.59602         0.60009        
10         216        0.067246        0.075489       
10         217        0.63008         0.57746        
10         218        0.083837        0.097959       
10         219        0.67357         0.62699        
10         220        0.061567        0.08091        
10         221        0.090057        0.097594       
10         222        0.027379        0.053537       
10         223        0.6558          0.6054         
10         224        0.056379        0.066621       
11         0          0.26197         0.27535        
11         1          0.064705        0.14035        
11         2          0.091714        0.1753         
11         3          0.16739         0.13428        
11         4          0.12552         0.18371        
11         5          0.22322         0.27563        
11         6          0.099287        0.13689        
11         7          0.47365         0.47303        
11         8          0.057701        0.18573        
11         9          0.090919        0.21057        
11         10         0.11181         0.23245        
11         11         0.14362         0.24049        
11         12         0.97498         0.69361        
11         13         0.32511         0.30081        
11         14         0.42023         0.39336        
11         15         0.12626         0.16121        
11         16         0.11834         0.27984        
11         17         0.16127         0.28166        
11         18         0.44344         0.45225        
11         19         0.36002         0.3536         
11         20         0.17611         0.18179        
11         21         0.28445         0.28618        
11         22         0.20058         0.24326        
11         23         0.21374         0.31846        
11         24         0.32839         0.31394        
11         25         0.523           0.69652        
11         26         0.20691         0.30802        
11         27         0.22256         0.24995        
11         28         0.23968         0.25594        
11         29         0.22922         0.26385        
11         30         0.44482         0.5731         
11         31         0.34389         0.35145        
11         32         0.42643         0.5283         
11         33         0.25209         0.25564        
11         34         0.23721         0.20712        
11         35         0.22976         0.24413        
11         36         0.26413         0.24182        
11         37         0.28035         0.26502        
11         38         0.25201         0.40965        
11         39         0.35285         0.43771        
11         40         0.29739         0.30816        
11         41         0.28041         0.2898         
11         42         0.25927         0.29638        
11         43         0.27632         0.30237        
11         44         0.24878         0.20516        
11         45         0.31709         0.3182         
11         46         0.17544         0.16427        
11         47         0.18688         0.18101        
11         48         0.29545         0.39436        
11         49         0.21858         0.24511        
11         50         0.27321         0.26338        
11         51         0.15015         0.14876        
11         52         0.20083         0.17255        
11         53         0.066487        0.070173       
11         54         0.18511         0.18732        
11         55         0.29045         0.33012        
11         56         0.084618        0.092347       
11         57         0.067843        0.068512       
11         58         0.15856         0.15812        
11         59         0.032094        0.046342       
11         60         0.19824         0.19129        
11         61         0.043096        0.06424        
11         62         0.26494         0.32892        
11         63         0.033775        0.056793       
11         64         0.037608        0.051112       
11         65         0.15923         0.16518        
11         66         0.028605        0.051813       
11         67         0.030782        0.061519       
11         68         0.23799         0.32836        
11         69         0.13476         0.15474        
11         70         0.093047        0.092581       
11         71         0.065611        0.080859       
11         72         0.20601         0.28529        
11         73         0.014795        0.040834       
11         74         0.17974         0.25599        
11         75         0.087291        0.090295       
11         76         0.059569        0.091693       
11         77         0.057921        0.089929       
11         78         0.029633        0.053577       
11         79         0.021987        0.046531       
11         80         0.015646        0.040207       
11         81         0.068217        0.099958       
11         82         0.040227        0.073436       
11         83         0.011989        0.039812       
11         84         0.19308         0.26263        
11         85         0.18956         0.23539        
11         86         0.050123        0.11652        
11         87         0.096913        0.13247        
11         88         0.18759         0.23915        
11         89         0.14502         0.17187        
11         90         0.087399        0.12763        
11         91         0.13666         0.16487        
11         92         0.019564        0.035903       
11         93         0.014397        0.031815       
11         94         0.081964        0.078978       
11         95         0.10714         0.10449        
11         96         0.045039        0.054719       
11         97         0.12003         0.11769        
11         98         0.16642         0.20099        
11         99         0.085415        0.072352       
11         100        0.077464        0.059041       
11         101        0.030476        0.041628       
11         102        0.24566         0.30574        
11         103        0.27876         0.18886        
11         104        0.15645         0.13181        
11         105        0.14311         0.080553       
11         106        0.16531         0.25434        
11         107        0.17239         0.13414        
11         108        0.29521         0.39829        
11         109        0.19487         0.1728         
11         110        0.062907        0.056036       
11         111        0.19633         0.16273        
11         112        0.18948         0.28404        
11         113        0.20948         0.17546        
11         114        0.16146         0.12013        
11         115        0.16161         0.11502        
11         116        0.13751         0.11258        
11         117        0.46519         0.38332        
11         118        0.17822         0.10589        
11         119        0.26273         0.13105        
11         120        0.26567         0.2024         
11         121        0.12226         0.18966        
11         122        0.25336         0.13375        
11         123        0.24001         0.15437        
11         124        0.18153         0.15733        
11         125        0.20941         0.13065        
11         126        0.19106         0.14937        
11         127        0.16189         0.12989        
11         128        0.092043        0.16038        
11         129        0.6158          0.52707        
11         130        0.83813         0.79152        
11         131        0.74198         0.64983        
11         132        0.15388         0.12836        
11         133        0.24259         0.25937        
11         134        0.48678         0.43195        
11         135        0.11005         0.12706        
11         136        0.12673         0.13162        
11         137        0.78519         0.69014        
11         138        0.55879         0.51009        
11         139        0.28483         0.27995        
11         140        0.20374         0.23625        
11         141        0.25842         0.22541        
11         142        0.73825         0.61362        
11         143        0.33649         0.31291        
11         144        0.098982        0.13453        
11         145        0.098576        0.17236        
11         146        0.093701        0.14941        
11         147        0.17139         0.1797         
11         148        0.13397         0.17306        
11         149        0.31246         0.27512        
11         150        0.13178         0.1904         
11         151        0.062055        0.14664        
11         152        0.2802          0.29192        
11         153        0.41319         0.36016        
11         154        0.14933         0.15003        
11         155        0.05649         0.15009        
11         156        0.63314         0.53199        
11         157        0.22544         0.28729        
11         158        0.054799        0.14201        
11         159        0.26682         0.23166        
11         160        0.13101         0.13138        
11         161        0.27632         0.33864        
11         162        0.39805         0.36438        
11         163        0.10143         0.18941        
11         164        0.47642         0.48924        
11         165        0.067327        0.17368        
11         166        0.74232         0.7236         
11         167        0.070968        0.21547        
11         168        0.30391         0.415          
11         169        0.07366         0.14215        
11         170        0.052676        0.093122       
11         171        0.63674         0.86059        
11         172        0.061375        0.14231        
11         173        0.0251          0.063473       
11         174        0.44583         0.77128        
11         175        0.59808         0.93045        
11         176        0.10592         0.16384        
11         177        0.11309         0.19831        
11         178        0.032154        0.056822       
11         179        0.043045        0.064787       
11         180        0.10615         0.29632        
11         181        0.085644        0.30352        
11         182        0.036735        0.059675       
11         183        0.020197        0.055698       
11         184        0.20073         0.49449        
11         185        0.05138         0.11613        
11         186        0.048641        0.098947       
11         187        0.17305         0.40799        
11         188        0.02223         0.063877       
11         189        0.039499        0.10645        
11         190        0.04912         0.10397        
11         191        0.14921         0.45293        
11         192        0.13936         0.48031        
11         193        0.022545        0.053642       
11         194        0.046597        0.17193        
11         195        0.2992          0.61501        
11         196        0.017124        0.047534       
11         197        0.03317         0.087143       
11         198        0.59658         0.66093        
11         199        0.029426        0.081746       
11         200        0.018545        0.056529       
12         0          0.087308        0.11756        
12         1          0.29266         0.26484        
12         2          0.17701         0.20925        
12         3          0.20159         0.12513        
12         4          0.12314         0.14901        
12         5          0.045432        0.12561        
12         6          0.072787        0.10764        
12         7          0.11908         0.15825        
12         8          0.20598         0.12343        
12         9          0.37908         0.34036        
12         10         0.14803         0.23925        
12         11         0.32978         0.33801        
12         12         0.11342         0.16628        
12         13         0.097852        0.13635        
12         14         0.084278        0.1427         
12         15         0.42034         0.42174        
12         16         0.15595         0.2177         
12         17         0.073191        0.12242        
12         18         0.47052         0.50703        
12         19         0.26324         0.19013        
12         20         0.065563        0.16609        
12         21         0.20311         0.21015        
12         22         0.27309         0.18093        
12         23         0.10458         0.15657        
12         24         0.11923         0.24871        
12         25         0.55996         0.6329         
12         26         0.28933         0.20116        
12         27         0.59333         0.66363        
12         28         0.086655        0.17283        
12         29         0.097318        0.20951        
12         30         0.17666         0.2484         
12         31         0.20029         0.26867        
12         32         0.29379         0.38247        
12         33         0.084677        0.15818        
12         34         0.11646         0.18677        
12         35         0.26491         0.16678        
12         36         0.65073         0.6284         
12         37         0.32707         0.22893        
12         38         0.30568         0.3363         
12         39         0.15081         0.22909        
12         40         0.51085         0.50661        
12         41         0.29557         0.34198        
12         42         0.18416         0.22466        
12         43         0.23521         0.29863        
12         44         0.33688         0.27603        
12         45         0.67723         0.57269        
12         46         0.26875         0.28917        
12         47         0.089752        0.15075        
12         48         0.38509         0.35414        
12         49         0.10559         0.15618        
12         50         0.34161         0.30509        
12         51         0.21163         0.23004        
12         52         0.32342         0.3625         
12         53         0.55722         0.43986        
12         54         0.33565         0.39603        
12         55         0.32355         0.37565        
12         56         0.098293        0.13294        
12         57         0.18443         0.15863        
12         58         0.33513         0.27482        
12         59         0.25541         0.20255        
12         60         0.22343         0.19559        
12         61         0.18357         0.15752        
12         62         0.18853         0.26701        
12         63         0.29795         0.37738        
12         64         0.29444         0.34734        
12         65         0.29795         0.38179        
12         66         0.058597        0.073949       
12         67         0.1683          0.23215        
12         68         0.30062         0.22295        
12         69         0.1583          0.14521        
12         70         0.27778         0.35681        
12         71         0.2284          0.22273        
12         72         0.23666         0.1896         
12         73         0.13632         0.12727        
12         74         0.24768         0.36366        
12         75         0.099711        0.091784       
12         76         0.048569        0.055732       
12         77         0.082726        0.069421       
12         78         0.22303         0.34479        
12         79         0.21065         0.24527        
12         80         0.075845        0.074323       
12         81         0.04321         0.047986       
12         82         0.20276         0.31247        
12         83         0.05818         0.068209       
12         84         0.22202         0.30797        
12         85         0.045661        0.06014        
12         86         0.07933         0.1342         
12         87         0.15889         0.24893        
12         88         0.076446        0.15272        
12         89         0.11772         0.16492        
12         90         0.030321        0.04857        
12         91         0.15496         0.25919        
12         92         0.091781        0.1338         
12         93         0.072234        0.093854       
12         94         0.023031        0.039048       
12         95         0.11735         0.17985        
12         96         0.037951        0.05254        
12         97         0.069711        0.095023       
12         98         0.01933         0.035428       
12         99         0.031053        0.071716       
12         100        0.041026        0.10154        
12         101        0.070542        0.10327        
12         102        0.048081        0.1344         
12         103        0.024556        0.08938        
12         104        0.064419        0.092514       
12         105        0.13636         0.21575        
12         106        0.013949        0.048419       
12         107        0.044926        0.13014        
12         108        0.032094        0.040209       
12         109        0.088658        0.17799        
12         110        0.033166        0.11741        
12         111        0.078815        0.15716        
12         112        0.07773         0.10138        
12         113        0.03807         0.12659        
12         114        0.027719        0.032185       
12         115        0.091948        0.12271        
12         116        0.013537        0.030231       
12         117        0.054755        0.14695        
12         118        0.059555        0.10572        
12         119        0.05582         0.054222       
12         120        0.038425        0.038254       
12         121        0.065896        0.11018        
12         122        0.17972         0.18706        
12         123        0.22407         0.27384        
12         124        0.10339         0.17256        
12         125        0.32702         0.31305        
12         126        0.1213          0.16995        
12         127        0.052979        0.10187        
12         128        0.33057         0.33004        
12         129        0.068465        0.10646        
12         130        0.070604        0.15854        
12         131        0.1628          0.112          
12         132        0.070809        0.10202        
12         133        0.18639         0.12977        
12         134        0.0853          0.11612        
12         135        0.043818        0.12652        
12         136        0.47436         0.39173        
12         137        0.1753          0.13977        
12         138        0.25971         0.2909         
12         139        0.057222        0.17631        
12         140        0.060916        0.13571        
12         141        0.20753         0.2592         
12         142        0.56193         0.51194        
12         143        0.66405         0.77778        
12         144        0.57566         0.51594        
12         145        0.59554         0.54658        
12         146        0.086128        0.12708        
12         147        0.124           0.14792        
12         148        0.11453         0.19302        
12         149        0.15946         0.24728        
12         150        0.60926         0.68828        
12         151        0.092757        0.11654        
12         152        0.14547         0.13692        
12         153        0.18996         0.27217        
12         154        0.10093         0.12992        
12         155        0.11744         0.16077        
12         156        0.57942         0.64491        
12         157        0.62806         0.62588        
12         158        0.19167         0.20483        
12         159        0.34858         0.4033         
12         160        0.17939         0.21104        
12         161        0.090407        0.17971        
12         162        0.1917          0.15166        
12         163        0.10701         0.19273        
12         164        0.15954         0.12715        
12         165        0.11123         0.2092         
12         166        0.14664         0.13753        
12         167        0.41803         0.37197        
12         168        0.12169         0.22365        
12         169        0.091049        0.14585        
12         170        0.17995         0.14271        
12         171        0.29835         0.25372        
12         172        0.17556         0.20976        
12         173        0.071335        0.12913        
12         174        0.084658        0.11897        
12         175        0.24076         0.20683        
12         176        0.12732         0.15946        
12         177        0.28266         0.20901        
12         178        0.55963         0.45943        
12         179        0.30905         0.24826        
12         180        0.086088        0.13103        
12         181        0.15463         0.18566        
12         182        0.35593         0.27901        
12         183        0.26386         0.2227         
12         184        0.74002         0.81417        
12         185        0.3586          0.4119         
12         186        0.10989         0.14537        
12         187        0.075128        0.090984       
12         188        0.31837         0.24686        
12         189        0.4577          0.36135        
12         190        0.3496          0.28337        
12         191        0.040307        0.060859       
12         192        0.1027          0.13957        
12         193        0.42964         0.36193        
12         194        0.085648        0.096922       
12         195        0.40492         0.36258        
12         196        0.42387         0.49671        
12         197        0.019894        0.051895       
12         198        0.023542        0.095762       
12         199        0.071347        0.12034        
12         200        0.50463         0.54613        
12         201        0.044279        0.10695        
12         202        0.58096         0.52121        
12         203        0.033861        0.094602       
12         204        0.016151        0.055145       
12         205        0.26586         0.37622        
12         206        0.73842         0.56428        
12         207        0.35856         0.62235        
12         208        0.070342        0.092034       
12         209        0.0106          0.055866       
12         210        0.48658         0.87861        
12         211        0.28231         0.5778         
12         212        0.9549          0.66169        
12         213        0.2885          0.66908        
12         214        0.027783        0.09616        
12         215        0.10157         0.21934        
12         216        0.014368        0.073985       
12         217        0.020141        0.068087       
12         218        0.029773        0.077742       
14         0          0.11454         0.11577        
14         1          0.079401        0.099867       
14         2          0.044275        0.16413        
14         3          0.051297        0.13802        
14         4          0.097709        0.12028        
14         5          0.29986         0.34745        
14         6          0.14691         0.22001        
14         7          0.12802         0.17895        
14         8          0.048165        0.16883        
14         9          0.2117          0.32293        
14         10         0.082047        0.11511        
14         11         0.23431         0.13076        
14         12         0.42162         0.42364        
14         13         0.30596         0.1691         
14         14         0.12443         0.18606        
14         15         0.20029         0.14635        
14         16         0.08368         0.23083        
14         17         0.069296        0.13954        
14         18         0.10921         0.21515        
14         19         0.52543         0.61861        
14         20         0.46101         0.28547        
14         21         0.25736         0.35309        
14         22         0.74058         0.68579        
14         23         0.22448         0.15529        
14         24         0.31925         0.32009        
14         25         0.082421        0.26314        
14         26         0.13253         0.15585        
14         27         0.072405        0.18256        
14         28         0.26083         0.16609        
14         29         0.21696         0.14532        
14         30         0.15687         0.19259        
14         31         0.18565         0.19165        
14         32         0.16639         0.21839        
14         33         0.12875         0.31931        
14         34         0.10824         0.1913         
14         35         0.39407         0.32077        
14         36         0.46745         0.597          
14         37         0.19755         0.29713        
14         38         0.13488         0.13134        
14         39         0.19046         0.15864        
14         40         0.090844        0.23218        
14         41         0.18732         0.16648        
14         42         0.29735         0.33986        
14         43         0.12905         0.19295        
14         44         0.14829         0.14434        
14         45         0.095306        0.11209        
14         46         0.10525         0.20219        
14         47         0.12677         0.23988        
14         48         0.18948         0.30093        
14         49         0.10684         0.15804        
14         50         0.12435         0.30921        
14         51         0.152           0.30251        
14         52         0.1458          0.21497        
14         53         0.15158         0.30792        
14         54         0.16533         0.33476        
14         55         0.15602         0.3383         
14         56         0.054446        0.078394       
14         57         0.095116        0.14674        
14         58         0.058405        0.18407        
14         59         0.045876        0.11124        
14         60         0.084468        0.19398        
14         61         0.087643        0.1933         
14         62         0.040074        0.059631       
14         63         0.05256         0.072875       
14         64         0.14568         0.30276        
14         65         0.094884        0.22065        
14         66         0.13938         0.27767        
14         67         0.039223        0.050809       
14         68         0.034496        0.05802        
14         69         0.12132         0.2804         
14         70         0.056879        0.097609       
14         71         0.036522        0.14787        
14         72         0.083404        0.18859        
14         73         0.063256        0.10813        
14         74         0.13089         0.23238        
14         75         0.041621        0.13559        
14         76         0.065914        0.1045         
14         77         0.0071877       0.037134       
14         78         0.071485        0.14637        
14         79         0.062842        0.052708       
14         80         0.076822        0.06061        
14         81         0.11026         0.24574        
14         82         0.077358        0.076304       
14         83         0.008197        0.029164       
14         84         0.049348        0.055958       
14         85         0.019043        0.084729       
14         86         0.083441        0.094163       
14         87         0.11279         0.07999        
14         88         0.0085812       0.024709       
14         89         0.0046688       0.02452        
14         90         0.1508          0.10288        
14         91         0.057551        0.14442        
14         92         0.073886        0.09501        
14         93         0.12879         0.09505        
14         94         0.065228        0.18537        
14         95         0.0052579       0.032574       
14         96         0.03336         0.041468       
14         97         0.055019        0.15538        
14         98         0.18483         0.13446        
14         99         0.047828        0.13591        
14         100        0.059439        0.17595        
14         101        0.063543        0.095966       
14         102        0.098099        0.12596        
14         103        0.079141        0.10745        
14         104        0.024433        0.032605       
14         105        0.010274        0.032626       
14         106        0.31678         0.22249        
14         107        0.085603        0.1463         
14         108        0.067715        0.094528       
14         109        0.19961         0.16657        
14         110        0.14247         0.13557        
14         111        0.052639        0.15861        
14         112        0.031102        0.037173       
14         113        0.20139         0.23665        
14         114        0.14949         0.19781        
14         115        0.37215         0.28539        
14         116        0.036916        0.12156        
14         117        0.041402        0.14164        
14         118        0.10833         0.13768        
14         119        0.26944         0.30391        
14         120        0.073126        0.094753       
14         121        0.25251         0.21576        
14         122        0.034471        0.052167       
14         123        0.10047         0.13773        
14         124        0.057354        0.1174         
14         125        0.40225         0.33134        
14         126        0.051331        0.065059       
14         127        0.0722          0.1064         
14         128        0.078898        0.10647        
14         129        0.072507        0.096462       
14         130        0.055307        0.098923       
14         131        0.1711          0.29852        
14         132        0.089992        0.1333         
14         133        0.073295        0.11333        
14         134        0.028727        0.11962        
14         135        0.1229          0.13649        
14         136        0.20291         0.18457        
14         137        0.27552         0.45938        
14         138        0.07335         0.10826        
14         139        0.28746         0.26312        
14         140        0.022789        0.1412         
14         141        0.1934          0.34026        
14         142        0.36606         0.3487         
14         143        0.084763        0.1185         
14         144        0.63247         0.75613        
14         145        0.15289         0.1577         
14         146        0.11002         0.12729        
14         147        0.21293         0.19995        
14         148        0.094914        0.13834        
14         149        0.02678         0.11643        
14         150        0.27754         0.28346        
14         151        0.036347        0.10695        
14         152        0.19896         0.18505        
14         153        0.093638        0.13919        
14         154        0.39156         0.53153        
14         155        0.12807         0.1934         
14         156        0.20546         0.18988        
14         157        0.17273         0.24786        
14         158        0.20243         0.19536        
14         159        0.060325        0.1133         
14         160        0.19368         0.23832        
14         161        0.25578         0.22638        
14         162        0.074215        0.12782        
14         163        0.15085         0.19959        
14         164        0.21904         0.41524        
14         165        0.15925         0.36654        
14         166        0.20733         0.19505        
14         167        0.050858        0.21279        
14         168        0.17351         0.17472        
14         169        0.41106         0.46633        
14         170        0.17147         0.21257        
14         171        0.27559         0.31719        
14         172        0.089994        0.12479        
14         173        0.10963         0.14659        
14         174        0.11179         0.13295        
14         175        0.079345        0.18165        
14         176        0.25131         0.22969        
14         177        0.19392         0.55151        
14         178        0.068626        0.097009       
14         179        0.1738          0.18616        
14         180        0.2306          0.64386        
14         181        0.062343        0.090373       
14         182        0.28976         0.20617        
14         183        0.2668          0.72806        
14         184        0.43891         0.4109         
14         185        0.062975        0.091743       
14         186        0.38314         0.27231        
14         187        0.050158        0.069542       
14         188        0.1017          0.12704        
14         189        0.29464         0.26338        
14         190        0.30894         0.7605         
14         191        0.046981        0.068182       
14         192        0.083417        0.12128        
14         193        0.097633        0.14278        
14         194        0.064768        0.09387        
14         195        0.04597         0.066896       
14         196        0.072089        0.10706        
14         197        0.063723        0.098503       
14         198        0.054705        0.078436       
14         199        0.41639         0.81422        
14         200        0.61175         0.53934        
14         201        0.038557        0.060739       
14         202        0.072871        0.11691        
14         203        0.074738        0.11161        
14         204        0.53331         0.44565        
14         205        0.043893        0.077832       
14         206        0.06536         0.1031         
14         207        0.54563         0.48307        
14         208        0.42224         0.51832        
14         209        0.075379        0.12122        
14         210        0.072752        0.11534        
14         211        0.061246        0.10216        
14         212        0.696           0.62735        
14         213        0.063815        0.10205        
14         214        0.071908        0.11519        
14         215        0.54707         0.60185        
14         216        0.24894         0.50982        
14         217        0.038937        0.069878       
14         218        0.63289         0.57914        
14         219        0.056269        0.09733        
14         220        0.054085        0.093332       
14         221        0.05182         0.099389       
14         222        0.05208         0.10298        
14         223        0.14424         0.2092         
14         224        0.31755         0.60495        
14         225        0.34054         0.64878        
14         226        0.046442        0.10246        
14         227        0.049581        0.10209        
14         228        0.053775        0.099127       
14         229        0.64022         0.76886        
15         0          0.34442         0.3135         
15         1          0.21132         0.20766        
15         2          0.40424         0.38334        
15         3          0.12232         0.15372        
15         4          0.072023        0.13375        
15         5          0.21511         0.25623        
15         6          0.21548         0.23672        
15         7          0.06194         0.1278         
15         8          0.40874         0.28176        
15         9          0.73202         0.63088        
15         10         0.29995         0.32304        
15         11         0.75644         0.73567        
15         12         0.053826        0.1521         
15         13         0.18139         0.15641        
15         14         0.23639         0.30744        
15         15         0.060663        0.14654        
15         16         0.15611         0.16621        
15         17         0.11824         0.2365         
15         18         0.24671         0.22368        
15         19         0.16376         0.17039        
15         20         0.43583         0.45768        
15         21         0.56895         0.6108         
15         22         0.08054         0.17447        
15         23         0.25547         0.2134         
15         24         0.089702        0.17444        
15         25         0.23716         0.32425        
15         26         0.134           0.15917        
15         27         0.35035         0.56796        
15         28         0.10427         0.18292        
15         29         0.13992         0.16021        
15         30         0.19232         0.34939        
15         31         0.26137         0.34726        
15         32         0.24752         0.32384        
15         33         0.12502         0.18689        
15         34         0.17972         0.28625        
15         35         0.17645         0.30527        
15         36         0.12699         0.14463        
15         37         0.11648         0.21214        
15         38         0.11116         0.22267        
15         39         0.2792          0.32128        
15         40         0.42413         0.25133        
15         41         0.11618         0.21173        
15         42         0.088509        0.13718        
15         43         0.062433        0.065219       
15         44         0.065516        0.090347       
15         45         0.34697         0.20455        
15         46         0.057301        0.056921       
15         47         0.44655         0.27762        
15         48         0.043992        0.056343       
15         49         0.088815        0.054693       
15         50         0.085518        0.10919        
15         51         0.12533         0.19218        
15         52         0.23117         0.21677        
15         53         0.41102         0.27271        
15         54         0.052517        0.12082        
15         55         0.099837        0.0569         
15         56         0.31962         0.22811        
15         57         0.135           0.074002       
15         58         0.010123        0.036892       
15         59         0.026143        0.072765       
15         60         0.28142         0.19268        
15         61         0.012333        0.044427       
15         62         0.030159        0.039491       
15         63         0.051749        0.057166       
15         64         0.17818         0.09699        
15         65         0.0056883       0.023311       
15         66         0.0056003       0.020246       
15         67         0.12532         0.097262       
15         68         0.023558        0.052347       
15         69         0.14533         0.15679        
15         70         0.18636         0.17444        
15         71         0.24012         0.12617        
15         72         0.006382        0.019524       
15         73         0.18425         0.12058        
15         74         0.31252         0.15832        
15         75         0.021213        0.03726        
15         76         0.21953         0.13851        
15         77         0.24205         0.14118        
15         78         0.11348         0.13177        
15         79         0.063541        0.087687       
15         80         0.16127         0.13333        
15         81         0.024746        0.039996       
15         82         0.37603         0.22114        
15         83         0.052465        0.075367       
15         84         0.068048        0.14348        
15         85         0.025284        0.04061        
15         86         0.21374         0.22933        
15         87         0.072285        0.080571       
15         88         0.42045         0.3004         
15         89         0.35683         0.31481        
15         90         0.03266         0.042236       
15         91         0.071782        0.086154       
15         92         0.086246        0.11895        
15         93         0.070542        0.091251       
15         94         0.27712         0.20762        
15         95         0.078565        0.093091       
15         96         0.40897         0.31816        
15         97         0.49076         0.44704        
15         98         0.3209          0.24704        
15         99         0.07929         0.11509        
15         100        0.040923        0.098125       
15         101        0.047366        0.0954         
15         102        0.093718        0.1037         
15         103        0.08547         0.1207         
15         104        0.080448        0.11152        
15         105        0.016365        0.10441        
15         106        0.13066         0.10355        
15         107        0.30569         0.325          
15         108        0.11645         0.1313         
15         109        0.19585         0.1794         
15         110        0.50537         0.46276        
15         111        0.38273         0.34505        
15         112        0.066483        0.10021        
15         113        0.18844         0.17889        
15         114        0.26012         0.29473        
15         115        0.14376         0.15462        
15         116        0.4243          0.46357        
15         117        0.7101          0.73315        
15         118        0.11846         0.12749        
15         119        0.14158         0.15435        
15         120        0.14757         0.18472        
15         121        0.12209         0.13797        
15         122        0.094915        0.12047        
15         123        0.012911        0.12946        
15         124        0.1443          0.14466        
15         125        0.58116         0.58262        
15         126        0.59459         0.54593        
15         127        0.22647         0.28479        
15         128        0.14107         0.23851        
15         129        0.20764         0.30651        
15         130        0.18171         0.24184        
15         131        0.16946         0.21453        
15         132        0.33434         0.35653        
15         133        0.11593         0.17416        
15         134        0.49449         0.47718        
15         135        0.020304        0.1714         
15         136        0.30163         0.31637        
15         137        0.58366         0.55368        
15         138        0.081132        0.13535        
15         139        0.15455         0.24642        
15         140        0.072971        0.12686        
15         141        0.22014         0.24404        
15         142        0.10891         0.17778        
15         143        0.076414        0.11661        
15         144        0.63291         0.54516        
15         145        0.10137         0.17984        
15         146        0.056632        0.094071       
15         147        0.12439         0.21587        
15         148        0.09827         0.16819        
15         149        0.15286         0.16255        
15         150        0.17487         0.28531        
15         151        0.060794        0.095602       
15         152        0.043631        0.072529       
15         153        0.12151         0.2582         
15         154        0.11536         0.13076        
15         155        0.92616         0.71301        
15         156        0.054291        0.084056       
15         157        0.064933        0.098955       
15         158        0.045451        0.07395        
15         159        0.098805        0.14134        
15         160        0.086833        0.30008        
15         161        0.69862         0.57872        
15         162        0.081821        0.10492        
15         163        0.93489         0.77779        
15         164        0.074518        0.1094         
15         165        0.055736        0.085095       
15         166        0.35004         0.52986        
15         167        0.73387         0.60436        
15         168        0.24644         0.23186        
15         169        0.094811        0.12181        
15         170        0.33574         0.46781        
15         171        0.6003          0.50188        
15         172        0.077173        0.1063         
15         173        0.075671        0.1204         
15         174        0.45269         0.65569        
15         175        0.20885         0.20965        
15         176        0.79692         0.79182        
15         177        0.035645        0.084476       
15         178        0.40197         0.57521        
15         179        0.43258         0.58715        
15         180        0.068711        0.10329        
15         181        0.031063        0.082418       
15         182        0.060674        0.11281        
15         183        0.46167         0.61803        
15         184        0.22632         0.23097        
15         185        0.055036        0.10257        
15         186        0.079276        0.1073         
15         187        0.64066         0.51738        
15         188        0.094412        0.13322        
15         189        0.49173         0.64263        
15         190        0.053573        0.10662        
15         191        0.29655         0.28279        
15         192        0.46747         0.63175        
16         0          0.16627         0.25617        
16         1          0.085831        0.095944       
16         2          0.084403        0.25084        
16         3          0.042635        0.087932       
16         4          0.10091         0.18764        
16         5          0.090581        0.11513        
16         6          0.096654        0.15448        
16         7          0.18975         0.2658         
16         8          0.27617         0.41758        
16         9          0.17658         0.30781        
16         10         0.070651        0.069452       
16         11         0.13216         0.20677        
16         12         0.079219        0.13116        
16         13         0.11348         0.21402        
16         14         0.11353         0.17387        
16         15         0.20128         0.33812        
16         16         0.092962        0.15247        
16         17         0.067265        0.085642       
16         18         0.13294         0.22602        
16         19         0.11846         0.12956        
16         20         0.081088        0.13742        
16         21         0.20039         0.29113        
16         22         0.44704         0.74884        
16         23         0.59505         0.64926        
16         24         0.21403         0.36912        
16         25         0.068977        0.13058        
16         26         0.19631         0.26165        
16         27         0.16753         0.14564        
16         28         0.17023         0.20224        
16         29         0.19642         0.25325        
16         30         0.14263         0.2221         
16         31         0.051216        0.10321        
16         32         0.61247         0.50263        
16         33         0.048047        0.099597       
16         34         0.095667        0.17083        
16         35         0.27866         0.36078        
16         36         0.085585        0.16161        
16         37         0.21297         0.15823        
16         38         0.34893         0.31991        
16         39         0.055128        0.13883        
16         40         0.205           0.14062        
16         41         0.23881         0.22128        
16         42         0.56547         0.46673        
16         43         0.12607         0.24552        
16         44         0.22834         0.31085        
16         45         0.43881         0.37005        
16         46         0.14833         0.14695        
16         47         0.32224         0.33993        
16         48         0.32884         0.26109        
16         49         0.31761         0.31179        
16         50         0.06773         0.16428        
16         51         0.13739         0.12712        
16         52         0.33748         0.28321        
16         53         0.25023         0.21379        
16         54         0.068055        0.059532       
16         55         0.051569        0.059393       
16         56         0.066617        0.060774       
16         57         0.16465         0.12261        
16         58         0.13972         0.108          
16         59         0.033275        0.047963       
16         60         0.054085        0.047235       
16         61         0.20525         0.12785        
16         62         0.24188         0.19772        
16         63         0.059635        0.14115        
16         64         0.056855        0.13937        
16         65         0.13498         0.079972       
16         66         0.016808        0.059496       
16         67         0.036335        0.059861       
16         68         0.063985        0.071656       
16         69         0.018034        0.055303       
16         70         0.16847         0.14996        
16         71         0.067449        0.17786        
16         72         0.057977        0.044594       
16         73         0.016999        0.019196       
16         74         0.084499        0.068495       
16         75         0.027609        0.090278       
16         76         0.014392        0.017236       
16         77         0.048019        0.12174        
16         78         0.030596        0.085564       
16         79         0.047904        0.13238        
16         80         0.13952         0.13047        
16         81         0.12606         0.16473        
16         82         0.11159         0.17482        
16         83         0.049019        0.13397        
16         84         0.08946         0.075507       
16         85         0.014289        0.017822       
16         86         0.047949        0.039839       
16         87         0.07251         0.11962        
16         88         0.065452        0.056899       
16         89         0.083429        0.15406        
16         90         0.11189         0.13341        
16         91         0.073944        0.078865       
16         92         0.038536        0.040242       
16         93         0.14227         0.15335        
16         94         0.028246        0.036771       
16         95         0.14042         0.15183        
16         96         0.030541        0.041555       
16         97         0.036637        0.052304       
16         98         0.25047         0.23017        
16         99         0.046699        0.066964       
16         100        0.07185         0.071875       
16         101        0.01709         0.039439       
16         102        0.026917        0.047665       
16         103        0.054449        0.07424        
16         104        0.062343        0.1125         
16         105        0.025796        0.057409       
16         106        0.055941        0.10066        
16         107        0.29125         0.26631        
16         108        0.14582         0.13803        
16         109        0.19348         0.18028        
16         110        0.06315         0.09562        
16         111        0.063136        0.091551       
16         112        0.027027        0.076378       
16         113        0.026971        0.073569       
16         114        0.069505        0.095103       
16         115        0.12159         0.12731        
16         116        0.16359         0.17801        
16         117        0.13372         0.159          
16         118        0.471           0.43387        
16         119        0.035251        0.0967         
16         120        0.040136        0.086877       
16         121        0.53983         0.86702        
16         122        0.36555         0.31655        
16         123        0.11108         0.16423        
16         124        0.064748        0.13904        
16         125        0.083876        0.098445       
16         126        0.064332        0.091321       
16         127        0.3284          0.58502        
16         128        0.1363          0.15159        
16         129        0.10499         0.19257        
16         130        0.066157        0.16508        
16         131        0.1071          0.19917        
16         132        0.10298         0.24084        
16         133        0.094654        0.21567        
16         134        0.11186         0.12382        
16         135        0.071234        0.13502        
16         136        0.11405         0.23798        
16         137        0.070894        0.16632        
16         138        0.092009        0.21125        
16         139        0.17577         0.39073        
16         140        0.2777          0.23396        
16         141        0.09854         0.20772        
16         142        0.11843         0.18496        
16         143        0.086659        0.20306        
16         144        0.20074         0.38383        
16         145        0.12593         0.24707        
16         146        0.091369        0.21116        
16         147        0.11823         0.20007        
16         148        0.15021         0.30303        
16         149        0.11921         0.20274        
16         150        0.13833         0.21669        
16         151        0.13757         0.28591        
16         152        0.10174         0.19469        
16         153        0.081703        0.18844        
16         154        0.46764         0.43458        
16         155        0.13083         0.15595        
16         156        0.1291          0.18445        
16         157        0.069039        0.13129        
16         158        0.096152        0.13555        
16         159        0.7431          0.52659        
16         160        0.25588         0.36529        
16         161        0.16885         0.15254        
16         162        0.34566         0.48526        
16         163        0.59683         0.52122        
16         164        0.094939        0.11566        
16         165        0.14533         0.16812        
16         166        0.12317         0.15832        
16         167        0.18254         0.20344        
16         168        0.45583         0.4639         
16         169        0.21275         0.27584        
16         170        0.56794         0.51489        
16         171        0.096487        0.14732        
16         172        0.71616         0.66622        
16         173        0.095843        0.14428        
16         174        0.2718          0.25793        
16         175        0.5833          0.69696        
16         176        0.47642         0.63357        
16         177        0.051281        0.10901        
16         178        0.078109        0.12456        
16         179        0.14883         0.21632        
16         180        0.16883         0.24016        
16         181        0.49043         0.41826        
16         182        0.66914         0.71435        
16         183        0.14532         0.20285        
16         184        0.66713         0.51876        
16         185        0.47469         0.59311        
16         186        0.04488         0.1347         
16         187        0.13825         0.18427        
16         188        0.26154         0.38349        
16         189        0.41579         0.49247        
16         190        0.027247        0.10948        
16         191        0.5693          0.42699        
16         192        0.22787         0.21905        
16         193        0.076625        0.11484        
16         194        0.088491        0.10998        
16         195        0.024882        0.10456        
16         196        0.27272         0.46217        
16         197        0.093772        0.11488        
16         198        0.39037         0.26253        
16         199        0.054274        0.11645        
16         200        0.67182         0.69057        
16         201        0.15769         0.13946        
16         202        0.030646        0.10729        
16         203        0.49849         0.62787        
16         204        0.44296         0.58954        
16         205        0.095037        0.13259        
16         206        0.19031         0.44414        
17         0          0.053611        0.076086       
17         1          0.23386         0.37473        
17         2          0.076752        0.11333        
17         3          0.059661        0.085287       
17         4          0.24411         0.32202        
17         5          0.13447         0.11332        
17         6          0.05001         0.069801       
17         7          0.16268         0.21729        
17         8          0.28572         0.44268        
17         9          0.27402         0.26029        
17         10         0.20407         0.14604        
17         11         0.2098          0.20222        
17         12         0.12648         0.15443        
17         13         0.11692         0.14463        
17         14         0.39741         0.43034        
17         15         0.088327        0.13115        
17         16         0.19654         0.23227        
17         17         0.078229        0.11668        
17         18         0.048892        0.068263       
17         19         0.47584         0.65325        
17         20         0.41667         0.35787        
17         21         0.24986         0.25567        
17         22         0.53777         0.77465        
17         23         0.52033         0.591          
17         24         0.079158        0.1096         
17         25         0.58403         0.3796         
17         26         0.17551         0.20099        
17         27         0.55689         0.62044        
17         28         0.18427         0.20571        
17         29         0.4696          0.28945        
17         30         0.073779        0.09317        
17         31         0.090233        0.12989        
17         32         0.59051         0.66203        
17         33         0.35524         0.2949         
17         34         0.32373         0.22072        
17         35         0.073221        0.084561       
17         36         0.46046         0.48445        
17         37         0.2709          0.2897         
17         38         0.11744         0.14537        
17         39         0.11698         0.11204        
17         40         0.31303         0.26729        
17         41         0.10894         0.1295         
17         42         0.54406         0.33985        
17         43         0.2727          0.30203        
17         44         0.13171         0.11291        
17         45         0.579           0.552          
17         46         0.1412          0.14414        
17         47         0.21146         0.18352        
17         48         0.29282         0.33417        
17         49         0.31677         0.23146        
17         50         0.39277         0.29558        
17         51         0.12184         0.14631        
17         52         0.37741         0.38742        
17         53         0.17766         0.1681         
17         54         0.12274         0.13633        
17         55         0.40431         0.29389        
17         56         0.42897         0.30505        
17         57         0.15921         0.1987         
17         58         0.28636         0.25015        
17         59         0.092682        0.11315        
17         60         0.039671        0.06295        
17         61         0.14031         0.17368        
17         62         0.37579         0.26329        
17         63         0.08397         0.10164        
17         64         0.31168         0.22718        
17         65         0.043628        0.064052       
17         66         0.34444         0.24066        
17         67         0.13181         0.096568       
17         68         0.029159        0.046333       
17         69         0.12123         0.12843        
17         70         0.016961        0.055354       
17         71         0.096348        0.12106        
17         72         0.068929        0.08055        
17         73         0.080475        0.071543       
17         74         0.049798        0.052912       
17         75         0.010067        0.018211       
17         76         0.013244        0.01764        
17         77         0.049463        0.060461       
17         78         0.12764         0.16977        
17         79         0.027053        0.041051       
17         80         0.059106        0.067019       
17         81         0.038766        0.077569       
17         82         0.14404         0.16687        
17         83         0.066422        0.13201        
17         84         0.10937         0.099501       
17         85         0.080112        0.076323       
17         86         0.040088        0.030325       
17         87         0.011164        0.017084       
17         88         0.022705        0.037227       
17         89         0.090872        0.10519        
17         90         0.050544        0.11517        
17         91         0.035443        0.051239       
17         92         0.086203        0.13264        
17         93         0.12609         0.1336         
17         94         0.069914        0.044597       
17         95         0.049312        0.10888        
17         96         0.016742        0.028923       
17         97         0.23262         0.21415        
17         98         0.076193        0.049286       
17         99         0.019495        0.034596       
17         100        0.09002         0.06078        
17         101        0.023456        0.041801       
17         102        0.049325        0.071507       
17         103        0.035488        0.042272       
17         104        0.088403        0.16079        
17         105        0.091011        0.071842       
17         106        0.064634        0.12021        
17         107        0.12525         0.22007        
17         108        0.11722         0.13762        
17         109        0.13858         0.23947        
17         110        0.18305         0.30131        
17         111        0.067812        0.075257       
17         112        0.27994         0.43221        
17         113        0.079782        0.079915       
17         114        0.068407        0.084089       
17         115        0.069277        0.087363       
17         116        0.077265        0.093049       
17         117        0.14303         0.086253       
17         118        0.16693         0.17043        
17         119        0.077552        0.12537        
17         120        0.082679        0.093745       
17         121        0.10845         0.16032        
17         122        0.086287        0.085884       
17         123        0.076402        0.079163       
17         124        0.4119          0.44356        
17         125        0.091553        0.081123       
17         126        0.1806          0.22891        
17         127        0.21354         0.10031        
17         128        0.36462         0.40225        
17         129        0.080267        0.12225        
17         130        0.09314         0.13632        
17         131        0.092642        0.10379        
17         132        0.12623         0.16502        
17         133        0.083697        0.08666        
17         134        0.2872          0.28885        
17         135        0.086996        0.096011       
17         136        0.10158         0.10179        
17         137        0.32727         0.43788        
17         138        0.11881         0.11813        
17         139        0.52549         0.6094         
17         140        0.1959          0.19392        
17         141        0.1477          0.1447         
17         142        0.1198          0.13588        
17         143        0.26073         0.33424        
17         144        0.20909         0.20584        
17         145        0.2336          0.25643        
17         146        0.46974         0.56126        
17         147        0.45597         0.13834        
17         148        0.24116         0.22436        
17         149        0.39126         0.39269        
17         150        0.15052         0.15254        
17         151        0.75829         0.17796        
17         152        0.34285         0.31938        
17         153        0.2555          0.26361        
17         154        0.25613         0.23118        
17         155        0.24825         0.22723        
17         156        0.37966         0.46463        
17         157        0.32974         0.39271        
17         158        0.17717         0.22418        
17         159        0.15743         0.16265        
17         160        0.16689         0.17818        
17         161        0.19886         0.20005        
17         162        0.19404         0.20186        
17         163        0.2369          0.30361        
17         164        0.17088         0.2124         
17         165        0.15223         0.18809        
17         166        0.51638         0.41243        
17         167        0.11583         0.13919        
17         168        0.14326         0.16791        
17         169        0.3405          0.45577        
17         170        0.51071         0.4858         
17         171        0.23178         0.36721        
17         172        0.63151         0.47238        
17         173        0.094767        0.16074        
17         174        0.37349         0.49284        
17         175        0.087361        0.15234        
17         176        0.056601        0.10916        
17         177        0.29545         0.4546         
17         178        0.18786         0.19391        
17         179        0.26957         0.15386        
17         180        0.048828        0.093          
17         181        0.07806         0.1445         
17         182        0.17024         0.30746        
17         183        0.069602        0.14596        
17         184        0.077322        0.090969       
17         185        0.5856          0.63074        
17         186        0.23418         0.23319        
17         187        0.69619         0.67073        
17         188        0.43514         0.37746        
17         189        0.82626         0.63184        
17         190        0.13475         0.23973        
17         191        0.031588        0.10134        
17         192        0.19698         0.36161        
17         193        0.30871         0.50168        
17         194        0.099072        0.14233        
17         195        0.066123        0.13517        
17         196        0.57804         0.67948        
17         197        0.073287        0.09251        
17         198        0.12005         0.21175        
17         199        0.056216        0.1283         
17         200        0.23639         0.42129        
17         201        0.035363        0.10494        
17         202        0.43355         0.62437        
17         203        0.48354         0.34951        
17         204        0.52525         0.48581        
17         205        0.073358        0.11122        
17         206        0.11843         0.23368        
17         207        0.064061        0.11595        
17         208        0.029772        0.099966       
17         209        0.073206        0.12299        
17         210        0.12778         0.27984        
17         211        0.55759         0.55057        
17         212        0.07805         0.14245        
17         213        0.85187         0.52353        
17         214        0.053175        0.1089         
17         215        0.57796         0.65587        
17         216        0.093092        0.22918        
17         217        0.045767        0.1052         
17         218        0.073114        0.092091       
17         219        0.078839        0.10817        
17         220        0.39808         0.59353        
17         221        0.034224        0.1357         
17         222        0.54533         0.62303        
17         223        0.53758         0.5935         
17         224        0.069337        0.17937        
17         225        0.53866         0.6018         
17         226        0.10719         0.13305        
18         0          0.062282        0.084087       
18         1          0.4866          0.378          
18         2          0.1799          0.11468        
18         3          0.2854          0.29403        
18         4          0.01367         0.070797       
18         5          0.52512         0.34797        
18         6          0.10194         0.11134        
18         7          0.1222          0.21992        
18         8          0.54612         0.4458         
18         9          0.36865         0.26497        
18         10         0.1576          0.1432         
18         11         0.25885         0.15791        
18         12         0.1234          0.14774        
18         13         0.4477          0.4283         
18         14         0.060185        0.13636        
18         15         0.37519         0.29036        
18         16         0.19135         0.2164         
18         17         0.02107         0.072735       
18         18         0.078421        0.12016        
18         19         0.12867         0.13065        
18         20         0.40111         0.35711        
18         21         0.71375         0.6718         
18         22         0.35507         0.26621        
18         23         0.36168         0.36342        
18         24         0.56175         0.60353        
18         25         0.054957        0.11414        
18         26         0.43601         0.37044        
18         27         0.53665         0.6405         
18         28         0.28313         0.20987        
18         29         0.31735         0.28059        
18         30         0.15801         0.19845        
18         31         0.050103        0.096808       
18         32         0.5105          0.68192        
18         33         0.31454         0.30445        
18         34         0.17805         0.2157         
18         35         0.048459        0.087568       
18         36         0.38682         0.49594        
18         37         0.31854         0.2938         
18         38         0.12723         0.14328        
18         39         0.27933         0.27286        
18         40         0.068028        0.13076        
18         41         0.2648          0.30424        
18         42         0.1424          0.1607         
18         43         0.2802          0.33671        
18         44         0.092265        0.11818        
18         45         0.47547         0.54114        
18         46         0.15158         0.23255        
18         47         0.10002         0.1873         
18         48         0.25196         0.33841        
18         49         0.22568         0.23983        
18         50         0.28016         0.30401        
18         51         0.1265          0.14954        
18         52         0.27418         0.32736        
18         53         0.078715        0.16594        
18         54         0.065979        0.087923       
18         55         0.058743        0.13541        
18         56         0.24493         0.30933        
18         57         0.25196         0.29809        
18         58         0.14549         0.19771        
18         59         0.087926        0.11877        
18         60         0.26912         0.24106        
18         61         0.050959        0.11442        
18         62         0.19692         0.27356        
18         63         0.13201         0.17409        
18         64         0.20026         0.26651        
18         65         0.054765        0.098749       
18         66         0.17208         0.23002        
18         67         0.052627        0.065395       
18         68         0.047496        0.05547        
18         69         0.17233         0.241          
18         70         0.10877         0.094107       
18         71         0.040453        0.046405       
18         72         0.14091         0.1345         
18         73         0.16266         0.057308       
18         74         0.065218        0.080324       
18         75         0.051783        0.072819       
18         76         0.033974        0.055698       
18         77         0.052543        0.059603       
18         78         0.024379        0.018665       
18         79         0.023572        0.017929       
18         80         0.17341         0.17179        
18         81         0.041969        0.043165       
18         82         0.091659        0.14935        
18         83         0.094962        0.16258        
18         84         0.061522        0.067904       
18         85         0.13938         0.082666       
18         86         0.030874        0.029717       
18         87         0.041922        0.073917       
18         88         0.092667        0.16675        
18         89         0.16446         0.13276        
18         90         0.062986        0.075971       
18         91         0.02243         0.017505       
18         92         0.028315        0.030268       
18         93         0.041896        0.037919       
18         94         0.048191        0.11068        
18         95         0.13477         0.11546        
18         96         0.054969        0.053645       
18         97         0.074204        0.14886        
18         98         0.072254        0.14172        
18         99         0.077277        0.14198        
18         100        0.028679        0.043889       
18         101        0.050425        0.049748       
18         102        0.10633         0.10746        
18         103        0.10475         0.16993        
18         104        0.10105         0.13261        
18         105        0.024951        0.049353       
18         106        0.12993         0.21581        
18         107        0.029332        0.034964       
18         108        0.032175        0.06177        
18         109        0.033977        0.041325       
18         110        0.059904        0.071168       
18         111        0.026659        0.041584       
18         112        0.1846          0.16267        
18         113        0.15192         0.23415        
18         114        0.099237        0.13746        
18         115        0.04493         0.076709       
18         116        0.43638         0.42546        
18         117        0.064096        0.081135       
18         118        0.02919         0.0888         
18         119        0.018201        0.083224       
18         120        0.025246        0.087279       
18         121        0.023332        0.087109       
18         122        0.036163        0.092369       
18         123        0.13507         0.17019        
18         124        0.088109        0.094557       
18         125        0.11015         0.1309         
18         126        0.14095         0.15826        
18         127        0.23108         0.22766        
18         128        0.047293        0.086758       
18         129        0.29212         0.43484        
18         130        0.046335        0.079912       
18         131        0.012445        0.07996        
18         132        0.095032        0.10433        
18         133        0.051168        0.087155       
18         134        0.28085         0.3105         
18         135        0.070988        0.097876       
18         136        0.032692        0.10001        
18         137        0.46815         0.54279        
18         138        0.079586        0.11932        
18         139        0.68579         0.61275        
18         140        0.2328          0.19412        
18         141        0.10569         0.14916        
18         142        0.36736         0.31751        
18         143        0.27891         0.25544        
18         144        0.60615         0.56775        
18         145        0.25128         0.20397        
18         146        0.25397         0.22234        
18         147        0.38643         0.3875         
18         148        0.11673         0.15244        
18         149        0.29655         0.33467        
18         150        0.0050466       0.17656        
18         151        0.18987         0.22591        
18         152        0.70164         0.39541        
18         153        0.68902         0.47176        
18         154        0.34281         0.2205         
18         155        0.12014         0.16451        
18         156        0.19997         0.1781         
18         157        0.23965         0.20265        
18         158        0.1581          0.2003         
18         159        0.5609          0.30726        
18         160        0.26923         0.21195        
18         161        0.23878         0.18637        
18         162        0.31702         0.41518        
18         163        0.50243         0.46           
18         164        0.33191         0.1421         
18         165        0.41379         0.49891        
18         166        0.52273         0.36625        
18         167        0.40591         0.47226        
18         168        0.26659         0.16517        
18         169        0.52207         0.50098        
18         170        0.26649         0.15527        
18         171        0.1712          0.11014        
18         172        0.22649         0.2847         
18         173        0.57455         0.45472        
18         174        0.11683         0.19834        
18         175        0.036387        0.16072        
18         176        0.52871         0.29814        
18         177        0.34545         0.1468         
18         178        0.60193         0.63519        
18         179        0.12508         0.23781        
18         180        0.62299         0.67598        
18         181        0.57695         0.63206        
18         182        0.45669         0.23456        
18         183        0.23209         0.10291        
18         184        0.62066         0.49879        
18         185        0.49405         0.56022        
18         186        0.31428         0.13541        
18         187        0.39385         0.21038        
18         188        0.10023         0.27811        
18         189        0.2993          0.12981        
18         190        0.5469          0.41604        
18         191        0.26025         0.10712        
18         192        0.66507         0.6271         
18         193        0.1231          0.3577         
18         194        0.31495         0.48777        
18         195        0.33607         0.23041        
18         196        0.38635         0.11555        
18         197        0.26384         0.10116        
18         198        0.30044         0.28056        
18         199        0.28282         0.54888        
18         200        0.24407         0.12286        
18         201        0.17975         0.14291        
18         202        0.1506          0.52593        
18         203        0.23508         0.23744        
18         204        0.38288         0.65561        
18         205        0.25036         0.10947        
18         206        0.30472         0.59172        
18         207        0.4631          0.13816        
18         208        0.17098         0.17785        
18         209        0.31069         0.59702        
18         210        0.24045         0.13092        
18         211        0.30144         0.10721        
18         212        0.36237         0.62453        
19         0          0.010537        0.067259       
19         1          0.14218         0.26773        
19         2          0.090756        0.15028        
19         3          0.057888        0.15532        
19         4          0.15432         0.20544        
19         5          0.039281        0.10251        
19         6          0.17922         0.13589        
19         7          0.027086        0.109          
19         8          0.55263         0.3649         
19         9          0.39963         0.65863        
19         10         0.35145         0.33956        
19         11         0.079434        0.12162        
19         12         0.19023         0.45566        
19         13         0.2861          0.60456        
19         14         0.17613         0.2034         
19         15         0.43475         0.37134        
19         16         0.10846         0.21207        
19         17         0.4808          0.33513        
19         18         0.11559         0.20752        
19         19         0.054446        0.12417        
19         20         0.078534        0.090801       
19         21         0.18147         0.30911        
19         22         0.41094         0.31349        
19         23         0.18641         0.27798        
19         24         0.69486         0.67576        
19         25         0.31604         0.49317        
19         26         0.26183         0.2221         
19         27         0.36773         0.40206        
19         28         0.20105         0.15285        
19         29         0.16676         0.12233        
19         30         0.24266         0.29583        
19         31         0.83686         0.57322        
19         32         0.38165         0.27389        
19         33         0.46712         0.33654        
19         34         0.078379        0.11054        
19         35         0.28627         0.18014        
19         36         0.37778         0.32972        
19         37         0.1859          0.19459        
19         38         0.21022         0.14258        
19         39         0.16718         0.2386         
19         40         0.12301         0.078479       
19         41         0.28616         0.15976        
19         42         0.23112         0.1279         
19         43         0.49779         0.26385        
19         44         0.10166         0.063153       
19         45         0.07316         0.11526        
19         46         0.026278        0.058792       
19         47         0.028646        0.057917       
19         48         0.094739        0.14527        
19         49         0.082842        0.075625       
19         50         0.17333         0.25702        
19         51         0.043442        0.053842       
19         52         0.12547         0.104          
19         53         0.24407         0.23088        
19         54         0.10567         0.059621       
19         55         0.061156        0.036124       
19         56         0.18666         0.10127        
19         57         0.14244         0.21353        
19         58         0.1093          0.09115        
19         59         0.24908         0.12741        
19         60         0.12259         0.159          
19         61         0.16109         0.12953        
19         62         0.10748         0.13003        
19         63         0.14889         0.17303        
19         64         0.15217         0.19816        
19         65         0.018921        0.052204       
19         66         0.019383        0.042259       
19         67         0.058378        0.065234       
19         68         0.028807        0.020204       
19         69         0.033092        0.049505       
19         70         0.024277        0.017218       
19         71         0.074399        0.044006       
19         72         0.10558         0.065991       
19         73         0.02328         0.015626       
19         74         0.224           0.16568        
19         75         0.19619         0.12914        
19         76         0.26893         0.16055        
19         77         0.082262        0.054912       
19         78         0.095869        0.13435        
19         79         0.080701        0.042308       
19         80         0.26632         0.14977        
19         81         0.26074         0.20422        
19         82         0.059205        0.027778       
19         83         0.18267         0.112          
19         84         0.22305         0.13769        
19         85         0.14972         0.10802        
19         86         0.10517         0.079403       
19         87         0.079209        0.037912       
19         88         0.10479         0.047536       
19         89         0.10561         0.057398       
19         90         0.091495        0.049626       
19         91         0.11812         0.078756       
19         92         0.19399         0.12116        
19         93         0.081694        0.14959        
19         94         0.27523         0.24449        
19         95         0.17952         0.2202         
19         96         0.06351         0.11818        
19         97         0.15304         0.077891       
19         98         0.16176         0.12019        
19         99         0.12238         0.08459        
19         100        0.11718         0.091012       
19         101        0.15788         0.072333       
19         102        0.1182          0.096505       
19         103        0.11054         0.085897       
19         104        0.15926         0.13196        
19         105        0.1318          0.090951       
19         106        0.1889          0.18668        
19         107        0.11108         0.089889       
19         108        0.29237         0.23047        
19         109        0.15655         0.10328        
19         110        0.1541          0.085884       
19         111        0.12729         0.10115        
19         112        0.33357         0.44518        
19         113        0.15394         0.074543       
19         114        0.92224         0.61685        
19         115        0.13195         0.10716        
19         116        0.25629         0.18891        
19         117        0.17695         0.12827        
19         118        0.26947         0.20598        
19         119        0.17622         0.14291        
19         120        0.47751         0.60118        
19         121        0.62512         0.34558        
19         122        0.46308         0.26803        
19         123        0.31503         0.54413        
19         124        0.33768         0.22577        
19         125        0.29229         0.21551        
19         126        0.30319         0.39619        
19         127        0.21617         0.1538         
19         128        0.1351          0.14916        
19         129        0.27892         0.25672        
19         130        0.086672        0.1742         
19         131        0.23294         0.3844         
19         132        0.34711         0.24399        
19         133        0.40039         0.22727        
19         134        0.26695         0.16101        
19         135        0.21918         0.31513        
19         136        0.30057         0.44218        
19         137        0.36602         0.21251        
19         138        0.2068          0.17763        
19         139        0.17986         0.20094        
19         140        0.2051          0.30912        
19         141        0.14926         0.21295        
19         142        0.17319         0.17204        
19         143        0.14201         0.18587        
19         144        0.38547         0.40465        
19         145        0.2546          0.44095        
19         146        0.51928         0.33773        
19         147        0.22836         0.36414        
19         148        0.098441        0.15971        
19         149        0.26291         0.47211        
19         150        0.099589        0.17377        
19         151        0.098551        0.10946        
19         152        0.15339         0.17659        
19         153        0.08064         0.13805        
19         154        0.25934         0.44647        
19         155        0.24274         0.39709        
19         156        0.073474        0.14448        
19         157        0.0783          0.1492         
19         158        0.22907         0.28186        
19         159        0.060163        0.086198       
19         160        0.52875         0.65939        
19         161        0.50298         0.41129        
19         162        0.65211         0.64295        
19         163        0.088845        0.092323       
19         164        0.31881         0.46517        
19         165        0.65635         0.59137        
19         166        0.071563        0.12527        
19         167        0.07179         0.13272        
19         168        0.11499         0.10374        
19         169        0.056215        0.088114       
19         170        0.071925        0.12362        
19         171        0.22313         0.21165        
19         172        0.52954         0.49908        
19         173        0.06856         0.092954       
19         174        0.26981         0.29595        
19         175        0.37052         0.57969        
19         176        0.55369         0.70709        
19         177        0.096318        0.1178         
19         178        0.066244        0.096401       
19         179        0.35356         0.54917        
19         180        0.082086        0.12094        
19         181        0.25657         0.27543        
19         182        0.43332         0.5464         
19         183        0.20576         0.19675        
19         184        0.16586         0.13479        
19         185        0.88455         0.51775        
19         186        0.076504        0.10495        
19         187        0.48602         0.65795        
19         188        0.49174         0.60767        
19         189        0.3833          0.60158        
20         0          0.24758         0.27413        
20         1          0.26388         0.28327        
20         2          0.17152         0.15709        
20         3          0.1718          0.19792        
20         4          0.076639        0.10027        
20         5          0.1581          0.14556        
20         6          0.12054         0.1562         
20         7          0.461           0.43666        
20         8          0.3349          0.37123        
20         9          0.66811         0.63559        
20         10         0.081875        0.1186         
20         11         0.24925         0.27615        
20         12         0.10412         0.12826        
20         13         0.18757         0.20595        
20         14         0.28243         0.36631        
20         15         0.21758         0.31479        
20         16         0.37803         0.67951        
20         17         0.15134         0.22903        
20         18         0.4109          0.47678        
20         19         0.097065        0.1469         
20         20         0.17769         0.26355        
20         21         0.084784        0.11688        
20         22         0.20238         0.32517        
20         23         0.17862         0.29934        
20         24         0.21528         0.33798        
20         25         0.053848        0.18899        
20         26         0.12161         0.17243        
20         27         0.19544         0.33621        
20         28         0.03651         0.12313        
20         29         0.05834         0.13572        
20         30         0.13725         0.24253        
20         31         0.11646         0.19756        
20         32         0.17336         0.27991        
20         33         0.050087        0.082234       
20         34         0.03713         0.087938       
20         35         0.1299          0.26719        
20         36         0.026237        0.06187        
20         37         0.037966        0.062934       
20         38         0.012302        0.061487       
20         39         0.09655         0.14394        
20         40         0.017006        0.076897       
20         41         0.024923        0.10075        
20         42         0.14056         0.21645        
20         43         0.027027        0.065766       
20         44         0.040006        0.055792       
20         45         0.015154        0.035266       
20         46         0.08841         0.10004        
20         47         0.12877         0.21067        
20         48         0.073799        0.12804        
20         49         0.1201          0.15838        
20         50         0.10397         0.12364        
20         51         0.11805         0.19156        
20         52         0.028847        0.039046       
20         53         0.019985        0.040795       
20         54         0.028427        0.04684        
20         55         0.029412        0.047987       
20         56         0.0070359       0.015761       
20         57         0.042542        0.065951       
20         58         0.020424        0.055116       
20         59         0.01211         0.020705       
20         60         0.010612        0.018483       
20         61         0.0068054       0.015145       
20         62         0.0099143       0.021857       
20         63         0.14094         0.16442        
20         64         0.17737         0.16005        
20         65         0.016106        0.039234       
20         66         0.05665         0.12267        
20         67         0.26255         0.20153        
20         68         0.19595         0.15751        
20         69         0.018623        0.028348       
20         70         0.15421         0.13819        
20         71         0.061523        0.076461       
20         72         0.022048        0.054013       
20         73         0.027223        0.037988       
20         74         0.07808         0.084          
20         75         0.097514        0.14335        
20         76         0.15081         0.11379        
20         77         0.35033         0.25834        
20         78         0.16947         0.20796        
20         79         0.050122        0.079849       
20         80         0.084013        0.12419        
20         81         0.033135        0.064996       
20         82         0.043828        0.083646       
20         83         0.27841         0.38557        
20         84         0.07985         0.11916        
20         85         0.043742        0.071861       
20         86         0.12552         0.098427       
20         87         0.1184          0.092478       
20         88         0.3882          0.55353        
20         89         0.081221        0.08804        
20         90         0.13084         0.19073        
20         91         0.17399         0.22735        
20         92         0.10825         0.10001        
20         93         0.062474        0.085216       
20         94         0.42069         0.4539         
20         95         0.039109        0.093819       
20         96         0.42477         0.56055        
20         97         0.10513         0.10977        
20         98         0.15711         0.20651        
20         99         0.14037         0.1919         
20         100        0.53634         0.58812        
20         101        0.11517         0.12733        
20         102        0.30632         0.35457        
20         103        0.1407          0.15729        
20         104        0.1838          0.22627        
20         105        0.4591          0.53641        
20         106        0.17632         0.21578        
20         107        0.32597         0.40364        
20         108        0.13215         0.15503        
20         109        0.033253        0.14711        
20         110        0.13923         0.162          
20         111        0.26423         0.3074         
20         112        0.02699         0.16711        
20         113        0.24944         0.23424        
20         114        0.20581         0.24999        
20         115        0.11305         0.16462        
20         116        0.28674         0.30823        
20         117        0.39276         0.43688        
20         118        0.17755         0.21922        
20         119        0.23388         0.18041        
20         120        0.15775         0.1668         
20         121        0.15408         0.17019        
20         122        0.33992         0.40589        
20         123        0.33409         0.34677        
20         124        0.070566        0.12884        
20         125        0.39179         0.46344        
20         126        0.10922         0.10869        
20         127        0.09554         0.10116        
20         128        0.15589         0.16881        
20         129        0.37447         0.44354        
20         130        0.34896         0.39201        
20         131        0.12324         0.14925        
20         132        0.068001        0.14455        
20         133        0.12307         0.12624        
20         134        0.2737          0.27539        
20         135        0.081681        0.084362       
20         136        0.14274         0.14651        
20         137        0.62688         0.63528        
20         138        0.67085         0.64778        
20         139        0.37646         0.41922        
20         140        0.47801         0.53508        
20         141        0.10472         0.091068       
20         142        0.37042         0.45087        
20         143        0.54533         0.60087        
20         144        0.062419        0.13178        
20         145        0.35391         0.28341        
20         146        0.077619        0.1201         
20         147        0.064454        0.086191       
20         148        0.46456         0.50752        
20         149        0.28391         0.28807        
20         150        0.48946         0.45821        
20         151        0.55169         0.55902        
20         152        0.79771         0.7013         
20         153        0.4201          0.34993        
20         154        0.11925         0.11514        
20         155        0.57507         0.57526        
20         156        0.050057        0.094092       
20         157        0.56093         0.53208        
20         158        0.081579        0.12001        
20         159        0.23856         0.26285        
20         160        0.20086         0.19659        
20         161        0.18739         0.1369         
20         162        0.67081         0.55301        
20         163        0.17181         0.14615        
20         164        0.066996        0.10183        
20         165        0.55863         0.5283         
20         166        0.81177         0.66316        
20         167        0.78164         0.61063        
20         168        0.75958         0.61115        
20         169        0.74046         0.6039         
20         170        0.083934        0.13657        
20         171        0.76146         0.62485        
21         0          0.095477        0.21851        
21         1          0.1431          0.16762        
21         2          0.081099        0.34486        
21         3          0.30076         0.30951        
21         4          0.04448         0.17079        
21         5          0.035238        0.089259       
21         6          0.2074          0.159          
21         7          0.75892         0.66984        
21         8          0.039783        0.10738        
21         9          0.17342         0.32526        
21         10         0.078342        0.34376        
21         11         0.10314         0.35821        
21         12         0.055899        0.1134         
21         13         0.28003         0.23076        
21         14         0.15976         0.26086        
21         15         0.28515         0.29627        
21         16         0.037891        0.1562         
21         17         0.041533        0.17895        
21         18         0.065844        0.25205        
21         19         0.087462        0.26845        
21         20         0.14859         0.32998        
21         21         0.1431          0.14511        
21         22         0.083756        0.23905        
21         23         0.055327        0.13536        
21         24         0.023476        0.071339       
21         25         0.11888         0.27635        
21         26         0.01937         0.068486       
21         27         0.18287         0.20521        
21         28         0.015093        0.053263       
21         29         0.15049         0.19376        
21         30         0.0057186       0.043456       
21         31         0.097043        0.19998        
21         32         0.026429        0.059151       
21         33         0.021403        0.090593       
21         34         0.038478        0.13677        
21         35         0.12375         0.19038        
21         36         0.061452        0.13098        
21         37         0.16561         0.20853        
21         38         0.054341        0.098081       
21         39         0.090381        0.16059        
21         40         0.077243        0.13859        
21         41         0.0056915       0.022134       
21         42         0.10531         0.17516        
21         43         0.013752        0.038761       
21         44         0.0079423       0.033775       
21         45         0.020903        0.066694       
21         46         0.045172        0.052698       
21         47         0.0036854       0.013159       
21         48         0.02597         0.04423        
21         49         0.099021        0.16424        
21         50         0.13156         0.11592        
21         51         0.065929        0.092003       
21         52         0.084457        0.13405        
21         53         0.0049299       0.020714       
21         54         0.17202         0.15433        
21         55         0.073508        0.087709       
21         56         0.13516         0.15872        
21         57         0.0068833       0.031566       
21         58         0.061668        0.098591       
21         59         0.1771          0.21064        
21         60         0.027324        0.055134       
21         61         0.081353        0.14323        
21         62         0.11783         0.12229        
21         63         0.10345         0.18481        
21         64         0.14211         0.10658        
21         65         0.13171         0.11881        
21         66         0.11232         0.10755        
21         67         0.054902        0.096262       
21         68         0.088323        0.16904        
21         69         0.0833          0.15498        
21         70         0.015572        0.05144        
21         71         0.12035         0.098851       
21         72         0.058966        0.085451       
21         73         0.083951        0.098921       
21         74         0.39748         0.29375        
21         75         0.030637        0.065412       
21         76         0.024598        0.059366       
21         77         0.67256         0.57397        
21         78         0.09685         0.16632        
21         79         0.086319        0.10169        
21         80         0.3912          0.53599        
21         81         0.054398        0.084487       
21         82         0.3118          0.24539        
21         83         0.088593        0.095961       
21         84         0.037666        0.079772       
21         85         0.055585        0.10557        
21         86         0.052577        0.097206       
21         87         0.039069        0.10839        
21         88         0.054379        0.10426        
21         89         0.43678         0.53415        
21         90         0.26446         0.30969        
21         91         0.076799        0.12618        
21         92         0.51073         0.5213         
21         93         0.50985         0.50382        
21         94         0.0698          0.13476        
21         95         0.2453          0.21006        
21         96         0.35151         0.42651        
21         97         0.058452        0.15525        
21         98         0.11203         0.21888        
21         99         0.16269         0.23989        
21         100        0.16226         0.30527        
21         101        0.209           0.27559        
21         102        0.28404         0.21613        
21         103        0.15251         0.2449         
21         104        0.21572         0.17965        
21         105        0.061551        0.11696        
21         106        0.08793         0.14014        
21         107        0.40132         0.4086         
21         108        0.15019         0.18242        
21         109        0.31698         0.45724        
21         110        0.074887        0.10729        
21         111        0.10596         0.12849        
21         112        0.31863         0.46791        
21         113        0.20252         0.17556        
21         114        0.10147         0.10568        
21         115        0.070293        0.092422       
21         116        0.15325         0.15807        
21         117        0.16219         0.13899        
21         118        0.38227         0.50492        
21         119        0.1771          0.22035        
21         120        0.1             0.10925        
21         121        0.34            0.28391        
21         122        0.13101         0.13444        
21         123        0.065046        0.079257       
21         124        0.0251          0.13236        
21         125        0.25239         0.21088        
21         126        0.18906         0.27965        
21         127        0.53511         0.63736        
21         128        0.053869        0.083179       
21         129        0.58802         0.61596        
21         130        0.055649        0.24872        
21         131        0.024118        0.19147        
21         132        0.10755         0.11143        
21         133        0.68463         0.54826        
21         134        0.29721         0.21733        
21         135        0.33925         0.26035        
21         136        0.099513        0.11317        
21         137        0.1118          0.11254        
21         138        0.047333        0.10625        
21         139        0.28951         0.28379        
21         140        0.20678         0.20877        
21         141        0.062057        0.08946        
21         142        0.52013         0.70156        
21         143        0.078067        0.088737       
21         144        0.10811         0.10225        
21         145        0.33574         0.58961        
21         146        0.090177        0.092993       
21         147        0.043161        0.14252        
21         148        0.14529         0.12336        
21         149        0.075212        0.087569       
21         150        0.11772         0.18197        
22         0          0.13622         0.2226         
22         1          0.10274         0.16294        
22         2          0.064001        0.08253        
22         3          0.088697        0.14708        
22         4          0.18056         0.20946        
22         5          0.75342         0.69942        
22         6          0.14376         0.29145        
22         7          0.10199         0.15034        
22         8          0.2054          0.32217        
22         9          0.29533         0.61805        
22         10         0.45787         0.74504        
22         11         0.075404        0.18261        
22         12         0.096044        0.11543        
22         13         0.10506         0.15162        
22         14         0.16231         0.25984        
22         15         0.22271         0.28958        
22         16         0.13325         0.17725        
22         17         0.090523        0.14371        
22         18         0.064305        0.14006        
22         19         0.21647         0.29448        
22         20         0.107           0.27209        
22         21         0.18684         0.30284        
22         22         0.082461        0.11329        
22         23         0.19423         0.2012         
22         24         0.082227        0.21504        
22         25         0.021599        0.055913       
22         26         0.020055        0.050106       
22         27         0.015855        0.044073       
22         28         0.24157         0.25528        
22         29         0.17357         0.1836         
22         30         0.2187          0.2579         
22         31         0.0090057       0.035541       
22         32         0.062836        0.095344       
22         33         0.19787         0.20442        
22         34         0.23094         0.23197        
22         35         0.17281         0.19306        
22         36         0.024926        0.066186       
22         37         0.065707        0.12602        
22         38         0.10537         0.14432        
22         39         0.0088764       0.020538       
22         40         0.11418         0.13441        
22         41         0.0080554       0.020526       
22         42         0.12376         0.16417        
22         43         0.16009         0.16791        
22         44         0.046187        0.067866       
22         45         0.019256        0.034197       
22         46         0.032031        0.042623       
22         47         0.025992        0.042171       
22         48         0.0061449       0.011835       
22         49         0.091535        0.1517         
22         50         0.0098732       0.01566        
22         51         0.0075488       0.014832       
22         52         0.016521        0.038565       
22         53         0.01461         0.021192       
22         54         0.097317        0.12029        
22         55         0.018271        0.03769        
22         56         0.019634        0.034149       
22         57         0.066051        0.086948       
22         58         0.0064638       0.011867       
22         59         0.069599        0.12289        
22         60         0.075733        0.098947       
22         61         0.099267        0.15482        
22         62         0.022295        0.026481       
22         63         0.0098617       0.020192       
22         64         0.010404        0.015857       
22         65         0.070555        0.081545       
22         66         0.080963        0.15199        
22         67         0.050881        0.082732       
22         68         0.017433        0.036631       
22         69         0.033036        0.052495       
22         70         0.083016        0.13429        
22         71         0.064087        0.11939        
22         72         0.088397        0.11298        
22         73         0.024422        0.044848       
22         74         0.058855        0.097598       
22         75         0.18606         0.14331        
22         76         0.020025        0.045004       
22         77         0.066288        0.084589       
22         78         0.086482        0.10166        
22         79         0.026478        0.049361       
22         80         0.083441        0.10039        
22         81         0.36761         0.29534        
22         82         0.039982        0.060117       
22         83         0.68051         0.58167        
22         84         0.061338        0.070027       
22         85         0.17907         0.14337        
22         86         0.42167         0.51128        
22         87         0.089268        0.10329        
22         88         0.27692         0.22285        
22         89         0.58079         0.52752        
22         90         0.052374        0.064701       
22         91         0.073367        0.073628       
22         92         0.144           0.2516         
22         93         0.066755        0.069813       
22         94         0.076046        0.10103        
22         95         0.11629         0.22355        
22         96         0.08252         0.10375        
22         97         0.13562         0.29081        
22         98         0.11874         0.12363        
22         99         0.3668          0.50161        
22         100        0.44291         0.51801        
22         101        0.4109          0.48696        
22         102        0.065247        0.12183        
22         103        0.075831        0.19895        
22         104        0.14059         0.14638        
22         105        0.38088         0.38385        
22         106        0.072042        0.20109        
22         107        0.32303         0.30974        
22         108        0.1099          0.25088        
22         109        0.24312         0.21889        
22         110        0.064979        0.11664        
22         111        0.070151        0.19038        
22         112        0.18554         0.28447        
22         113        0.29699         0.28655        
22         114        0.24311         0.33309        
22         115        0.089926        0.21243        
22         116        0.29771         0.2842         
22         117        0.26208         0.23784        
22         118        0.11164         0.19273        
22         119        0.087704        0.18703        
22         120        0.056619        0.14439        
22         121        0.044205        0.10193        
22         122        0.42652         0.40995        
22         123        0.06585         0.10263        
22         124        0.33861         0.33988        
22         125        0.34169         0.3473         
22         126        0.33462         0.34272        
22         127        0.42772         0.41623        
22         128        0.18758         0.16803        
22         129        0.064122        0.095128       
22         130        0.05582         0.10191        
22         131        0.41199         0.44281        
22         132        0.4003          0.39083        
22         133        0.12119         0.13776        
22         134        0.047462        0.088364       
22         135        0.44589         0.43547        
22         136        0.052621        0.085561       
22         137        0.45628         0.488          
22         138        0.15314         0.16093        
22         139        0.45924         0.52057        
22         140        0.36273         0.39417        
22         141        0.45257         0.50089        
22         142        0.25544         0.30111        
22         143        0.46658         0.54411        
22         144        0.050007        0.075784       
22         145        0.13167         0.21636        
22         146        0.28042         0.27312        
22         147        0.13389         0.12798        
22         148        0.21001         0.23799        
22         149        0.1357          0.17164        
22         150        0.033498        0.076471       
22         151        0.47774         0.5961         
22         152        0.53579         0.48604        
22         153        0.058402        0.075456       
22         154        0.045815        0.12968        
22         155        0.10826         0.20211        
22         156        0.37635         0.50062        
22         157        0.069002        0.10631        
22         158        0.35957         0.52607        
22         159        0.10026         0.21212        
22         160        0.29626         0.36164        
22         161        0.023142        0.1071         
22         162        0.027501        0.097283       
22         163        0.73712         0.66241        
22         164        0.052914        0.098669       
22         165        0.18384         0.28624        
22         166        0.054975        0.094622       
22         167        0.023006        0.12569        
22         168        0.24701         0.40796        
22         169        0.45444         0.65309        
22         170        0.17258         0.39837        
22         171        0.10871         0.19884        
22         172        0.075333        0.085554       
22         173        0.055797        0.082224       
22         174        0.052286        0.097527       
22         175        0.34912         0.5616         
22         176        0.032645        0.12644        
22         177        0.049738        0.085774       
22         178        0.1815          0.38356        
22         179        0.04672         0.091135       
22         180        0.031728        0.113          
24         0          0.066454        0.056639       
24         1          0.058063        0.13738        
24         2          0.07132         0.058136       
24         3          0.14888         0.19952        
24         4          0.18697         0.28218        
24         5          0.069415        0.080162       
24         6          0.065369        0.18217        
24         7          0.081496        0.091434       
24         8          0.23779         0.20453        
24         9          0.24711         0.3277         
24         10         0.093477        0.089836       
24         11         0.21272         0.29863        
24         12         0.040504        0.087653       
24         13         0.068924        0.083173       
24         14         0.29964         0.3523         
24         15         0.19352         0.41711        
24         16         0.069997        0.08596        
24         17         0.21877         0.48699        
24         18         0.1342          0.1488         
24         19         0.20883         0.20611        
24         20         0.13127         0.15139        
24         21         0.33448         0.65469        
24         22         0.22436         0.28449        
24         23         0.12275         0.45613        
24         24         0.30146         0.4114         
24         25         0.17919         0.61008        
24         26         0.061568        0.18902        
24         27         0.18587         0.63964        
24         28         0.78262         0.86428        
24         29         0.083776        0.22846        
24         30         0.14858         0.54743        
24         31         0.11275         0.18882        
24         32         0.11952         0.2118         
24         33         0.15246         0.40609        
24         34         0.40866         0.47135        
24         35         0.7123          0.63457        
24         36         0.12536         0.23542        
24         37         0.16558         0.53092        
24         38         0.70543         0.6783         
24         39         0.133           0.1711         
24         40         0.54128         0.53757        
24         41         0.59994         0.60413        
24         42         0.31767         0.69676        
24         43         0.63051         0.6342         
24         44         0.50281         0.5038         
24         45         0.27065         0.42424        
24         46         0.54466         0.56989        
24         47         0.21412         0.34933        
24         48         0.075191        0.17984        
24         49         0.16837         0.23279        
24         50         0.37473         0.40822        
24         51         0.19071         0.28817        
24         52         0.26637         0.28612        
24         53         0.22592         0.45712        
24         54         0.14275         0.38036        
24         55         0.13348         0.15719        
24         56         0.019016        0.085677       
24         57         0.25478         0.45525        
24         58         0.22321         0.45325        
24         59         0.13924         0.35449        
24         60         0.15719         0.22788        
24         61         0.12202         0.1334         
24         62         0.16006         0.39832        
24         63         0.17173         0.26379        
24         64         0.13646         0.21806        
24         65         0.25693         0.40863        
24         66         0.015276        0.065794       
24         67         0.10168         0.12406        
24         68         0.096761        0.1535         
24         69         0.0084498       0.041589       
24         70         0.14505         0.23111        
24         71         0.11655         0.15692        
24         72         0.03946         0.074005       
24         73         0.15988         0.28407        
24         74         0.11229         0.11379        
24         75         0.18272         0.39526        
24         76         0.048214        0.072455       
24         77         0.10776         0.12174        
24         78         0.01852         0.046557       
24         79         0.086501        0.1142         
24         80         0.19813         0.17215        
24         81         0.016053        0.04455        
24         82         0.11974         0.1803         
24         83         0.2226          0.25736        
24         84         0.032026        0.058224       
24         85         0.069316        0.09921        
24         86         0.19964         0.21854        
24         87         0.1109          0.26718        
24         88         0.11256         0.33944        
24         89         0.13345         0.15688        
24         90         0.042648        0.063182       
24         91         0.12244         0.31399        
24         92         0.13932         0.16181        
24         93         0.11449         0.21533        
24         94         0.061744        0.073794       
24         95         0.050607        0.064965       
24         96         0.18419         0.1755         
24         97         0.39679         0.39475        
24         98         0.15213         0.14266        
24         99         0.64042         0.42797        
24         100        0.079381        0.064234       
24         101        0.33531         0.18604        
24         102        0.30602         0.26027        
24         103        0.21196         0.14482        
24         104        0.11854         0.099773       
24         105        0.061081        0.23316        
24         106        0.71788         0.55151        
24         107        0.090732        0.13352        
24         108        0.79993         0.76798        
24         109        0.72467         0.56404        
24         110        0.66623         0.48928        
24         111        0.12274         0.086317       
24         112        0.11875         0.08173        
24         113        0.41537         0.24427        
24         114        0.82631         0.84489        
24         115        0.68977         0.70003        
24         116        0.040129        0.12124        
24         117        0.61711         0.62746        
24         118        0.098752        0.25228        
24         119        0.40819         0.31493        
24         120        0.50427         0.50042        
24         121        0.50786         0.52492        
24         122        0.44546         0.24164        
24         123        0.47657         0.48276        
24         124        0.02967         0.09687        
24         125        0.43851         0.40403        
24         126        0.24045         0.1358         
24         127        0.7585          0.46971        
24         128        0.276           0.18996        
24         129        0.34974         0.30032        
24         130        0.43697         0.43627        
24         131        0.17133         0.47642        
24         132        0.4086          0.39162        
24         133        0.23177         0.177          
24         134        0.197           0.45132        
24         135        0.46754         0.33581        
24         136        0.49398         0.31261        
24         137        0.27844         0.18824        
24         138        0.48262         0.66815        
24         139        0.091878        0.051382       
24         140        0.24551         0.12294        
24         141        0.12182         0.062542       
24         142        0.069094        0.088946       
24         143        0.081742        0.042884       
24         144        0.23444         0.67608        
24         145        0.41217         0.29169        
24         146        0.29494         0.82789        
24         147        0.27908         0.81177        
24         148        0.04294         0.045743       
24         149        0.41597         0.35906        
24         150        0.33878         0.46174        
24         151        0.46144         0.37806        
24         152        0.2671          0.56137        
24         153        0.55183         0.35188        
24         154        0.3456          0.15094        
24         155        0.37784         0.42332        
24         156        0.34045         0.45601        
24         157        0.5203          0.36101        
25         0          0.072943        0.1466         
25         1          0.15662         0.24296        
25         2          0.091768        0.14698        
25         3          0.027632        0.062977       
25         4          0.033968        0.072804       
25         5          0.17803         0.22652        
25         6          0.1833          0.25279        
25         7          0.030845        0.064905       
25         8          0.033766        0.069541       
25         9          0.048644        0.095836       
25         10         0.26332         0.32955        
25         11         0.22237         0.34766        
25         12         0.13078         0.16044        
25         13         0.22904         0.26263        
25         14         0.69748         0.67481        
25         15         0.38042         0.31064        
25         16         0.47376         0.52563        
25         17         0.5026          0.48236        
25         18         0.53466         0.56602        
25         19         0.43955         0.59494        
25         20         0.36768         0.49746        
25         21         0.58686         0.4895         
25         22         0.39372         0.32575        
25         23         0.29656         0.20705        
25         24         0.69557         0.77277        
25         25         0.36676         0.39286        
25         26         0.69013         0.6259         
25         27         0.55422         0.73817        
25         28         0.33007         0.23245        
25         29         0.49849         0.67954        
25         30         0.50188         0.62421        
25         31         0.57981         0.38145        
25         32         0.56367         0.42166        
25         33         0.69081         0.66711        
25         34         0.39706         0.26235        
25         35         0.56896         0.44907        
25         36         0.55522         0.51985        
25         37         0.53154         0.55442        
25         38         0.12755         0.26617        
25         39         0.26452         0.40894        
25         40         0.17965         0.32155        
25         41         0.62044         0.33165        
25         42         0.55845         0.53011        
25         43         0.087956        0.22955        
25         44         0.3525          0.43232        
25         45         0.15657         0.25578        
25         46         0.38754         0.35897        
25         47         0.50312         0.40966        
25         48         0.29793         0.13088        
25         49         0.098422        0.16033        
25         50         0.18056         0.26932        
25         51         0.47742         0.42113        
25         52         0.33546         0.20577        
25         53         0.21484         0.31488        
25         54         0.14061         0.20936        
25         55         0.17213         0.25188        
25         56         0.17289         0.14754        
25         57         0.21077         0.1804         
25         58         0.065321        0.10481        
25         59         0.1536          0.10079        
25         60         0.18167         0.16209        
25         61         0.10545         0.1036         
25         62         0.14765         0.13481        
25         63         0.095478        0.14936        
25         64         0.089649        0.16385        
25         65         0.12999         0.11751        
25         66         0.23218         0.36856        
25         67         0.092866        0.076855       
25         68         0.12515         0.11532        
25         69         0.077211        0.17581        
25         70         0.15202         0.14981        
25         71         0.069556        0.14274        
25         72         0.10595         0.10492        
25         73         0.062948        0.045603       
25         74         0.11361         0.22383        
25         75         0.20542         0.29861        
25         76         0.073403        0.1356         
25         77         0.14742         0.17505        
25         78         0.032252        0.09587        
25         79         0.11526         0.15238        
25         80         0.12528         0.18006        
25         81         0.16159         0.1488         
25         82         0.039788        0.058785       
25         83         0.18068         0.23211        
25         84         0.18238         0.16215        
25         85         0.082488        0.061139       
25         86         0.033559        0.062763       
25         87         0.15693         0.24767        
25         88         0.27708         0.41694        
25         89         0.40524         0.38554        
25         90         0.17651         0.20629        
25         91         0.33886         0.25491        
25         92         0.19701         0.21938        
25         93         0.19544         0.21932        
25         94         0.035697        0.0795         
25         95         0.1777          0.128          
25         96         0.19877         0.12989        
25         97         0.22276         0.16536        
25         98         0.34058         0.25806        
25         99         0.65664         0.73501        
25         100        0.25361         0.18985        
25         101        0.9055          0.87597        
25         102        0.082422        0.075773       
25         103        0.23762         0.13427        
25         104        0.45001         0.56738        
25         105        0.26435         0.18586        
25         106        0.34658         0.34337        
25         107        0.26385         0.40115        
25         108        0.067658        0.081613       
25         109        0.13596         0.20317        
25         110        0.57391         0.7336         
25         111        0.4529          0.63393        
25         112        0.23187         0.21324        
25         113        0.31978         0.46007        
25         114        0.45553         0.48371        
25         115        0.057829        0.10999        
25         116        0.30985         0.51126        
25         117        0.17187         0.20861        
25         118        0.37401         0.53413        
25         119        0.38991         0.42793        
25         120        0.12447         0.097494       
25         121        0.31776         0.33341        
25         122        0.46682         0.50527        
25         123        0.26004         0.46214        
25         124        0.41228         0.46454        
25         125        0.25754         0.34348        
25         126        0.07166         0.13039        
25         127        0.050764        0.11517        
25         128        0.17176         0.25163        
25         129        0.038173        0.10379        
25         130        0.033446        0.16074        
25         131        0.022833        0.074919       
25         132        0.73479         0.66472        
25         133        0.48606         0.70991        
25         134        0.39506         0.59336        
25         135        0.042548        0.21244        
25         136        0.35266         0.53422        
25         137        0.010893        0.04546        
25         138        0.20328         0.31569        
25         139        0.27267         0.45465        
25         140        0.32501         0.55886        
25         141        0.027407        0.074195       
25         142        0.2914          0.52338        
26         0          0.095684        0.19532        
26         1          0.044952        0.15522        
26         2          0.013377        0.082613       
26         3          0.037704        0.075177       
26         4          0.038869        0.08073        
26         5          0.035527        0.076316       
26         6          0.024281        0.12264        
26         7          0.043329        0.083498       
26         8          0.023425        0.0912         
26         9          0.073117        0.18044        
26         10         0.10396         0.17917        
26         11         0.092578        0.19047        
26         12         0.066534        0.12163        
26         13         0.50553         0.51768        
26         14         0.089821        0.18899        
26         15         0.1602          0.23253        
26         16         0.23391         0.30196        
26         17         0.16044         0.20904        
26         18         0.39368         0.67826        
26         19         0.33916         0.39811        
26         20         0.12787         0.17756        
26         21         0.49822         0.64647        
26         22         0.35786         0.4404         
26         23         0.37598         0.48418        
26         24         0.44657         0.65776        
26         25         0.50222         0.71211        
26         26         0.28624         0.40164        
26         27         0.23031         0.27809        
26         28         0.2291          0.24049        
26         29         0.50266         0.67323        
26         30         0.37873         0.40301        
26         31         0.48676         0.65152        
26         32         0.41104         0.61818        
26         33         0.46846         0.64422        
26         34         0.38062         0.37086        
26         35         0.39589         0.42924        
26         36         0.35485         0.53235        
26         37         0.39471         0.41016        
26         38         0.1578          0.25532        
26         39         0.28712         0.45105        
26         40         0.34978         0.49956        
26         41         0.14992         0.22074        
26         42         0.43741         0.47487        
26         43         0.25493         0.42438        
26         44         0.14929         0.25641        
26         45         0.42292         0.42413        
26         46         0.23571         0.23271        
26         47         0.32729         0.35746        
26         48         0.13406         0.13238        
26         49         0.071091        0.16414        
26         50         0.33315         0.32783        
26         51         0.24257         0.27054        
26         52         0.20299         0.2053         
26         53         0.1305          0.15338        
26         54         0.035063        0.088925       
26         55         0.062149        0.11564        
26         56         0.11008         0.099694       
26         57         0.078042        0.19191        
26         58         0.073145        0.24706        
26         59         0.11144         0.13789        
26         60         0.46563         0.33279        
26         61         0.45273         0.34139        
26         62         0.05695         0.1673         
26         63         0.07496         0.1287         
26         64         0.48541         0.35525        
26         65         0.37374         0.29838        
26         66         0.066132        0.10207        
26         67         0.066203        0.11678        
26         68         0.067696        0.046834       
26         69         0.066619        0.11118        
26         70         0.39748         0.22449        
26         71         0.2269          0.1612         
26         72         0.080299        0.054761       
26         73         0.30791         0.2597         
26         74         0.12014         0.16661        
26         75         0.17797         0.17334        
26         76         0.10235         0.12334        
26         77         0.077887        0.058747       
26         78         0.25236         0.21555        
26         79         0.37027         0.37432        
26         80         0.22543         0.23915        
26         81         0.33184         0.34372        
26         82         0.37919         0.40203        
26         83         0.19723         0.22477        
26         84         0.28431         0.26836        
26         85         0.034202        0.060449       
26         86         0.093847        0.13455        
26         87         0.07547         0.12436        
26         88         0.16292         0.23677        
26         89         0.073079        0.12248        
26         90         0.65644         0.70719        
26         91         0.027604        0.07311        
26         92         0.075604        0.16147        
26         93         0.25953         0.40287        
26         94         0.0968          0.20348        
26         95         0.92829         0.88352        
26         96         0.074987        0.15899        
26         97         0.49885         0.60794        
26         98         0.056133        0.10673        
26         99         0.075296        0.17153        
26         100        0.075764        0.1546         
26         101        0.073688        0.13499        
26         102        0.096862        0.2118         
26         103        0.074054        0.070936       
26         104        0.065207        0.099563       
26         105        0.09662         0.16377        
26         106        0.072384        0.14281        
26         107        0.68398         0.6936         
26         108        0.21076         0.33319        
26         109        0.1081          0.20069        
26         110        0.61144         0.627          
26         111        0.18464         0.29872        
26         112        0.55299         0.53746        
26         113        0.09097         0.098929       
26         114        0.45591         0.4624         
26         115        0.32477         0.3565         
26         116        0.33138         0.24136        
26         117        0.38906         0.30743        
26         118        0.067066        0.11623        
26         119        0.45451         0.61212        
26         120        0.11904         0.13526        
26         121        0.051787        0.10335        
26         122        0.203           0.27925        
26         123        0.18616         0.27586        
26         124        0.53055         0.68877        
26         125        0.023815        0.072668       
26         126        0.31213         0.48425        
26         127        0.41626         0.71494        
26         128        0.19789         0.2366         
26         129        0.12028         0.19054        
26         130        0.0070468       0.042146       
26         131        0.14849         0.22242        
26         132        0.0048352       0.054929       
26         133        0.46224         0.90576        
26         134        0.012159        0.050082       
26         135        0.41604         0.43875        
26         136        0.069866        0.17776        
26         137        0.24101         0.49843        
26         138        0.041238        0.13109        
26         139        0.011934        0.055947       
26         140        0.076753        0.19585        
26         141        0.35812         0.65127        
27         0          0.029713        0.073001       
27         1          0.17082         0.15617        
27         2          0.13069         0.20138        
27         3          0.03498         0.079977       
27         4          0.074857        0.085238       
27         5          0.32444         0.25194        
27         6          0.085176        0.097317       
27         7          0.10587         0.1211         
27         8          0.088149        0.22236        
27         9          0.10802         0.2468         
27         10         0.19718         0.1989         
27         11         0.20494         0.39632        
27         12         0.31465         0.36641        
27         13         0.154           0.27837        
27         14         0.59863         0.41494        
27         15         0.58048         0.86668        
27         16         0.20713         0.1549         
27         17         0.31571         0.55136        
27         18         0.20275         0.33085        
27         19         0.1416          0.5985         
27         20         0.4643          0.28443        
27         21         0.13511         0.15786        
27         22         0.18267         0.40253        
27         23         0.25383         0.69789        
27         24         0.15346         0.20119        
27         25         0.19468         0.24509        
27         26         0.23926         0.3129         
27         27         0.24175         0.37383        
27         28         0.22775         0.37886        
27         29         0.28273         0.30121        
27         30         0.22433         0.25793        
27         31         0.23062         0.31183        
27         32         0.084431        0.6489         
27         33         0.24093         0.34593        
27         34         0.31136         0.48759        
27         35         0.13651         0.396          
27         36         0.16494         0.20577        
27         37         0.29382         0.42737        
27         38         0.27086         0.41709        
27         39         0.35849         0.43733        
27         40         0.13707         0.33176        
27         41         0.12341         0.12745        
27         42         0.28891         0.25134        
27         43         0.30668         0.23487        
27         44         0.10022         0.34676        
27         45         0.28922         0.20377        
27         46         0.086849        0.068556       
27         47         0.060344        0.18989        
27         48         0.28791         0.29776        
27         49         0.064369        0.12698        
27         50         0.17344         0.28962        
27         51         0.21724         0.12511        
27         52         0.27929         0.26062        
27         53         0.088303        0.059493       
27         54         0.082584        0.11429        
27         55         0.11514         0.13857        
27         56         0.25083         0.24242        
27         57         0.14028         0.081586       
27         58         0.079769        0.22696        
27         59         0.12577         0.2172         
27         60         0.093046        0.231          
27         61         0.024831        0.053211       
27         62         0.019379        0.08519        
27         63         0.061774        0.14263        
27         64         0.025504        0.060872       
27         65         0.086251        0.19831        
27         66         0.20293         0.23189        
27         67         0.07786         0.20272        
27         68         0.10687         0.14702        
27         69         0.062521        0.16856        
27         70         0.10945         0.19904        
27         71         0.074533        0.13854        
27         72         0.059199        0.062595       
27         73         0.086587        0.14394        
27         74         0.37965         0.46508        
27         75         0.14174         0.20149        
27         76         0.073006        0.13717        
27         77         0.022777        0.067027       
27         78         0.033987        0.057263       
27         79         0.17043         0.29929        
27         80         0.13652         0.23153        
27         81         0.07399         0.099959       
27         82         0.61441         0.55288        
27         83         0.15825         0.36268        
27         84         0.042994        0.076473       
27         85         0.16225         0.1883         
27         86         0.14853         0.19832        
27         87         0.12229         0.21142        
27         88         0.30928         0.57854        
27         89         0.17586         0.45104        
27         90         0.11863         0.27988        
27         91         0.74802         0.46088        
27         92         0.10531         0.13364        
27         93         0.4068          0.47662        
27         94         0.10707         0.15243        
27         95         0.20309         0.27286        
27         96         0.097298        0.11503        
27         97         0.093361        0.11788        
27         98         0.091404        0.1063         
27         99         0.69095         0.46767        
27         100        0.51764         0.43114        
27         101        0.18573         0.29472        
27         102        0.4349          0.4189         
27         103        0.3703          0.40223        
27         104        0.3083          0.38396        
27         105        0.21636         0.32855        
27         106        0.14138         0.24249        
27         107        0.49845         0.46088        
27         108        0.062781        0.097885       
27         109        0.44357         0.79515        
27         110        0.64501         0.51992        
27         111        0.041546        0.051176       
27         112        0.3845          0.66984        
27         113        0.088511        0.15433        
27         114        0.027683        0.02709        
27         115        0.31234         0.42563        
27         116        0.43765         0.9486         
27         117        0.099608        0.20496        
27         118        0.08772         0.17468        
27         119        0.084109        0.1548         
27         120        0.34091         0.56365        
27         121        0.045449        0.0717         
27         122        0.054265        0.11789        
27         123        0.39384         0.88382        
27         124        0.22608         0.37289        
27         125        0.020395        0.016968       
27         126        0.035057        0.081749       
28         0          0.049257        0.072088       
28         1          0.046662        0.076672       
28         2          0.19993         0.19964        
28         3          0.13255         0.12759        
28         4          0.10753         0.11286        
28         5          0.16752         0.15943        
28         6          0.1409          0.14571        
28         7          0.1054          0.14582        
28         8          0.071557        0.12647        
28         9          0.30977         0.22249        
28         10         0.27813         0.27507        
28         11         0.30326         0.53393        
28         12         0.11068         0.18541        
28         13         0.62549         0.45677        
28         14         0.11836         0.21617        
28         15         0.091044        0.09222        
28         16         0.095408        0.11901        
28         17         0.52848         0.47094        
28         18         0.45608         0.43463        
28         19         0.5549          0.85176        
28         20         0.43486         0.36241        
28         21         0.17059         0.24539        
28         22         0.33152         0.37404        
28         23         0.7748          0.42905        
28         24         0.37371         0.42497        
28         25         0.63053         0.52594        
28         26         0.60192         0.50232        
28         27         0.26452         0.31456        
28         28         0.95076         0.64233        
28         29         0.69554         0.55749        
28         30         0.13887         0.28772        
28         31         0.18954         0.31663        
28         32         0.38671         0.37493        
28         33         0.36015         0.37401        
28         34         0.92539         0.60508        
28         35         0.70844         0.70707        
28         36         0.67586         0.70381        
28         37         0.51751         0.48809        
28         38         0.15744         0.30751        
28         39         0.48324         0.46428        
28         40         0.26735         0.3677         
28         41         0.15878         0.25951        
28         42         0.19087         0.27011        
28         43         0.47085         0.48858        
28         44         0.34758         0.44202        
28         45         0.12822         0.26857        
28         46         0.47377         0.35524        
28         47         0.27466         0.46028        
28         48         0.27568         0.37265        
28         49         0.26217         0.33912        
28         50         0.058583        0.25037        
28         51         0.051377        0.10432        
28         52         0.051542        0.23061        
28         53         0.070743        0.28681        
28         54         0.058713        0.090236       
28         55         0.1633          0.28031        
28         56         0.083864        0.12741        
28         57         0.17289         0.27235        
28         58         0.069459        0.09111        
28         59         0.10743         0.24165        
28         60         0.064052        0.086738       
28         61         0.14676         0.12894        
28         62         0.063996        0.20428        
28         63         0.057539        0.10223        
28         64         0.073971        0.16417        
28         65         0.062761        0.20236        
28         66         0.07992         0.1549         
28         67         0.029879        0.066104       
28         68         0.38273         0.29648        
28         69         0.075756        0.095904       
28         70         0.19054         0.28217        
28         71         0.058169        0.19559        
28         72         0.10712         0.12817        
28         73         0.12699         0.2352         
28         74         0.049574        0.14655        
28         75         0.067115        0.15499        
28         76         0.23844         0.22789        
28         77         0.072729        0.16423        
28         78         0.34332         0.42365        
28         79         0.097144        0.16013        
28         80         0.29736         0.40529        
28         81         0.38027         0.47607        
28         82         0.082966        0.10604        
28         83         0.032133        0.054789       
28         84         0.068447        0.079745       
28         85         0.26378         0.27619        
28         86         0.64218         0.60583        
28         87         0.1814          0.2842         
28         88         0.02596         0.12971        
28         89         0.52673         0.59819        
28         90         0.021979        0.17718        
28         91         0.71272         0.76013        
28         92         0.034886        0.047316       
28         93         0.73521         0.80753        
28         94         0.69602         0.8252         
28         95         0.57469         0.67193        
28         96         0.3889          0.47786        
28         97         0.090525        0.12688        
28         98         0.44341         0.56557        
28         99         0.27588         0.28868        
28         100        0.10321         0.20779        
28         101        0.43443         0.54072        
28         102        0.16757         0.15506        
28         103        0.2478          0.27958        
28         104        0.15485         0.39932        
28         105        0.089809        0.12972        
28         106        0.093815        0.14002        
28         107        0.1461          0.41211        
28         108        0.13332         0.44186        
28         109        0.090885        0.13225        
28         110        0.81453         0.88094        
28         111        0.1024          0.14193        
28         112        0.10966         0.16096        
28         113        0.041892        0.02627        
28         114        0.10135         0.15365        
28         115        0.10679         0.35954        
28         116        0.42991         0.56225        
28         117        0.0066212       0.076472       
28         118        0.39307         0.32418        
28         119        0.67367         0.6345         
29         0          0.078315        0.09856        
29         1          0.083282        0.091087       
29         2          0.081199        0.086156       
29         3          0.10909         0.088738       
29         4          0.11811         0.092323       
29         5          0.051868        0.07683        
29         6          0.0904          0.22918        
29         7          0.10677         0.2682         
29         8          0.33195         0.1486         
29         9          0.15491         0.3764         
29         10         0.164           0.23482        
29         11         0.20278         0.46507        
29         12         0.26618         0.5295         
29         13         0.098686        0.12074        
29         14         0.74012         0.28899        
29         15         0.76213         0.46231        
29         16         0.24113         0.37269        
29         17         0.7882          0.42674        
29         18         0.20449         0.24426        
29         19         0.21241         0.31231        
29         20         0.35533         0.59518        
29         21         0.24051         0.36293        
29         22         0.26414         0.42719        
29         23         0.2213          0.42657        
29         24         0.17626         0.16107        
29         25         0.32438         0.66348        
29         26         0.60488         0.33196        
29         27         0.30951         0.51971        
29         28         0.67781         0.64567        
29         29         0.25774         0.31148        
29         30         0.32965         0.53901        
29         31         0.26064         0.33535        
29         32         0.36144         0.57771        
29         33         0.24391         0.37304        
29         34         0.45965         0.3739         
29         35         0.27182         0.35329        
29         36         0.45906         0.45403        
29         37         0.25732         0.26237        
29         38         0.26611         0.26768        
29         39         0.34838         0.29505        
29         40         0.35574         0.30581        
29         41         0.36243         0.36509        
29         42         0.40684         0.34067        
29         43         0.61701         0.54702        
29         44         0.25357         0.48247        
29         45         0.21448         0.22131        
29         46         0.26473         0.48026        
29         47         0.27937         0.26291        
29         48         0.56817         0.44187        
29         49         0.57002         0.45095        
29         50         0.36314         0.44469        
29         51         0.18865         0.22056        
29         52         0.50239         0.36388        
29         53         0.15521         0.19725        
29         54         0.17057         0.18796        
29         55         0.80716         0.29977        
29         56         0.47882         0.47036        
29         57         0.33352         0.17585        
29         58         0.37188         0.37719        
29         59         0.32527         0.22002        
29         60         0.076474        0.085691       
29         61         0.11207         0.10554        
29         62         0.31088         0.29947        
29         63         0.10114         0.12719        
29         64         0.29416         0.13411        
29         65         0.26355         0.27872        
29         66         0.30453         0.24923        
29         67         0.20284         0.27101        
29         68         0.065119        0.085358       
29         69         0.089492        0.10545        
29         70         0.079657        0.06212        
29         71         0.18253         0.17234        
29         72         0.22675         0.092904       
29         73         0.13935         0.21683        
29         74         0.22731         0.1379         
29         75         0.21416         0.16439        
29         76         0.12713         0.20102        
29         77         0.11465         0.20164        
29         78         0.13592         0.14197        
29         79         0.039322        0.15608        
29         80         0.017145        0.069294       
29         81         0.23784         0.25626        
29         82         0.27395         0.32301        
29         83         0.011754        0.093241       
29         84         0.17262         0.19884        
29         85         0.057644        0.15011        
29         86         0.074067        0.19612        
29         87         0.40616         0.25713        
29         88         0.42694         0.46557        
29         89         0.056839        0.14413        
29         90         0.36147         0.24636        
29         91         0.51837         0.58592        
29         92         0.36992         0.3567         
29         93         0.008004        0.056666       
29         94         0.031111        0.081645       
29         95         0.013516        0.1792         
29         96         0.0077049       0.14268        
29         97         0.055571        0.13649        
29         98         0.0056486       0.069314       
29         99         0.32691         0.29439        
29         100        0.56892         0.34134        
29         101        0.0065557       0.065533       
29         102        0.53871         0.61439        
29         103        0.67464         0.84198        
29         104        0.044904        0.087035       
29         105        0.21461         0.32516        
29         106        0.18732         0.29984        
29         107        0.56591         0.67469        
29         108        0.049948        0.12519        
29         109        0.21654         0.34151        
29         110        0.045671        0.13385        
29         111        0.06623         0.3168         
29         112        0.48748         0.43381        
29         113        0.13925         0.22495        
29         114        0.084924        0.1591         
29         115        0.070859        0.21008        
29         116        0.42639         0.42734        
29         117        0.24751         0.30695        
29         118        0.16399         0.48254        
29         119        0.36775         0.42508        
29         120        0.028195        0.13633        
29         121        0.37752         0.43062        
29         122        0.30883         0.40953        
29         123        0.060676        0.10515        
29         124        0.30281         0.71908        
29         125        0.33606         0.43463        
29         126        0.022937        0.13634        
29         127        0.3571          0.47665        
29         128        0.029732        0.14495        
29         129        0.046839        0.17011        
29         130        0.37476         0.50955        
29         131        0.49324         0.48144        
29         132        0.021012        0.025965       
29         133        0.34386         0.43848        
29         134        0.087032        0.36061        
29         135        0.020104        0.13579        
29         136        0.32889         0.74237        
29         137        0.37888         0.48776        
29         138        0.4316          0.41737        
29         139        0.01643         0.025789       
30         0          0.048952        0.30359        
30         1          0.012597        0.092082       
30         2          0.043907        0.10687        
30         3          0.090486        0.17413        
30         4          0.014857        0.10226        
30         5          0.23028         0.28162        
30         6          0.022107        0.14494        
30         7          0.086947        0.21749        
30         8          0.077706        0.10346        
30         9          0.12825         0.15366        
30         10         0.25429         0.26965        
30         11         0.21112         0.39086        
30         12         0.10728         0.26307        
30         13         0.081315        0.1132         
30         14         0.059199        0.10057        
30         15         0.18957         0.34157        
30         16         0.52379         0.40162        
30         17         0.33423         0.32994        
30         18         0.18878         0.42239        
30         19         0.64532         0.49735        
30         20         0.083217        0.13513        
30         21         0.30125         0.48743        
30         22         0.078818        0.59559        
30         23         0.3324          0.36582        
30         24         0.69734         0.59513        
30         25         0.37934         0.55946        
30         26         0.11279         0.65125        
30         27         0.71261         0.55239        
30         28         0.19074         0.32988        
30         29         0.29977         0.32182        
30         30         0.17475         0.43846        
30         31         0.34169         0.33931        
30         32         0.77354         0.61544        
30         33         0.36087         0.36051        
30         34         0.21263         0.29839        
30         35         0.20616         0.27725        
30         36         0.32069         0.39313        
30         37         0.44985         0.49505        
30         38         0.13156         0.26518        
30         39         0.2305          0.35361        
30         40         0.017299        0.16803        
30         41         0.084844        0.15917        
30         42         0.11894         0.21794        
30         43         0.29529         0.31841        
30         44         0.019935        0.066445       
30         45         0.28943         0.29087        
30         46         0.17888         0.29981        
30         47         0.36276         0.40985        
30         48         0.075623        0.13395        
30         49         0.3386          0.3717         
30         50         0.038592        0.092156       
30         51         0.05148         0.064889       
30         52         0.077428        0.11665        
30         53         0.084277        0.15679        
30         54         0.060414        0.12908        
30         55         0.32569         0.24206        
30         56         0.15386         0.24138        
30         57         0.061116        0.14418        
30         58         0.22873         0.19729        
30         59         0.087393        0.13051        
30         60         0.14308         0.24779        
30         61         0.084826        0.13432        
30         62         0.053713        0.10852        
30         63         0.18758         0.38489        
30         64         0.067317        0.27246        
30         65         0.079413        0.19636        
30         66         0.27813         0.26558        
30         67         0.16907         0.54528        
30         68         0.088581        0.31719        
30         69         0.2889          0.34148        
30         70         0.096516        0.18602        
30         71         0.17352         0.1551         
30         72         0.30963         0.32065        
30         73         0.028492        0.055379       
30         74         0.33727         0.64428        
30         75         0.05453         0.07263        
30         76         0.20385         0.19292        
30         77         0.24013         0.22054        
30         78         0.086404        0.16449        
30         79         0.1134          0.34732        
30         80         0.31726         0.89417        
30         81         0.25524         0.17225        
30         82         0.043877        0.11846        
30         83         0.39259         0.41999        
30         84         0.50582         0.38717        
30         85         0.3858          0.91527        
30         86         0.018152        0.084503       
30         87         0.37557         0.41972        
30         88         0.42084         0.41323        
30         89         0.6544          0.60061        
30         90         0.2318          0.60127        
30         91         0.55157         0.75454        
30         92         0.26144         0.39925        
30         93         0.033172        0.1471         
30         94         0.2604          0.1841         
30         95         0.25299         0.39462        
30         96         0.23083         0.38618        
30         97         0.33864         0.39261        
30         98         0.073779        0.15381        
30         99         0.23528         0.38606        
30         100        0.10006         0.14412        
30         101        0.38857         0.76211        
30         102        0.27838         0.40439        
30         103        0.32064         0.40206        
30         104        0.38927         0.72541        
30         105        0.12473         0.28027        
30         106        0.36856         0.65823        
30         107        0.039175        0.19846        
30         108        0.30451         0.41992        
30         109        0.12638         0.26396        
30         110        0.072197        0.15362        
30         111        0.28815         0.27064        
30         112        0.10329         0.21903        
30         113        0.13895         0.11656        
30         114        0.333           0.42057        
30         115        0.33729         0.44295        
30         116        0.33952         0.43217        
30         117        0.32658         0.38482        
30         118        0.3328          0.40721        
30         119        0.34768         0.4642         
30         120        0.33747         0.4201         
30         121        0.017911        0.025462       
30         122        0.014581        0.078201       
30         123        0.0161          0.023156       
30         124        0.027115        0.03958        
30         125        0.22025         0.20044        
30         126        0.011753        0.022632       
30         127        0.33958         0.42923        
30         128        0.4842          0.52652        
30         129        0.35465         0.4843         
30         130        0.86632         0.71019        
30         131        0.7248          0.78596        
30         132        0.29378         0.32631        
38         0          0.013486        0.060615       
38         1          0.079587        0.10547        
38         2          0.16303         0.13201        
38         3          0.16905         0.20771        
38         4          0.11732         0.091393       
38         5          0.117           0.10525        
38         6          0.13969         0.21588        
38         7          0.11371         0.11023        
38         8          0.1126          0.099967       
38         9          0.28467         0.23811        
38         10         0.10584         0.1433         
38         11         0.10651         0.45278        
38         12         0.12875         0.38034        
38         13         0.30608         0.20193        
38         14         0.13225         0.48567        
38         15         0.10904         0.21255        
38         16         0.38973         0.28438        
38         17         0.38328         0.28437        
38         18         0.11826         0.27592        
38         19         0.097824        0.22297        
38         20         0.20269         0.41359        
38         21         0.2309          0.44906        
38         22         0.29146         0.55296        
38         23         0.16035         0.32846        
38         24         0.32712         0.23976        
38         25         0.41967         0.55276        
38         26         0.50592         0.6            
38         27         0.098828        0.26249        
38         28         0.46084         0.36658        
38         29         0.39683         0.43611        
38         30         0.28867         0.59586        
38         31         0.42549         0.37098        
38         32         0.50622         0.45051        
38         33         0.42119         0.30454        
38         34         0.36574         0.36169        
38         35         0.55563         0.31319        
38         36         0.55848         0.4582         
38         37         0.53864         0.30183        
38         38         0.23987         0.28713        
38         39         0.13372         0.36261        
38         40         0.37483         0.4083         
38         41         0.20707         0.20253        
38         42         0.1833          0.40796        
38         43         0.076692        0.28249        
38         44         0.078639        0.25675        
38         45         0.18809         0.33247        
38         46         0.27752         0.14224        
38         47         0.11581         0.22439        
38         48         0.12155         0.15423        
38         49         0.33097         0.452          
38         50         0.39992         0.45299        
38         51         0.25816         0.3161         
38         52         0.56936         0.43428        
38         53         0.089515        0.1797         
38         54         0.073182        0.1612         
38         55         0.14011         0.07413        
38         56         0.079441        0.16161        
38         57         0.097766        0.064933       
38         58         0.2597          0.28856        
38         59         0.32413         0.17832        
38         60         0.075799        0.11991        
38         61         0.59885         0.33398        
38         62         0.072955        0.13024        
38         63         0.077902        0.078652       
38         64         0.24473         0.25065        
38         65         0.19552         0.13624        
38         66         0.21008         0.1498         
38         67         0.097629        0.15353        
38         68         0.50248         0.30502        
38         69         0.50875         0.25401        
38         70         0.23014         0.19952        
38         71         0.18172         0.15952        
38         72         0.12233         0.11164        
38         73         0.12844         0.13038        
38         74         0.24827         0.23885        
38         75         0.19837         0.093653       
38         76         0.20034         0.097412       
38         77         0.25972         0.19762        
38         78         0.24536         0.20175        
38         79         0.42589         0.38625        
38         80         0.24127         0.18432        
38         81         0.37415         0.21515        
38         82         0.24033         0.1113         
38         83         0.56848         0.52441        
38         84         0.20709         0.12918        
38         85         0.30487         0.15757        
38         86         0.50173         0.4132         
38         87         0.2087          0.16896        
38         88         0.36717         0.19473        
38         89         0.58157         0.55613        
38         90         0.62512         0.33312        
38         91         0.2464          0.16674        
38         92         0.23251         0.20088        
38         93         0.55256         0.51029        
38         94         0.4794          0.33876        
38         95         0.22878         0.069662       
38         96         0.22483         0.25812        
38         97         0.8664          0.7047         
38         98         0.19516         0.39937        
38         99         0.67481         0.75771        
38         100        0.16613         0.39077        
38         101        0.59779         0.5377         
38         102        0.2559          0.16519        
38         103        0.83769         0.92156        
38         104        0.9071          0.83802        
38         105        0.67245         0.44418        
38         106        0.18911         0.40325        
38         107        0.86877         0.80865        
38         108        0.7552          0.62973        
38         109        0.30489         0.39816        
38         110        0.45877         0.2982         
38         111        0.60237         0.48377        
38         112        0.47004         0.19193        
38         113        0.24259         0.37284        
38         114        0.46908         0.3835         
38         115        0.61211         0.17484        
38         116        0.49613         0.31624        
38         117        0.62476         0.23654        
38         118        0.40975         0.25603        
38         119        0.12877         0.082117       
38         120        0.062133        0.11765        
38         121        0.46903         0.2297         
38         122        0.6632          0.91181        
38         123        0.39482         0.39937        
38         124        0.70288         0.78757        
38         125        0.34191         0.24513        
38         126        0.12094         0.054684       
38         127        0.40079         0.3158         
38         128        0.019871        0.023191       
38         129        0.16683         0.2056         
38         130        0.36322         0.66344        
38         131        0.26873         0.32195        
38         132        0.29204         0.48132        
38         133        0.037534        0.022048       
